Region,Region Code,Province,Province Code,Municipality_City,Municipality_City Code,Number of Evacuation Center
Region I (Ilocos Region),PH010000000,Ilocos Norte,PH012800000,Adams,PH012801000,3
Region I (Ilocos Region),PH010000000,Ilocos Norte,PH012800000,Bacarra,PH012802000,3
Region I (Ilocos Region),PH010000000,Ilocos Norte,PH012800000,Badoc,PH012803000,1
Region I (Ilocos Region),PH010000000,Ilocos Norte,PH012800000,Bangui,PH012804000,0
Region I (Ilocos Region),PH010000000,Ilocos Norte,PH012800000,City of Batac,PH012805000,78
Region I (Ilocos Region),PH010000000,Ilocos Norte,PH012800000,Burgos,PH012806000,1
Region I (Ilocos Region),PH010000000,Ilocos Norte,PH012800000,Carasi,PH012807000,3
Region I (Ilocos Region),PH010000000,Ilocos Norte,PH012800000,Currimao,PH012808000,8
Region I (Ilocos Region),PH010000000,Ilocos Norte,PH012800000,Dingras,PH012809000,1
Region I (Ilocos Region),PH010000000,Ilocos Norte,PH012800000,Dumalneg,PH012810000,7
Region I (Ilocos Region),PH010000000,Ilocos Norte,PH012800000,Banna (Espiritu),PH012811000,1
Region I (Ilocos Region),PH010000000,Ilocos Norte,PH012800000,City of Laoag (Capital),PH012812000,11
Region I (Ilocos Region),PH010000000,Ilocos Norte,PH012800000,Marcos,PH012813000,2
Region I (Ilocos Region),PH010000000,Ilocos Norte,PH012800000,Nueva Era,PH012814000,2
Region I (Ilocos Region),PH010000000,Ilocos Norte,PH012800000,Pagudpud,PH012815000,13
Region I (Ilocos Region),PH010000000,Ilocos Norte,PH012800000,Paoay,PH012816000,1
Region I (Ilocos Region),PH010000000,Ilocos Norte,PH012800000,Pasuquin,PH012817000,36
Region I (Ilocos Region),PH010000000,Ilocos Norte,PH012800000,Piddig,PH012818000,45
Region I (Ilocos Region),PH010000000,Ilocos Norte,PH012800000,Pinili,PH012819000,3
Region I (Ilocos Region),PH010000000,Ilocos Norte,PH012800000,San Nicolas,PH012820000,37
Region I (Ilocos Region),PH010000000,Ilocos Norte,PH012800000,Sarrat,PH012821000,5
Region I (Ilocos Region),PH010000000,Ilocos Norte,PH012800000,Solsona,PH012822000,7
Region I (Ilocos Region),PH010000000,Ilocos Norte,PH012800000,Vintar,PH012823000,5
Region I (Ilocos Region),PH010000000,Ilocos Sur,PH012900000,Alilem,PH012901000,3
Region I (Ilocos Region),PH010000000,Ilocos Sur,PH012900000,Banayoyo,PH012902000,8
Region I (Ilocos Region),PH010000000,Ilocos Sur,PH012900000,Bantay,PH012903000,5
Region I (Ilocos Region),PH010000000,Ilocos Sur,PH012900000,Burgos,PH012904000,5
Region I (Ilocos Region),PH010000000,Ilocos Sur,PH012900000,Cabugao,PH012905000,3
Region I (Ilocos Region),PH010000000,Ilocos Sur,PH012900000,City of Candon,PH012906000,5
Region I (Ilocos Region),PH010000000,Ilocos Sur,PH012900000,Caoayan,PH012907000,5
Region I (Ilocos Region),PH010000000,Ilocos Sur,PH012900000,Cervantes,PH012908000,6
Region I (Ilocos Region),PH010000000,Ilocos Sur,PH012900000,Galimuyod,PH012909000,6
Region I (Ilocos Region),PH010000000,Ilocos Sur,PH012900000,Gregorio Del Pilar (Concepcion),PH012910000,22
Region I (Ilocos Region),PH010000000,Ilocos Sur,PH012900000,Lidlidda,PH012911000,6
Region I (Ilocos Region),PH010000000,Ilocos Sur,PH012900000,Magsingal,PH012912000,1
Region I (Ilocos Region),PH010000000,Ilocos Sur,PH012900000,Nagbukel,PH012913000,3
Region I (Ilocos Region),PH010000000,Ilocos Sur,PH012900000,Narvacan,PH012914000,2
Region I (Ilocos Region),PH010000000,Ilocos Sur,PH012900000,Quirino (Angkaki),PH012915000,42
Region I (Ilocos Region),PH010000000,Ilocos Sur,PH012900000,Salcedo (Baugen),PH012916000,1
Region I (Ilocos Region),PH010000000,Ilocos Sur,PH012900000,San Emilio,PH012917000,11
Region I (Ilocos Region),PH010000000,Ilocos Sur,PH012900000,San Esteban,PH012918000,6
Region I (Ilocos Region),PH010000000,Ilocos Sur,PH012900000,San Ildefonso,PH012919000,4
Region I (Ilocos Region),PH010000000,Ilocos Sur,PH012900000,San Juan (Lapog),PH012920000,31
Region I (Ilocos Region),PH010000000,Ilocos Sur,PH012900000,San Vicente,PH012921000,6
Region I (Ilocos Region),PH010000000,Ilocos Sur,PH012900000,Santa,PH012922000,4
Region I (Ilocos Region),PH010000000,Ilocos Sur,PH012900000,Santa Catalina,PH012923000,4
Region I (Ilocos Region),PH010000000,Ilocos Sur,PH012900000,Santa Cruz,PH012924000,5
Region I (Ilocos Region),PH010000000,Ilocos Sur,PH012900000,Santa Lucia,PH012925000,1
Region I (Ilocos Region),PH010000000,Ilocos Sur,PH012900000,Santa Maria,PH012926000,37
Region I (Ilocos Region),PH010000000,Ilocos Sur,PH012900000,Santiago,PH012927000,11
Region I (Ilocos Region),PH010000000,Ilocos Sur,PH012900000,Santo Domingo,PH012928000,2
Region I (Ilocos Region),PH010000000,Ilocos Sur,PH012900000,Sigay,PH012929000,1
Region I (Ilocos Region),PH010000000,Ilocos Sur,PH012900000,Sinait,PH012930000,5
Region I (Ilocos Region),PH010000000,Ilocos Sur,PH012900000,Sugpon,PH012931000,9
Region I (Ilocos Region),PH010000000,Ilocos Sur,PH012900000,Suyo,PH012932000,1
Region I (Ilocos Region),PH010000000,Ilocos Sur,PH012900000,Tagudin,PH012933000,13
Region I (Ilocos Region),PH010000000,Ilocos Sur,PH012900000,City of Vigan (Capital),PH012934000,20
Region I (Ilocos Region),PH010000000,La Union,PH013300000,Agoo,PH013301000,5
Region I (Ilocos Region),PH010000000,La Union,PH013300000,Aringay,PH013302000,1
Region I (Ilocos Region),PH010000000,La Union,PH013300000,Bacnotan,PH013303000,18
Region I (Ilocos Region),PH010000000,La Union,PH013300000,Bagulin,PH013304000,2
Region I (Ilocos Region),PH010000000,La Union,PH013300000,Balaoan,PH013305000,1
Region I (Ilocos Region),PH010000000,La Union,PH013300000,Bangar,PH013306000,1
Region I (Ilocos Region),PH010000000,La Union,PH013300000,Bauang,PH013307000,24
Region I (Ilocos Region),PH010000000,La Union,PH013300000,Burgos,PH013308000,2
Region I (Ilocos Region),PH010000000,La Union,PH013300000,Caba,PH013309000,2
Region I (Ilocos Region),PH010000000,La Union,PH013300000,Luna,PH013310000,6
Region I (Ilocos Region),PH010000000,La Union,PH013300000,Naguilian,PH013311000,1
Region I (Ilocos Region),PH010000000,La Union,PH013300000,Pugo,PH013312000,45
Region I (Ilocos Region),PH010000000,La Union,PH013300000,Rosario,PH013313000,34
Region I (Ilocos Region),PH010000000,La Union,PH013300000,City of San Fernando (Capital),PH013314000,1
Region I (Ilocos Region),PH010000000,La Union,PH013300000,San Gabriel,PH013315000,31
Region I (Ilocos Region),PH010000000,La Union,PH013300000,San Juan,PH013316000,8
Region I (Ilocos Region),PH010000000,La Union,PH013300000,Santo Tomas,PH013317000,9
Region I (Ilocos Region),PH010000000,La Union,PH013300000,Santol,PH013318000,12
Region I (Ilocos Region),PH010000000,La Union,PH013300000,Sudipen,PH013319000,9
Region I (Ilocos Region),PH010000000,La Union,PH013300000,Tubao,PH013320000,4
Region I (Ilocos Region),PH010000000,Pangasinan,PH015500000,Agno,PH015501000,23
Region I (Ilocos Region),PH010000000,Pangasinan,PH015500000,Aguilar,PH015502000,3
Region I (Ilocos Region),PH010000000,Pangasinan,PH015500000,City of Alaminos,PH015503000,49
Region I (Ilocos Region),PH010000000,Pangasinan,PH015500000,Alcala,PH015504000,4
Region I (Ilocos Region),PH010000000,Pangasinan,PH015500000,Anda,PH015505000,1
Region I (Ilocos Region),PH010000000,Pangasinan,PH015500000,Asingan,PH015506000,5
Region I (Ilocos Region),PH010000000,Pangasinan,PH015500000,Balungao,PH015507000,2
Region I (Ilocos Region),PH010000000,Pangasinan,PH015500000,Bani,PH015508000,8
Region I (Ilocos Region),PH010000000,Pangasinan,PH015500000,Basista,PH015509000,2
Region I (Ilocos Region),PH010000000,Pangasinan,PH015500000,Bautista,PH015510000,17
Region I (Ilocos Region),PH010000000,Pangasinan,PH015500000,Bayambang,PH015511000,13
Region I (Ilocos Region),PH010000000,Pangasinan,PH015500000,Binalonan,PH015512000,2
Region I (Ilocos Region),PH010000000,Pangasinan,PH015500000,Binmaley,PH015513000,3
Region I (Ilocos Region),PH010000000,Pangasinan,PH015500000,Bolinao,PH015514000,6
Region I (Ilocos Region),PH010000000,Pangasinan,PH015500000,Bugallon,PH015515000,4
Region I (Ilocos Region),PH010000000,Pangasinan,PH015500000,Burgos,PH015516000,16
Region I (Ilocos Region),PH010000000,Pangasinan,PH015500000,Calasiao,PH015517000,11
Region I (Ilocos Region),PH010000000,Pangasinan,PH015500000,City of Dagupan,PH015518000,21
Region I (Ilocos Region),PH010000000,Pangasinan,PH015500000,Dasol,PH015519000,18
Region I (Ilocos Region),PH010000000,Pangasinan,PH015500000,Infanta,PH015520000,4
Region I (Ilocos Region),PH010000000,Pangasinan,PH015500000,Labrador,PH015521000,10
Region I (Ilocos Region),PH010000000,Pangasinan,PH015500000,Lingayen (Capital),PH015522000,3
Region I (Ilocos Region),PH010000000,Pangasinan,PH015500000,Mabini,PH015523000,1
Region I (Ilocos Region),PH010000000,Pangasinan,PH015500000,Malasiqui,PH015524000,2
Region I (Ilocos Region),PH010000000,Pangasinan,PH015500000,Manaoag,PH015525000,5
Region I (Ilocos Region),PH010000000,Pangasinan,PH015500000,Mangaldan,PH015526000,4
Region I (Ilocos Region),PH010000000,Pangasinan,PH015500000,Mangatarem,PH015527000,7
Region I (Ilocos Region),PH010000000,Pangasinan,PH015500000,Mapandan,PH015528000,3
Region I (Ilocos Region),PH010000000,Pangasinan,PH015500000,Natividad,PH015529000,5
Region I (Ilocos Region),PH010000000,Pangasinan,PH015500000,Pozorrubio,PH015530000,4
Region I (Ilocos Region),PH010000000,Pangasinan,PH015500000,Rosales,PH015531000,1
Region I (Ilocos Region),PH010000000,Pangasinan,PH015500000,City of San Carlos,PH015532000,4
Region I (Ilocos Region),PH010000000,Pangasinan,PH015500000,San Fabian,PH015533000,3
Region I (Ilocos Region),PH010000000,Pangasinan,PH015500000,San Jacinto,PH015534000,4
Region I (Ilocos Region),PH010000000,Pangasinan,PH015500000,San Manuel,PH015535000,15
Region I (Ilocos Region),PH010000000,Pangasinan,PH015500000,San Nicolas,PH015536000,1
Region I (Ilocos Region),PH010000000,Pangasinan,PH015500000,San Quintin,PH015537000,1
Region I (Ilocos Region),PH010000000,Pangasinan,PH015500000,Santa Barbara,PH015538000,11
Region I (Ilocos Region),PH010000000,Pangasinan,PH015500000,Santa Maria,PH015539000,1
Region I (Ilocos Region),PH010000000,Pangasinan,PH015500000,Santo Tomas,PH015540000,2
Region I (Ilocos Region),PH010000000,Pangasinan,PH015500000,Sison,PH015541000,30
Region I (Ilocos Region),PH010000000,Pangasinan,PH015500000,Sual,PH015542000,19
Region I (Ilocos Region),PH010000000,Pangasinan,PH015500000,Tayug,PH015543000,13
Region I (Ilocos Region),PH010000000,Pangasinan,PH015500000,Umingan,PH015544000,1
Region I (Ilocos Region),PH010000000,Pangasinan,PH015500000,Urbiztondo,PH015545000,7
Region I (Ilocos Region),PH010000000,Pangasinan,PH015500000,City of Urdaneta,PH015546000,1
Region I (Ilocos Region),PH010000000,Pangasinan,PH015500000,Villasis,PH015547000,9
Region I (Ilocos Region),PH010000000,Pangasinan,PH015500000,Laoac,PH015548000,8
Region II (Cagayan Valley),PH020000000,Batanes,PH020900000,Basco (Capital),PH020901000,1
Region II (Cagayan Valley),PH020000000,Batanes,PH020900000,Itbayat,PH020902000,5
Region II (Cagayan Valley),PH020000000,Batanes,PH020900000,Ivana,PH020903000,1
Region II (Cagayan Valley),PH020000000,Batanes,PH020900000,Mahatao,PH020904000,5
Region II (Cagayan Valley),PH020000000,Batanes,PH020900000,Sabtang,PH020905000,6
Region II (Cagayan Valley),PH020000000,Batanes,PH020900000,Uyugan,PH020906000,8
Region II (Cagayan Valley),PH020000000,Cagayan,PH021500000,Abulug,PH021501000,1
Region II (Cagayan Valley),PH020000000,Cagayan,PH021500000,Alcala,PH021502000,1
Region II (Cagayan Valley),PH020000000,Cagayan,PH021500000,Allacapan,PH021503000,1
Region II (Cagayan Valley),PH020000000,Cagayan,PH021500000,Amulung,PH021504000,5
Region II (Cagayan Valley),PH020000000,Cagayan,PH021500000,Aparri,PH021505000,1
Region II (Cagayan Valley),PH020000000,Cagayan,PH021500000,Baggao,PH021506000,2
Region II (Cagayan Valley),PH020000000,Cagayan,PH021500000,Ballesteros,PH021507000,6
Region II (Cagayan Valley),PH020000000,Cagayan,PH021500000,Buguey,PH021508000,2
Region II (Cagayan Valley),PH020000000,Cagayan,PH021500000,Calayan,PH021509000,13
Region II (Cagayan Valley),PH020000000,Cagayan,PH021500000,Camalaniugan,PH021510000,12
Region II (Cagayan Valley),PH020000000,Cagayan,PH021500000,Claveria,PH021511000,1
Region II (Cagayan Valley),PH020000000,Cagayan,PH021500000,Enrile,PH021512000,27
Region II (Cagayan Valley),PH020000000,Cagayan,PH021500000,Gattaran,PH021513000,1
Region II (Cagayan Valley),PH020000000,Cagayan,PH021500000,Gonzaga,PH021514000,1
Region II (Cagayan Valley),PH020000000,Cagayan,PH021500000,Iguig,PH021515000,6
Region II (Cagayan Valley),PH020000000,Cagayan,PH021500000,Lal-Lo,PH021516000,5
Region II (Cagayan Valley),PH020000000,Cagayan,PH021500000,Lasam,PH021517000,2
Region II (Cagayan Valley),PH020000000,Cagayan,PH021500000,Pamplona,PH021518000,1
Region II (Cagayan Valley),PH020000000,Cagayan,PH021500000,Peñablanca,PH021519000,44
Region II (Cagayan Valley),PH020000000,Cagayan,PH021500000,Piat,PH021520000,1
Region II (Cagayan Valley),PH020000000,Cagayan,PH021500000,Rizal,PH021521000,8
Region II (Cagayan Valley),PH020000000,Cagayan,PH021500000,Sanchez-Mira,PH021522000,9
Region II (Cagayan Valley),PH020000000,Cagayan,PH021500000,Santa Ana,PH021523000,16
Region II (Cagayan Valley),PH020000000,Cagayan,PH021500000,Santa Praxedes,PH021524000,22
Region II (Cagayan Valley),PH020000000,Cagayan,PH021500000,Santa Teresita,PH021525000,1
Region II (Cagayan Valley),PH020000000,Cagayan,PH021500000,Santo Niño (Faire),PH021526000,1
Region II (Cagayan Valley),PH020000000,Cagayan,PH021500000,Solana,PH021527000,8
Region II (Cagayan Valley),PH020000000,Cagayan,PH021500000,Tuao,PH021528000,4
Region II (Cagayan Valley),PH020000000,Cagayan,PH021500000,Tuguegarao City (Capital),PH021529000,1
Region II (Cagayan Valley),PH020000000,Isabela,PH023100000,Alicia,PH023101000,20
Region II (Cagayan Valley),PH020000000,Isabela,PH023100000,Angadanan,PH023102000,63
Region II (Cagayan Valley),PH020000000,Isabela,PH023100000,Aurora,PH023103000,3
Region II (Cagayan Valley),PH020000000,Isabela,PH023100000,Benito Soliven,PH023104000,1
Region II (Cagayan Valley),PH020000000,Isabela,PH023100000,Burgos,PH023105000,17
Region II (Cagayan Valley),PH020000000,Isabela,PH023100000,Cabagan,PH023106000,12
Region II (Cagayan Valley),PH020000000,Isabela,PH023100000,Cabatuan,PH023107000,6
Region II (Cagayan Valley),PH020000000,Isabela,PH023100000,City of Cauayan,PH023108000,5
Region II (Cagayan Valley),PH020000000,Isabela,PH023100000,Cordon,PH023109000,22
Region II (Cagayan Valley),PH020000000,Isabela,PH023100000,Dinapigue,PH023110000,5
Region II (Cagayan Valley),PH020000000,Isabela,PH023100000,Divilacan,PH023111000,3
Region II (Cagayan Valley),PH020000000,Isabela,PH023100000,Echague,PH023112000,64
Region II (Cagayan Valley),PH020000000,Isabela,PH023100000,Gamu,PH023113000,3
Region II (Cagayan Valley),PH020000000,Isabela,PH023100000,City of Ilagan (Capital),PH023114000,15
Region II (Cagayan Valley),PH020000000,Isabela,PH023100000,Jones,PH023115000,0
Region II (Cagayan Valley),PH020000000,Isabela,PH023100000,Luna,PH023116000,20
Region II (Cagayan Valley),PH020000000,Isabela,PH023100000,Maconacon,PH023117000,3
Region II (Cagayan Valley),PH020000000,Isabela,PH023100000,Delfin Albano (Magsaysay),PH023118000,20
Region II (Cagayan Valley),PH020000000,Isabela,PH023100000,Mallig,PH023119000,6
Region II (Cagayan Valley),PH020000000,Isabela,PH023100000,Naguilian,PH023120000,3
Region II (Cagayan Valley),PH020000000,Isabela,PH023100000,Palanan,PH023121000,11
Region II (Cagayan Valley),PH020000000,Isabela,PH023100000,Quezon,PH023122000,2
Region II (Cagayan Valley),PH020000000,Isabela,PH023100000,Quirino,PH023123000,1
Region II (Cagayan Valley),PH020000000,Isabela,PH023100000,Ramon,PH023124000,0
Region II (Cagayan Valley),PH020000000,Isabela,PH023100000,Reina Mercedes,PH023125000,18
Region II (Cagayan Valley),PH020000000,Isabela,PH023100000,Roxas,PH023126000,20
Region II (Cagayan Valley),PH020000000,Isabela,PH023100000,San Agustin,PH023127000,24
Region II (Cagayan Valley),PH020000000,Isabela,PH023100000,San Guillermo,PH023128000,8
Region II (Cagayan Valley),PH020000000,Isabela,PH023100000,San Isidro,PH023129000,14
Region II (Cagayan Valley),PH020000000,Isabela,PH023100000,San Manuel,PH023130000,1
Region II (Cagayan Valley),PH020000000,Isabela,PH023100000,San Mariano,PH023131000,2
Region II (Cagayan Valley),PH020000000,Isabela,PH023100000,San Mateo,PH023132000,16
Region II (Cagayan Valley),PH020000000,Isabela,PH023100000,San Pablo,PH023133000,5
Region II (Cagayan Valley),PH020000000,Isabela,PH023100000,Santa Maria,PH023134000,14
Region II (Cagayan Valley),PH020000000,Isabela,PH023100000,City of Santiago,PH023135000,32
Region II (Cagayan Valley),PH020000000,Isabela,PH023100000,Santo Tomas,PH023136000,2
Region II (Cagayan Valley),PH020000000,Isabela,PH023100000,Tumauini,PH023137000,7
Region II (Cagayan Valley),PH020000000,Nueva Vizcaya,PH025000000,Ambaguio,PH025001000,11
Region II (Cagayan Valley),PH020000000,Nueva Vizcaya,PH025000000,Aritao,PH025002000,64
Region II (Cagayan Valley),PH020000000,Nueva Vizcaya,PH025000000,Bagabag,PH025003000,1
Region II (Cagayan Valley),PH020000000,Nueva Vizcaya,PH025000000,Bambang,PH025004000,4
Region II (Cagayan Valley),PH020000000,Nueva Vizcaya,PH025000000,Bayombong (Capital),PH025005000,1
Region II (Cagayan Valley),PH020000000,Nueva Vizcaya,PH025000000,Diadi,PH025006000,1
Region II (Cagayan Valley),PH020000000,Nueva Vizcaya,PH025000000,Dupax Del Norte,PH025007000,36
Region II (Cagayan Valley),PH020000000,Nueva Vizcaya,PH025000000,Dupax Del Sur,PH025008000,5
Region II (Cagayan Valley),PH020000000,Nueva Vizcaya,PH025000000,Kasibu,PH025009000,61
Region II (Cagayan Valley),PH020000000,Nueva Vizcaya,PH025000000,Kayapa,PH025010000,2
Region II (Cagayan Valley),PH020000000,Nueva Vizcaya,PH025000000,Quezon,PH025011000,1
Region II (Cagayan Valley),PH020000000,Nueva Vizcaya,PH025000000,Santa Fe,PH025012000,6
Region II (Cagayan Valley),PH020000000,Nueva Vizcaya,PH025000000,Solano,PH025013000,13
Region II (Cagayan Valley),PH020000000,Nueva Vizcaya,PH025000000,Villaverde,PH025014000,23
Region II (Cagayan Valley),PH020000000,Nueva Vizcaya,PH025000000,Alfonso Castaneda,PH025015000,2
Region II (Cagayan Valley),PH020000000,Quirino,PH025700000,Aglipay,PH025701000,0
Region II (Cagayan Valley),PH020000000,Quirino,PH025700000,Cabarroguis (Capital),PH025702000,6
Region II (Cagayan Valley),PH020000000,Quirino,PH025700000,Diffun,PH025703000,1
Region II (Cagayan Valley),PH020000000,Quirino,PH025700000,Maddela,PH025704000,1
Region II (Cagayan Valley),PH020000000,Quirino,PH025700000,Saguday,PH025705000,1
Region II (Cagayan Valley),PH020000000,Quirino,PH025700000,Nagtipunan,PH025706000,16
Region III (Central Luzon),PH030000000,Bataan,PH030800000,Abucay,PH030801000,1
Region III (Central Luzon),PH030000000,Bataan,PH030800000,Bagac,PH030802000,10
Region III (Central Luzon),PH030000000,Bataan,PH030800000,City of Balanga (Capital),PH030803000,3
Region III (Central Luzon),PH030000000,Bataan,PH030800000,Dinalupihan,PH030804000,18
Region III (Central Luzon),PH030000000,Bataan,PH030800000,Hermosa,PH030805000,2
Region III (Central Luzon),PH030000000,Bataan,PH030800000,Limay,PH030806000,2
Region III (Central Luzon),PH030000000,Bataan,PH030800000,Mariveles,PH030807000,9
Region III (Central Luzon),PH030000000,Bataan,PH030800000,Morong,PH030808000,1
Region III (Central Luzon),PH030000000,Bataan,PH030800000,Orani,PH030809000,2
Region III (Central Luzon),PH030000000,Bataan,PH030800000,Orion,PH030810000,2
Region III (Central Luzon),PH030000000,Bataan,PH030800000,Pilar,PH030811000,3
Region III (Central Luzon),PH030000000,Bataan,PH030800000,Samal,PH030812000,2
Region III (Central Luzon),PH030000000,Bulacan,PH031400000,Angat,PH031401000,7
Region III (Central Luzon),PH030000000,Bulacan,PH031400000,Balagtas (Bigaa),PH031402000,1
Region III (Central Luzon),PH030000000,Bulacan,PH031400000,Baliuag,PH031403000,8
Region III (Central Luzon),PH030000000,Bulacan,PH031400000,Bocaue,PH031404000,10
Region III (Central Luzon),PH030000000,Bulacan,PH031400000,Bulacan,PH031405000,23
Region III (Central Luzon),PH030000000,Bulacan,PH031400000,Bustos,PH031406000,21
Region III (Central Luzon),PH030000000,Bulacan,PH031400000,Calumpit,PH031407000,0
Region III (Central Luzon),PH030000000,Bulacan,PH031400000,Guiguinto,PH031408000,1
Region III (Central Luzon),PH030000000,Bulacan,PH031400000,Hagonoy,PH031409000,4
Region III (Central Luzon),PH030000000,Bulacan,PH031400000,City of Malolos (Capital),PH031410000,0
Region III (Central Luzon),PH030000000,Bulacan,PH031400000,Marilao,PH031411000,3
Region III (Central Luzon),PH030000000,Bulacan,PH031400000,City of Meycauayan,PH031412000,0
Region III (Central Luzon),PH030000000,Bulacan,PH031400000,Norzagaray,PH031413000,3
Region III (Central Luzon),PH030000000,Bulacan,PH031400000,Obando,PH031414000,3
Region III (Central Luzon),PH030000000,Bulacan,PH031400000,Pandi,PH031415000,8
Region III (Central Luzon),PH030000000,Bulacan,PH031400000,Paombong,PH031416000,45
Region III (Central Luzon),PH030000000,Bulacan,PH031400000,Plaridel,PH031417000,23
Region III (Central Luzon),PH030000000,Bulacan,PH031400000,Pulilan,PH031418000,19
Region III (Central Luzon),PH030000000,Bulacan,PH031400000,San Ildefonso,PH031419000,6
Region III (Central Luzon),PH030000000,Bulacan,PH031400000,City of San Jose Del Monte,PH031420000,47
Region III (Central Luzon),PH030000000,Bulacan,PH031400000,San Miguel,PH031421000,2
Region III (Central Luzon),PH030000000,Bulacan,PH031400000,San Rafael,PH031422000,1
Region III (Central Luzon),PH030000000,Bulacan,PH031400000,Santa Maria,PH031423000,34
Region III (Central Luzon),PH030000000,Bulacan,PH031400000,Doña Remedios Trinidad,PH031424000,9
Region III (Central Luzon),PH030000000,Nueva Ecija,PH034900000,Aliaga,PH034901000,10
Region III (Central Luzon),PH030000000,Nueva Ecija,PH034900000,Bongabon,PH034902000,2
Region III (Central Luzon),PH030000000,Nueva Ecija,PH034900000,City of Cabanatuan,PH034903000,15
Region III (Central Luzon),PH030000000,Nueva Ecija,PH034900000,Cabiao,PH034904000,13
Region III (Central Luzon),PH030000000,Nueva Ecija,PH034900000,Carranglan,PH034905000,16
Region III (Central Luzon),PH030000000,Nueva Ecija,PH034900000,Cuyapo,PH034906000,4
Region III (Central Luzon),PH030000000,Nueva Ecija,PH034900000,Gabaldon (Bitulok & Sabani),PH034907000,7
Region III (Central Luzon),PH030000000,Nueva Ecija,PH034900000,City of Gapan,PH034908000,14
Region III (Central Luzon),PH030000000,Nueva Ecija,PH034900000,General Mamerto Natividad,PH034909000,0
Region III (Central Luzon),PH030000000,Nueva Ecija,PH034900000,General Tinio (Papaya),PH034910000,0
Region III (Central Luzon),PH030000000,Nueva Ecija,PH034900000,Guimba,PH034911000,0
Region III (Central Luzon),PH030000000,Nueva Ecija,PH034900000,Jaen,PH034912000,10
Region III (Central Luzon),PH030000000,Nueva Ecija,PH034900000,Laur,PH034913000,10
Region III (Central Luzon),PH030000000,Nueva Ecija,PH034900000,Licab,PH034914000,3
Region III (Central Luzon),PH030000000,Nueva Ecija,PH034900000,Llanera,PH034915000,21
Region III (Central Luzon),PH030000000,Nueva Ecija,PH034900000,Lupao,PH034916000,2
Region III (Central Luzon),PH030000000,Nueva Ecija,PH034900000,Science City of Muñoz,PH034917000,2
Region III (Central Luzon),PH030000000,Nueva Ecija,PH034900000,Nampicuan,PH034918000,7
Region III (Central Luzon),PH030000000,Nueva Ecija,PH034900000,City of Palayan (Capital),PH034919000,22
Region III (Central Luzon),PH030000000,Nueva Ecija,PH034900000,Pantabangan,PH034920000,17
Region III (Central Luzon),PH030000000,Nueva Ecija,PH034900000,Peñaranda,PH034921000,28
Region III (Central Luzon),PH030000000,Nueva Ecija,PH034900000,Quezon,PH034922000,13
Region III (Central Luzon),PH030000000,Nueva Ecija,PH034900000,Rizal,PH034923000,5
Region III (Central Luzon),PH030000000,Nueva Ecija,PH034900000,San Antonio,PH034924000,3
Region III (Central Luzon),PH030000000,Nueva Ecija,PH034900000,San Isidro,PH034925000,0
Region III (Central Luzon),PH030000000,Nueva Ecija,PH034900000,San Jose City,PH034926000,2
Region III (Central Luzon),PH030000000,Nueva Ecija,PH034900000,San Leonardo,PH034927000,15
Region III (Central Luzon),PH030000000,Nueva Ecija,PH034900000,Santa Rosa,PH034928000,0
Region III (Central Luzon),PH030000000,Nueva Ecija,PH034900000,Santo Domingo,PH034929000,21
Region III (Central Luzon),PH030000000,Nueva Ecija,PH034900000,Talavera,PH034930000,14
Region III (Central Luzon),PH030000000,Nueva Ecija,PH034900000,Talugtug,PH034931000,2
Region III (Central Luzon),PH030000000,Nueva Ecija,PH034900000,Zaragoza,PH034932000,0
Region III (Central Luzon),PH030000000,Pampanga,PH035400000,City of Angeles,PH035401000,35
Region III (Central Luzon),PH030000000,Pampanga,PH035400000,Apalit,PH035402000,4
Region III (Central Luzon),PH030000000,Pampanga,PH035400000,Arayat,PH035403000,4
Region III (Central Luzon),PH030000000,Pampanga,PH035400000,Bacolor,PH035404000,2
Region III (Central Luzon),PH030000000,Pampanga,PH035400000,Candaba,PH035405000,4
Region III (Central Luzon),PH030000000,Pampanga,PH035400000,Floridablanca,PH035406000,12
Region III (Central Luzon),PH030000000,Pampanga,PH035400000,Guagua,PH035407000,49
Region III (Central Luzon),PH030000000,Pampanga,PH035400000,Lubao,PH035408000,17
Region III (Central Luzon),PH030000000,Pampanga,PH035400000,Mabalacat City,PH035409000,17
Region III (Central Luzon),PH030000000,Pampanga,PH035400000,Macabebe,PH035410000,2
Region III (Central Luzon),PH030000000,Pampanga,PH035400000,Magalang,PH035411000,11
Region III (Central Luzon),PH030000000,Pampanga,PH035400000,Masantol,PH035412000,5
Region III (Central Luzon),PH030000000,Pampanga,PH035400000,Mexico,PH035413000,5
Region III (Central Luzon),PH030000000,Pampanga,PH035400000,Minalin,PH035414000,35
Region III (Central Luzon),PH030000000,Pampanga,PH035400000,Porac,PH035415000,3
Region III (Central Luzon),PH030000000,Pampanga,PH035400000,City of San Fernando (Capital),PH035416000,15
Region III (Central Luzon),PH030000000,Pampanga,PH035400000,San Luis,PH035417000,7
Region III (Central Luzon),PH030000000,Pampanga,PH035400000,San Simon,PH035418000,7
Region III (Central Luzon),PH030000000,Pampanga,PH035400000,Santa Ana,PH035419000,2
Region III (Central Luzon),PH030000000,Pampanga,PH035400000,Santa Rita,PH035420000,4
Region III (Central Luzon),PH030000000,Pampanga,PH035400000,Santo Tomas,PH035421000,5
Region III (Central Luzon),PH030000000,Pampanga,PH035400000,Sasmuan (Sexmoan),PH035422000,41
Region III (Central Luzon),PH030000000,Tarlac,PH036900000,Anao,PH036901000,24
Region III (Central Luzon),PH030000000,Tarlac,PH036900000,Bamban,PH036902000,21
Region III (Central Luzon),PH030000000,Tarlac,PH036900000,Camiling,PH036903000,1
Region III (Central Luzon),PH030000000,Tarlac,PH036900000,Capas,PH036904000,4
Region III (Central Luzon),PH030000000,Tarlac,PH036900000,Concepcion,PH036905000,17
Region III (Central Luzon),PH030000000,Tarlac,PH036900000,Gerona,PH036906000,15
Region III (Central Luzon),PH030000000,Tarlac,PH036900000,La Paz,PH036907000,4
Region III (Central Luzon),PH030000000,Tarlac,PH036900000,Mayantoc,PH036908000,1
Region III (Central Luzon),PH030000000,Tarlac,PH036900000,Moncada,PH036909000,17
Region III (Central Luzon),PH030000000,Tarlac,PH036900000,Paniqui,PH036910000,0
Region III (Central Luzon),PH030000000,Tarlac,PH036900000,Pura,PH036911000,12
Region III (Central Luzon),PH030000000,Tarlac,PH036900000,Ramos,PH036912000,2
Region III (Central Luzon),PH030000000,Tarlac,PH036900000,San Clemente,PH036913000,7
Region III (Central Luzon),PH030000000,Tarlac,PH036900000,San Manuel,PH036914000,2
Region III (Central Luzon),PH030000000,Tarlac,PH036900000,Santa Ignacia,PH036915000,4
Region III (Central Luzon),PH030000000,Tarlac,PH036900000,City of Tarlac (Capital),PH036916000,15
Region III (Central Luzon),PH030000000,Tarlac,PH036900000,Victoria,PH036917000,46
Region III (Central Luzon),PH030000000,Tarlac,PH036900000,San Jose,PH036918000,2
Region III (Central Luzon),PH030000000,Zambales,PH037100000,Botolan,PH037101000,6
Region III (Central Luzon),PH030000000,Zambales,PH037100000,Cabangan,PH037102000,3
Region III (Central Luzon),PH030000000,Zambales,PH037100000,Candelaria,PH037103000,1
Region III (Central Luzon),PH030000000,Zambales,PH037100000,Castillejos,PH037104000,18
Region III (Central Luzon),PH030000000,Zambales,PH037100000,Iba (Capital),PH037105000,17
Region III (Central Luzon),PH030000000,Zambales,PH037100000,Masinloc,PH037106000,7
Region III (Central Luzon),PH030000000,Zambales,PH037100000,City of Olongapo,PH037107000,1
Region III (Central Luzon),PH030000000,Zambales,PH037100000,Palauig,PH037108000,23
Region III (Central Luzon),PH030000000,Zambales,PH037100000,San Antonio,PH037109000,2
Region III (Central Luzon),PH030000000,Zambales,PH037100000,San Felipe,PH037110000,5
Region III (Central Luzon),PH030000000,Zambales,PH037100000,San Marcelino,PH037111000,10
Region III (Central Luzon),PH030000000,Zambales,PH037100000,San Narciso,PH037112000,2
Region III (Central Luzon),PH030000000,Zambales,PH037100000,Santa Cruz,PH037113000,23
Region III (Central Luzon),PH030000000,Zambales,PH037100000,Subic,PH037114000,6
Region III (Central Luzon),PH030000000,Aurora,PH037700000,Baler (Capital),PH037701000,1
Region III (Central Luzon),PH030000000,Aurora,PH037700000,Casiguran,PH037702000,55
Region III (Central Luzon),PH030000000,Aurora,PH037700000,Dilasag,PH037703000,17
Region III (Central Luzon),PH030000000,Aurora,PH037700000,Dinalungan,PH037704000,24
Region III (Central Luzon),PH030000000,Aurora,PH037700000,Dingalan,PH037705000,17
Region III (Central Luzon),PH030000000,Aurora,PH037700000,Dipaculao,PH037706000,32
Region III (Central Luzon),PH030000000,Aurora,PH037700000,Maria Aurora,PH037707000,167
Region III (Central Luzon),PH030000000,Aurora,PH037700000,San Luis,PH037708000,34
Region IV-A (CALABARZON),PH040000000,Batangas,PH041000000,Agoncillo,PH041001000,3
Region IV-A (CALABARZON),PH040000000,Batangas,PH041000000,Alitagtag,PH041002000,14
Region IV-A (CALABARZON),PH040000000,Batangas,PH041000000,Balayan,PH041003000,23
Region IV-A (CALABARZON),PH040000000,Batangas,PH041000000,Balete,PH041004000,14
Region IV-A (CALABARZON),PH040000000,Batangas,PH041000000,Batangas City (Capital),PH041005000,23
Region IV-A (CALABARZON),PH040000000,Batangas,PH041000000,Bauan,PH041006000,9
Region IV-A (CALABARZON),PH040000000,Batangas,PH041000000,Calaca,PH041007000,23
Region IV-A (CALABARZON),PH040000000,Batangas,PH041000000,Calatagan,PH041008000,7
Region IV-A (CALABARZON),PH040000000,Batangas,PH041000000,Cuenca,PH041009000,7
Region IV-A (CALABARZON),PH040000000,Batangas,PH041000000,Ibaan,PH041010000,17
Region IV-A (CALABARZON),PH040000000,Batangas,PH041000000,Laurel,PH041011000,20
Region IV-A (CALABARZON),PH040000000,Batangas,PH041000000,Lemery,PH041012000,23
Region IV-A (CALABARZON),PH040000000,Batangas,PH041000000,Lian,PH041013000,20
Region IV-A (CALABARZON),PH040000000,Batangas,PH041000000,City of Lipa,PH041014000,23
Region IV-A (CALABARZON),PH040000000,Batangas,PH041000000,Lobo,PH041015000,22
Region IV-A (CALABARZON),PH040000000,Batangas,PH041000000,Mabini,PH041016000,20
Region IV-A (CALABARZON),PH040000000,Batangas,PH041000000,Malvar,PH041017000,16
Region IV-A (CALABARZON),PH040000000,Batangas,PH041000000,Mataasnakahoy,PH041018000,7
Region IV-A (CALABARZON),PH040000000,Batangas,PH041000000,Nasugbu,PH041019000,16
Region IV-A (CALABARZON),PH040000000,Batangas,PH041000000,Padre Garcia,PH041020000,19
Region IV-A (CALABARZON),PH040000000,Batangas,PH041000000,Rosario,PH041021000,12
Region IV-A (CALABARZON),PH040000000,Batangas,PH041000000,San Jose,PH041022000,19
Region IV-A (CALABARZON),PH040000000,Batangas,PH041000000,San Juan,PH041023000,23
Region IV-A (CALABARZON),PH040000000,Batangas,PH041000000,San Luis,PH041024000,21
Region IV-A (CALABARZON),PH040000000,Batangas,PH041000000,San Nicolas,PH041025000,5
Region IV-A (CALABARZON),PH040000000,Batangas,PH041000000,San Pascual,PH041026000,25
Region IV-A (CALABARZON),PH040000000,Batangas,PH041000000,Santa Teresita,PH041027000,6
Region IV-A (CALABARZON),PH040000000,Batangas,PH041000000,Santo Tomas,PH041028000,1
Region IV-A (CALABARZON),PH040000000,Batangas,PH041000000,Taal,PH041029000,18
Region IV-A (CALABARZON),PH040000000,Batangas,PH041000000,Talisay,PH041030000,3
Region IV-A (CALABARZON),PH040000000,Batangas,PH041000000,City of Tanauan,PH041031000,3
Region IV-A (CALABARZON),PH040000000,Batangas,PH041000000,Taysan,PH041032000,1
Region IV-A (CALABARZON),PH040000000,Batangas,PH041000000,Tingloy,PH041033000,3
Region IV-A (CALABARZON),PH040000000,Batangas,PH041000000,Tuy,PH041034000,19
Region IV-A (CALABARZON),PH040000000,Cavite,PH042100000,Alfonso,PH042101000,2
Region IV-A (CALABARZON),PH040000000,Cavite,PH042100000,Amadeo,PH042102000,27
Region IV-A (CALABARZON),PH040000000,Cavite,PH042100000,City of Bacoor,PH042103000,76
Region IV-A (CALABARZON),PH040000000,Cavite,PH042100000,Carmona,PH042104000,14
Region IV-A (CALABARZON),PH040000000,Cavite,PH042100000,City of Cavite,PH042105000,9
Region IV-A (CALABARZON),PH040000000,Cavite,PH042100000,City of Dasmariñas,PH042106000,111
Region IV-A (CALABARZON),PH040000000,Cavite,PH042100000,General Emilio Aguinaldo,PH042107000,15
Region IV-A (CALABARZON),PH040000000,Cavite,PH042100000,City of General Trias,PH042108000,12
Region IV-A (CALABARZON),PH040000000,Cavite,PH042100000,City of Imus,PH042109000,16
Region IV-A (CALABARZON),PH040000000,Cavite,PH042100000,Indang,PH042110000,1
Region IV-A (CALABARZON),PH040000000,Cavite,PH042100000,Kawit,PH042111000,10
Region IV-A (CALABARZON),PH040000000,Cavite,PH042100000,Magallanes,PH042112000,21
Region IV-A (CALABARZON),PH040000000,Cavite,PH042100000,Maragondon,PH042113000,4
Region IV-A (CALABARZON),PH040000000,Cavite,PH042100000,Mendez (Mendez-Nuñez),PH042114000,1
Region IV-A (CALABARZON),PH040000000,Cavite,PH042100000,Naic,PH042115000,1
Region IV-A (CALABARZON),PH040000000,Cavite,PH042100000,Noveleta,PH042116000,3
Region IV-A (CALABARZON),PH040000000,Cavite,PH042100000,Rosario,PH042117000,31
Region IV-A (CALABARZON),PH040000000,Cavite,PH042100000,Silang,PH042118000,64
Region IV-A (CALABARZON),PH040000000,Cavite,PH042100000,City of Tagaytay,PH042119000,3
Region IV-A (CALABARZON),PH040000000,Cavite,PH042100000,Tanza,PH042120000,0
Region IV-A (CALABARZON),PH040000000,Cavite,PH042100000,Ternate,PH042121000,10
Region IV-A (CALABARZON),PH040000000,Cavite,PH042100000,City of Trece Martires (Capital),PH042122000,13
Region IV-A (CALABARZON),PH040000000,Cavite,PH042100000,Gen. Mariano Alvarez,PH042123000,10
Region IV-A (CALABARZON),PH040000000,Laguna,PH043400000,Alaminos,PH043401000,19
Region IV-A (CALABARZON),PH040000000,Laguna,PH043400000,Bay,PH043402000,5
Region IV-A (CALABARZON),PH040000000,Laguna,PH043400000,City of Biñan,PH043403000,13
Region IV-A (CALABARZON),PH040000000,Laguna,PH043400000,City of Cabuyao,PH043404000,25
Region IV-A (CALABARZON),PH040000000,Laguna,PH043400000,City of Calamba,PH043405000,126
Region IV-A (CALABARZON),PH040000000,Laguna,PH043400000,Calauan,PH043406000,40
Region IV-A (CALABARZON),PH040000000,Laguna,PH043400000,Cavinti,PH043407000,10
Region IV-A (CALABARZON),PH040000000,Laguna,PH043400000,Famy,PH043408000,1
Region IV-A (CALABARZON),PH040000000,Laguna,PH043400000,Kalayaan,PH043409000,15
Region IV-A (CALABARZON),PH040000000,Laguna,PH043400000,Liliw,PH043410000,2
Region IV-A (CALABARZON),PH040000000,Laguna,PH043400000,Los Baños,PH043411000,0
Region IV-A (CALABARZON),PH040000000,Laguna,PH043400000,Luisiana,PH043412000,23
Region IV-A (CALABARZON),PH040000000,Laguna,PH043400000,Lumban,PH043413000,6
Region IV-A (CALABARZON),PH040000000,Laguna,PH043400000,Mabitac,PH043414000,16
Region IV-A (CALABARZON),PH040000000,Laguna,PH043400000,Magdalena,PH043415000,15
Region IV-A (CALABARZON),PH040000000,Laguna,PH043400000,Majayjay,PH043416000,15
Region IV-A (CALABARZON),PH040000000,Laguna,PH043400000,Nagcarlan,PH043417000,7
Region IV-A (CALABARZON),PH040000000,Laguna,PH043400000,Paete,PH043418000,13
Region IV-A (CALABARZON),PH040000000,Laguna,PH043400000,Pagsanjan,PH043419000,6
Region IV-A (CALABARZON),PH040000000,Laguna,PH043400000,Pakil,PH043420000,12
Region IV-A (CALABARZON),PH040000000,Laguna,PH043400000,Pangil,PH043421000,1
Region IV-A (CALABARZON),PH040000000,Laguna,PH043400000,Pila,PH043422000,7
Region IV-A (CALABARZON),PH040000000,Laguna,PH043400000,Rizal,PH043423000,13
Region IV-A (CALABARZON),PH040000000,Laguna,PH043400000,City of San Pablo,PH043424000,54
Region IV-A (CALABARZON),PH040000000,Laguna,PH043400000,City of San Pedro,PH043425000,4
Region IV-A (CALABARZON),PH040000000,Laguna,PH043400000,Santa Cruz (Capital),PH043426000,13
Region IV-A (CALABARZON),PH040000000,Laguna,PH043400000,Santa Maria,PH043427000,3
Region IV-A (CALABARZON),PH040000000,Laguna,PH043400000,City of Santa Rosa,PH043428000,0
Region IV-A (CALABARZON),PH040000000,Laguna,PH043400000,Siniloan,PH043429000,7
Region IV-A (CALABARZON),PH040000000,Laguna,PH043400000,Victoria,PH043430000,15
Region IV-A (CALABARZON),PH040000000,Quezon,PH045600000,Agdangan,PH045601000,1
Region IV-A (CALABARZON),PH040000000,Quezon,PH045600000,Alabat,PH045602000,66
Region IV-A (CALABARZON),PH040000000,Quezon,PH045600000,Atimonan,PH045603000,6
Region IV-A (CALABARZON),PH040000000,Quezon,PH045600000,Buenavista,PH045605000,51
Region IV-A (CALABARZON),PH040000000,Quezon,PH045600000,Burdeos,PH045606000,3
Region IV-A (CALABARZON),PH040000000,Quezon,PH045600000,Calauag,PH045607000,135
Region IV-A (CALABARZON),PH040000000,Quezon,PH045600000,Candelaria,PH045608000,1
Region IV-A (CALABARZON),PH040000000,Quezon,PH045600000,Catanauan,PH045610000,13
Region IV-A (CALABARZON),PH040000000,Quezon,PH045600000,Dolores,PH045615000,3
Region IV-A (CALABARZON),PH040000000,Quezon,PH045600000,General Luna,PH045616000,27
Region IV-A (CALABARZON),PH040000000,Quezon,PH045600000,General Nakar,PH045617000,26
Region IV-A (CALABARZON),PH040000000,Quezon,PH045600000,Guinayangan,PH045618000,2
Region IV-A (CALABARZON),PH040000000,Quezon,PH045600000,Gumaca,PH045619000,156
Region IV-A (CALABARZON),PH040000000,Quezon,PH045600000,Infanta,PH045620000,23
Region IV-A (CALABARZON),PH040000000,Quezon,PH045600000,Jomalig,PH045621000,10
Region IV-A (CALABARZON),PH040000000,Quezon,PH045600000,Lopez,PH045622000,4
Region IV-A (CALABARZON),PH040000000,Quezon,PH045600000,Lucban,PH045623000,5
Region IV-A (CALABARZON),PH040000000,Quezon,PH045600000,City of Lucena (Capital),PH045624000,39
Region IV-A (CALABARZON),PH040000000,Quezon,PH045600000,Macalelon,PH045625000,67
Region IV-A (CALABARZON),PH040000000,Quezon,PH045600000,Mauban,PH045627000,17
Region IV-A (CALABARZON),PH040000000,Quezon,PH045600000,Mulanay,PH045628000,9
Region IV-A (CALABARZON),PH040000000,Quezon,PH045600000,Padre Burgos,PH045629000,1
Region IV-A (CALABARZON),PH040000000,Quezon,PH045600000,Pagbilao,PH045630000,1
Region IV-A (CALABARZON),PH040000000,Quezon,PH045600000,Panukulan,PH045631000,6
Region IV-A (CALABARZON),PH040000000,Quezon,PH045600000,Patnanungan,PH045632000,16
Region IV-A (CALABARZON),PH040000000,Quezon,PH045600000,Perez,PH045633000,23
Region IV-A (CALABARZON),PH040000000,Quezon,PH045600000,Pitogo,PH045634000,15
Region IV-A (CALABARZON),PH040000000,Quezon,PH045600000,Plaridel,PH045635000,12
Region IV-A (CALABARZON),PH040000000,Quezon,PH045600000,Polillo,PH045636000,3
Region IV-A (CALABARZON),PH040000000,Quezon,PH045600000,Quezon,PH045637000,21
Region IV-A (CALABARZON),PH040000000,Quezon,PH045600000,Real,PH045638000,14
Region IV-A (CALABARZON),PH040000000,Quezon,PH045600000,Sampaloc,PH045639000,22
Region IV-A (CALABARZON),PH040000000,Quezon,PH045600000,San Andres,PH045640000,7
Region IV-A (CALABARZON),PH040000000,Quezon,PH045600000,San Antonio,PH045641000,15
Region IV-A (CALABARZON),PH040000000,Quezon,PH045600000,San Francisco (Aurora),PH045642000,5
Region IV-A (CALABARZON),PH040000000,Quezon,PH045600000,San Narciso,PH045644000,24
Region IV-A (CALABARZON),PH040000000,Quezon,PH045600000,Sariaya,PH045645000,41
Region IV-A (CALABARZON),PH040000000,Quezon,PH045600000,Tagkawayan,PH045646000,0
Region IV-A (CALABARZON),PH040000000,Quezon,PH045600000,City of Tayabas,PH045647000,20
Region IV-A (CALABARZON),PH040000000,Quezon,PH045600000,Tiaong,PH045648000,0
Region IV-A (CALABARZON),PH040000000,Quezon,PH045600000,Unisan,PH045649000,1
Region IV-A (CALABARZON),PH040000000,Rizal,PH045800000,Angono,PH045801000,27
Region IV-A (CALABARZON),PH040000000,Rizal,PH045800000,City of Antipolo (Capital),PH045802000,75
Region IV-A (CALABARZON),PH040000000,Rizal,PH045800000,Baras,PH045803000,12
Region IV-A (CALABARZON),PH040000000,Rizal,PH045800000,Binangonan,PH045804000,11
Region IV-A (CALABARZON),PH040000000,Rizal,PH045800000,Cainta,PH045805000,40
Region IV-A (CALABARZON),PH040000000,Rizal,PH045800000,Cardona,PH045806000,3
Region IV-A (CALABARZON),PH040000000,Rizal,PH045800000,Jala-Jala,PH045807000,9
Region IV-A (CALABARZON),PH040000000,Rizal,PH045800000,Rodriguez (Montalban),PH045808000,45
Region IV-A (CALABARZON),PH040000000,Rizal,PH045800000,Morong,PH045809000,23
Region IV-A (CALABARZON),PH040000000,Rizal,PH045800000,Pililla,PH045810000,5
Region IV-A (CALABARZON),PH040000000,Rizal,PH045800000,San Mateo,PH045811000,17
Region IV-A (CALABARZON),PH040000000,Rizal,PH045800000,Tanay,PH045812000,56
Region IV-A (CALABARZON),PH040000000,Rizal,PH045800000,Taytay,PH045813000,4
Region IV-A (CALABARZON),PH040000000,Rizal,PH045800000,Teresa,PH045814000,4
Region V (Bicol Region),PH050000000,Albay,PH050500000,Bacacay,PH050501000,72
Region V (Bicol Region),PH050000000,Albay,PH050500000,Camalig,PH050502000,24
Region V (Bicol Region),PH050000000,Albay,PH050500000,Daraga (Locsin),PH050503000,1
Region V (Bicol Region),PH050000000,Albay,PH050500000,Guinobatan,PH050504000,16
Region V (Bicol Region),PH050000000,Albay,PH050500000,Jovellar,PH050505000,1
Region V (Bicol Region),PH050000000,Albay,PH050500000,City of Legazpi (Capital),PH050506000,40
Region V (Bicol Region),PH050000000,Albay,PH050500000,Libon,PH050507000,9
Region V (Bicol Region),PH050000000,Albay,PH050500000,City of Ligao,PH050508000,25
Region V (Bicol Region),PH050000000,Albay,PH050500000,Malilipot,PH050509000,13
Region V (Bicol Region),PH050000000,Albay,PH050500000,Malinao,PH050510000,23
Region V (Bicol Region),PH050000000,Albay,PH050500000,Manito,PH050511000,2
Region V (Bicol Region),PH050000000,Albay,PH050500000,Oas,PH050512000,4
Region V (Bicol Region),PH050000000,Albay,PH050500000,Pio Duran,PH050513000,3
Region V (Bicol Region),PH050000000,Albay,PH050500000,Polangui,PH050514000,17
Region V (Bicol Region),PH050000000,Albay,PH050500000,Rapu-Rapu,PH050515000,8
Region V (Bicol Region),PH050000000,Albay,PH050500000,Santo Domingo (Libog),PH050516000,4
Region V (Bicol Region),PH050000000,Albay,PH050500000,City of Tabaco,PH050517000,11
Region V (Bicol Region),PH050000000,Albay,PH050500000,Tiwi,PH050518000,77
Region V (Bicol Region),PH050000000,Camarines Norte,PH051600000,Basud,PH051601000,28
Region V (Bicol Region),PH050000000,Camarines Norte,PH051600000,Capalonga,PH051602000,38
Region V (Bicol Region),PH050000000,Camarines Norte,PH051600000,Daet (Capital),PH051603000,196
Region V (Bicol Region),PH050000000,Camarines Norte,PH051600000,San Lorenzo Ruiz (Imelda),PH051604000,28
Region V (Bicol Region),PH050000000,Camarines Norte,PH051600000,Jose Panganiban,PH051605000,76
Region V (Bicol Region),PH050000000,Camarines Norte,PH051600000,Labo,PH051606000,2
Region V (Bicol Region),PH050000000,Camarines Norte,PH051600000,Mercedes,PH051607000,42
Region V (Bicol Region),PH050000000,Camarines Norte,PH051600000,Paracale,PH051608000,23
Region V (Bicol Region),PH050000000,Camarines Norte,PH051600000,San Vicente,PH051609000,20
Region V (Bicol Region),PH050000000,Camarines Norte,PH051600000,Santa Elena,PH051610000,54
Region V (Bicol Region),PH050000000,Camarines Norte,PH051600000,Talisay,PH051611000,1
Region V (Bicol Region),PH050000000,Camarines Norte,PH051600000,Vinzons,PH051612000,16
Region V (Bicol Region),PH050000000,Camarines Sur,PH051700000,Baao,PH051701000,6
Region V (Bicol Region),PH050000000,Camarines Sur,PH051700000,Balatan,PH051702000,17
Region V (Bicol Region),PH050000000,Camarines Sur,PH051700000,Bato,PH051703000,24
Region V (Bicol Region),PH050000000,Camarines Sur,PH051700000,Bombon,PH051704000,26
Region V (Bicol Region),PH050000000,Camarines Sur,PH051700000,Buhi,PH051705000,1
Region V (Bicol Region),PH050000000,Camarines Sur,PH051700000,Bula,PH051706000,30
Region V (Bicol Region),PH050000000,Camarines Sur,PH051700000,Cabusao,PH051707000,23
Region V (Bicol Region),PH050000000,Camarines Sur,PH051700000,Calabanga,PH051708000,12
Region V (Bicol Region),PH050000000,Camarines Sur,PH051700000,Camaligan,PH051709000,7
Region V (Bicol Region),PH050000000,Camarines Sur,PH051700000,Canaman,PH051710000,1
Region V (Bicol Region),PH050000000,Camarines Sur,PH051700000,Caramoan,PH051711000,2
Region V (Bicol Region),PH050000000,Camarines Sur,PH051700000,Del Gallego,PH051712000,6
Region V (Bicol Region),PH050000000,Camarines Sur,PH051700000,Gainza,PH051713000,3
Region V (Bicol Region),PH050000000,Camarines Sur,PH051700000,Garchitorena,PH051714000,1
Region V (Bicol Region),PH050000000,Camarines Sur,PH051700000,Goa,PH051715000,23
Region V (Bicol Region),PH050000000,Camarines Sur,PH051700000,City of Iriga,PH051716000,3
Region V (Bicol Region),PH050000000,Camarines Sur,PH051700000,Lagonoy,PH051717000,23
Region V (Bicol Region),PH050000000,Camarines Sur,PH051700000,Libmanan,PH051718000,3
Region V (Bicol Region),PH050000000,Camarines Sur,PH051700000,Lupi,PH051719000,23
Region V (Bicol Region),PH050000000,Camarines Sur,PH051700000,Magarao,PH051720000,1
Region V (Bicol Region),PH050000000,Camarines Sur,PH051700000,Milaor,PH051721000,20
Region V (Bicol Region),PH050000000,Camarines Sur,PH051700000,Minalabac,PH051722000,2
Region V (Bicol Region),PH050000000,Camarines Sur,PH051700000,Nabua,PH051723000,6
Region V (Bicol Region),PH050000000,Camarines Sur,PH051700000,City of Naga,PH051724000,23
Region V (Bicol Region),PH050000000,Camarines Sur,PH051700000,Ocampo,PH051725000,23
Region V (Bicol Region),PH050000000,Camarines Sur,PH051700000,Pamplona,PH051726000,23
Region V (Bicol Region),PH050000000,Camarines Sur,PH051700000,Pasacao,PH051727000,5
Region V (Bicol Region),PH050000000,Camarines Sur,PH051700000,Pili (Capital),PH051728000,8
Region V (Bicol Region),PH050000000,Camarines Sur,PH051700000,Presentacion (Parubcan),PH051729000,19
Region V (Bicol Region),PH050000000,Camarines Sur,PH051700000,Ragay,PH051730000,12
Region V (Bicol Region),PH050000000,Camarines Sur,PH051700000,Sagñay,PH051731000,3
Region V (Bicol Region),PH050000000,Camarines Sur,PH051700000,San Fernando,PH051732000,3
Region V (Bicol Region),PH050000000,Camarines Sur,PH051700000,San Jose,PH051733000,4
Region V (Bicol Region),PH050000000,Camarines Sur,PH051700000,Sipocot,PH051734000,3
Region V (Bicol Region),PH050000000,Camarines Sur,PH051700000,Siruma,PH051735000,1
Region V (Bicol Region),PH050000000,Camarines Sur,PH051700000,Tigaon,PH051736000,23
Region V (Bicol Region),PH050000000,Camarines Sur,PH051700000,Tinambac,PH051737000,2
Region V (Bicol Region),PH050000000,Catanduanes,PH052000000,Bagamanoc,PH052001000,0
Region V (Bicol Region),PH050000000,Catanduanes,PH052000000,Baras,PH052002000,0
Region V (Bicol Region),PH050000000,Catanduanes,PH052000000,Bato,PH052003000,0
Region V (Bicol Region),PH050000000,Catanduanes,PH052000000,Caramoran,PH052004000,0
Region V (Bicol Region),PH050000000,Catanduanes,PH052000000,Gigmoto,PH052005000,0
Region V (Bicol Region),PH050000000,Catanduanes,PH052000000,Pandan,PH052006000,0
Region V (Bicol Region),PH050000000,Catanduanes,PH052000000,Panganiban (Payo),PH052007000,0
Region V (Bicol Region),PH050000000,Catanduanes,PH052000000,San Andres (Calolbon),PH052008000,0
Region V (Bicol Region),PH050000000,Catanduanes,PH052000000,San Miguel,PH052009000,0
Region V (Bicol Region),PH050000000,Catanduanes,PH052000000,Viga,PH052010000,6
Region V (Bicol Region),PH050000000,Catanduanes,PH052000000,Virac (Capital),PH052011000,0
Region V (Bicol Region),PH050000000,Masbate,PH054100000,Aroroy,PH054101000,9
Region V (Bicol Region),PH050000000,Masbate,PH054100000,Baleno,PH054102000,3
Region V (Bicol Region),PH050000000,Masbate,PH054100000,Balud,PH054103000,0
Region V (Bicol Region),PH050000000,Masbate,PH054100000,Batuan,PH054104000,15
Region V (Bicol Region),PH050000000,Masbate,PH054100000,Cataingan,PH054105000,8
Region V (Bicol Region),PH050000000,Masbate,PH054100000,Cawayan,PH054106000,3
Region V (Bicol Region),PH050000000,Masbate,PH054100000,Claveria,PH054107000,42
Region V (Bicol Region),PH050000000,Masbate,PH054100000,Dimasalang,PH054108000,7
Region V (Bicol Region),PH050000000,Masbate,PH054100000,Esperanza,PH054109000,1
Region V (Bicol Region),PH050000000,Masbate,PH054100000,Mandaon,PH054110000,0
Region V (Bicol Region),PH050000000,Masbate,PH054100000,City of Masbate (Capital),PH054111000,0
Region V (Bicol Region),PH050000000,Masbate,PH054100000,Milagros,PH054112000,7
Region V (Bicol Region),PH050000000,Masbate,PH054100000,Mobo,PH054113000,23
Region V (Bicol Region),PH050000000,Masbate,PH054100000,Monreal,PH054114000,21
Region V (Bicol Region),PH050000000,Masbate,PH054100000,Palanas,PH054115000,0
Region V (Bicol Region),PH050000000,Masbate,PH054100000,Pio V. Corpuz (Limbuhan),PH054116000,18
Region V (Bicol Region),PH050000000,Masbate,PH054100000,Placer,PH054117000,2
Region V (Bicol Region),PH050000000,Masbate,PH054100000,San Fernando,PH054118000,2
Region V (Bicol Region),PH050000000,Masbate,PH054100000,San Jacinto,PH054119000,8
Region V (Bicol Region),PH050000000,Masbate,PH054100000,San Pascual,PH054120000,3
Region V (Bicol Region),PH050000000,Masbate,PH054100000,Uson,PH054121000,30
Region V (Bicol Region),PH050000000,Sorsogon,PH056200000,Barcelona,PH056202000,23
Region V (Bicol Region),PH050000000,Sorsogon,PH056200000,Bulan,PH056203000,7
Region V (Bicol Region),PH050000000,Sorsogon,PH056200000,Bulusan,PH056204000,7
Region V (Bicol Region),PH050000000,Sorsogon,PH056200000,Casiguran,PH056205000,1
Region V (Bicol Region),PH050000000,Sorsogon,PH056200000,Castilla,PH056206000,1
Region V (Bicol Region),PH050000000,Sorsogon,PH056200000,Donsol,PH056207000,23
Region V (Bicol Region),PH050000000,Sorsogon,PH056200000,Gubat,PH056208000,23
Region V (Bicol Region),PH050000000,Sorsogon,PH056200000,Irosin,PH056209000,8
Region V (Bicol Region),PH050000000,Sorsogon,PH056200000,Juban,PH056210000,23
Region V (Bicol Region),PH050000000,Sorsogon,PH056200000,Magallanes,PH056211000,23
Region V (Bicol Region),PH050000000,Sorsogon,PH056200000,Matnog,PH056212000,17
Region V (Bicol Region),PH050000000,Sorsogon,PH056200000,Pilar,PH056213000,3
Region V (Bicol Region),PH050000000,Sorsogon,PH056200000,Prieto Diaz,PH056214000,1
Region V (Bicol Region),PH050000000,Sorsogon,PH056200000,Santa Magdalena,PH056215000,2
Region V (Bicol Region),PH050000000,Sorsogon,PH056200000,City of Sorsogon (Capital),PH056216000,23
Region VI (Western Visayas),PH060000000,Aklan,PH060400000,Altavas,PH060401000,18
Region VI (Western Visayas),PH060000000,Aklan,PH060400000,Balete,PH060402000,14
Region VI (Western Visayas),PH060000000,Aklan,PH060400000,Banga,PH060403000,4
Region VI (Western Visayas),PH060000000,Aklan,PH060400000,Batan,PH060404000,1
Region VI (Western Visayas),PH060000000,Aklan,PH060400000,Buruanga,PH060405000,1
Region VI (Western Visayas),PH060000000,Aklan,PH060400000,Ibajay,PH060406000,3
Region VI (Western Visayas),PH060000000,Aklan,PH060400000,Kalibo (Capital),PH060407000,1
Region VI (Western Visayas),PH060000000,Aklan,PH060400000,Lezo,PH060408000,12
Region VI (Western Visayas),PH060000000,Aklan,PH060400000,Libacao,PH060409000,28
Region VI (Western Visayas),PH060000000,Aklan,PH060400000,Madalag,PH060410000,1
Region VI (Western Visayas),PH060000000,Aklan,PH060400000,Makato,PH060411000,1
Region VI (Western Visayas),PH060000000,Aklan,PH060400000,Malay,PH060412000,19
Region VI (Western Visayas),PH060000000,Aklan,PH060400000,Malinao,PH060413000,2
Region VI (Western Visayas),PH060000000,Aklan,PH060400000,Nabas,PH060414000,10
Region VI (Western Visayas),PH060000000,Aklan,PH060400000,New Washington,PH060415000,26
Region VI (Western Visayas),PH060000000,Aklan,PH060400000,Numancia,PH060416000,23
Region VI (Western Visayas),PH060000000,Aklan,PH060400000,Tangalan,PH060417000,3
Region VI (Western Visayas),PH060000000,Antique,PH060600000,Anini-Y,PH060601000,2
Region VI (Western Visayas),PH060000000,Antique,PH060600000,Barbaza,PH060602000,2
Region VI (Western Visayas),PH060000000,Antique,PH060600000,Belison,PH060603000,31
Region VI (Western Visayas),PH060000000,Antique,PH060600000,Bugasong,PH060604000,12
Region VI (Western Visayas),PH060000000,Antique,PH060600000,Caluya,PH060605000,3
Region VI (Western Visayas),PH060000000,Antique,PH060600000,Culasi,PH060606000,2
Region VI (Western Visayas),PH060000000,Antique,PH060600000,Tobias Fornier (Dao),PH060607000,20
Region VI (Western Visayas),PH060000000,Antique,PH060600000,Hamtic,PH060608000,46
Region VI (Western Visayas),PH060000000,Antique,PH060600000,Laua-An,PH060609000,15
Region VI (Western Visayas),PH060000000,Antique,PH060600000,Libertad,PH060610000,18
Region VI (Western Visayas),PH060000000,Antique,PH060600000,Pandan,PH060611000,20
Region VI (Western Visayas),PH060000000,Antique,PH060600000,Patnongon,PH060612000,1
Region VI (Western Visayas),PH060000000,Antique,PH060600000,San Jose (Capital),PH060613000,55
Region VI (Western Visayas),PH060000000,Antique,PH060600000,San Remigio,PH060614000,4
Region VI (Western Visayas),PH060000000,Antique,PH060600000,Sebaste,PH060615000,1
Region VI (Western Visayas),PH060000000,Antique,PH060600000,Sibalom,PH060616000,4
Region VI (Western Visayas),PH060000000,Antique,PH060600000,Tibiao,PH060617000,1
Region VI (Western Visayas),PH060000000,Antique,PH060600000,Valderrama,PH060618000,2
Region VI (Western Visayas),PH060000000,Capiz,PH061900000,Cuartero,PH061901000,1
Region VI (Western Visayas),PH060000000,Capiz,PH061900000,Dao,PH061902000,16
Region VI (Western Visayas),PH060000000,Capiz,PH061900000,Dumalag,PH061903000,7
Region VI (Western Visayas),PH060000000,Capiz,PH061900000,Dumarao,PH061904000,28
Region VI (Western Visayas),PH060000000,Capiz,PH061900000,Ivisan,PH061905000,57
Region VI (Western Visayas),PH060000000,Capiz,PH061900000,Jamindan,PH061906000,30
Region VI (Western Visayas),PH060000000,Capiz,PH061900000,Ma-Ayon,PH061907000,6
Region VI (Western Visayas),PH060000000,Capiz,PH061900000,Mambusao,PH061908000,1
Region VI (Western Visayas),PH060000000,Capiz,PH061900000,Panay,PH061909000,66
Region VI (Western Visayas),PH060000000,Capiz,PH061900000,Panitan,PH061910000,25
Region VI (Western Visayas),PH060000000,Capiz,PH061900000,Pilar,PH061911000,8
Region VI (Western Visayas),PH060000000,Capiz,PH061900000,Pontevedra,PH061912000,27
Region VI (Western Visayas),PH060000000,Capiz,PH061900000,President Roxas,PH061913000,7
Region VI (Western Visayas),PH060000000,Capiz,PH061900000,City of Roxas (Capital),PH061914000,1
Region VI (Western Visayas),PH060000000,Capiz,PH061900000,Sapi-An,PH061915000,4
Region VI (Western Visayas),PH060000000,Capiz,PH061900000,Sigma,PH061916000,74
Region VI (Western Visayas),PH060000000,Capiz,PH061900000,Tapaz,PH061917000,19
Region VI (Western Visayas),PH060000000,Iloilo,PH063000000,Ajuy,PH063001000,19
Region VI (Western Visayas),PH060000000,Iloilo,PH063000000,Alimodian,PH063002000,6
Region VI (Western Visayas),PH060000000,Iloilo,PH063000000,Anilao,PH063003000,20
Region VI (Western Visayas),PH060000000,Iloilo,PH063000000,Badiangan,PH063004000,22
Region VI (Western Visayas),PH060000000,Iloilo,PH063000000,Balasan,PH063005000,17
Region VI (Western Visayas),PH060000000,Iloilo,PH063000000,Banate,PH063006000,1
Region VI (Western Visayas),PH060000000,Iloilo,PH063000000,Barotac Nuevo,PH063007000,1
Region VI (Western Visayas),PH060000000,Iloilo,PH063000000,Barotac Viejo,PH063008000,2
Region VI (Western Visayas),PH060000000,Iloilo,PH063000000,Batad,PH063009000,1
Region VI (Western Visayas),PH060000000,Iloilo,PH063000000,Bingawan,PH063010000,1
Region VI (Western Visayas),PH060000000,Iloilo,PH063000000,Cabatuan,PH063012000,2
Region VI (Western Visayas),PH060000000,Iloilo,PH063000000,Calinog,PH063013000,9
Region VI (Western Visayas),PH060000000,Iloilo,PH063000000,Carles,PH063014000,33
Region VI (Western Visayas),PH060000000,Iloilo,PH063000000,Concepcion,PH063015000,1
Region VI (Western Visayas),PH060000000,Iloilo,PH063000000,Dingle,PH063016000,21
Region VI (Western Visayas),PH060000000,Iloilo,PH063000000,Dueñas,PH063017000,41
Region VI (Western Visayas),PH060000000,Iloilo,PH063000000,Dumangas,PH063018000,19
Region VI (Western Visayas),PH060000000,Iloilo,PH063000000,Estancia,PH063019000,0
Region VI (Western Visayas),PH060000000,Iloilo,PH063000000,Guimbal,PH063020000,1
Region VI (Western Visayas),PH060000000,Iloilo,PH063000000,Igbaras,PH063021000,1
Region VI (Western Visayas),PH060000000,Iloilo,PH063000000,City of Iloilo (Capital),PH063022000,5
Region VI (Western Visayas),PH060000000,Iloilo,PH063000000,Janiuay,PH063023000,6
Region VI (Western Visayas),PH060000000,Iloilo,PH063000000,Lambunao,PH063025000,4
Region VI (Western Visayas),PH060000000,Iloilo,PH063000000,Leganes,PH063026000,27
Region VI (Western Visayas),PH060000000,Iloilo,PH063000000,Lemery,PH063027000,2
Region VI (Western Visayas),PH060000000,Iloilo,PH063000000,Leon,PH063028000,1
Region VI (Western Visayas),PH060000000,Iloilo,PH063000000,Maasin,PH063029000,3
Region VI (Western Visayas),PH060000000,Iloilo,PH063000000,Miagao,PH063030000,18
Region VI (Western Visayas),PH060000000,Iloilo,PH063000000,Mina,PH063031000,4
Region VI (Western Visayas),PH060000000,Iloilo,PH063000000,New Lucena,PH063032000,8
Region VI (Western Visayas),PH060000000,Iloilo,PH063000000,Oton,PH063034000,4
Region VI (Western Visayas),PH060000000,Iloilo,PH063000000,City of Passi,PH063035000,5
Region VI (Western Visayas),PH060000000,Iloilo,PH063000000,Pavia,PH063036000,3
Region VI (Western Visayas),PH060000000,Iloilo,PH063000000,Pototan,PH063037000,7
Region VI (Western Visayas),PH060000000,Iloilo,PH063000000,San Dionisio,PH063038000,4
Region VI (Western Visayas),PH060000000,Iloilo,PH063000000,San Enrique,PH063039000,33
Region VI (Western Visayas),PH060000000,Iloilo,PH063000000,San Joaquin,PH063040000,3
Region VI (Western Visayas),PH060000000,Iloilo,PH063000000,San Miguel,PH063041000,1
Region VI (Western Visayas),PH060000000,Iloilo,PH063000000,San Rafael,PH063042000,1
Region VI (Western Visayas),PH060000000,Iloilo,PH063000000,Santa Barbara,PH063043000,3
Region VI (Western Visayas),PH060000000,Iloilo,PH063000000,Sara,PH063044000,6
Region VI (Western Visayas),PH060000000,Iloilo,PH063000000,Tigbauan,PH063045000,4
Region VI (Western Visayas),PH060000000,Iloilo,PH063000000,Tubungan,PH063046000,9
Region VI (Western Visayas),PH060000000,Iloilo,PH063000000,Zarraga,PH063047000,7
Region VI (Western Visayas),PH060000000,Guimaras,PH067900000,Buenavista,PH067901000,2
Region VI (Western Visayas),PH060000000,Guimaras,PH067900000,Jordan (Capital),PH067902000,1
Region VI (Western Visayas),PH060000000,Guimaras,PH067900000,Nueva Valencia,PH067903000,18
Region VI (Western Visayas),PH060000000,Guimaras,PH067900000,San Lorenzo,PH067904000,7
Region VI (Western Visayas),PH060000000,Guimaras,PH067900000,Sibunag,PH067905000,19
Region VII (Central Visayas),PH070000000,Bohol,PH071200000,Alburquerque,PH071201000,31
Region VII (Central Visayas),PH070000000,Bohol,PH071200000,Alicia,PH071202000,19
Region VII (Central Visayas),PH070000000,Bohol,PH071200000,Anda,PH071203000,7
Region VII (Central Visayas),PH070000000,Bohol,PH071200000,Antequera,PH071204000,2
Region VII (Central Visayas),PH070000000,Bohol,PH071200000,Baclayon,PH071205000,10
Region VII (Central Visayas),PH070000000,Bohol,PH071200000,Balilihan,PH071206000,23
Region VII (Central Visayas),PH070000000,Bohol,PH071200000,Batuan,PH071207000,51
Region VII (Central Visayas),PH070000000,Bohol,PH071200000,Bilar,PH071208000,1
Region VII (Central Visayas),PH070000000,Bohol,PH071200000,Buenavista,PH071209000,2
Region VII (Central Visayas),PH070000000,Bohol,PH071200000,Calape,PH071210000,4
Region VII (Central Visayas),PH070000000,Bohol,PH071200000,Candijay,PH071211000,2
Region VII (Central Visayas),PH070000000,Bohol,PH071200000,Carmen,PH071212000,4
Region VII (Central Visayas),PH070000000,Bohol,PH071200000,Catigbian,PH071213000,2
Region VII (Central Visayas),PH070000000,Bohol,PH071200000,Clarin,PH071214000,10
Region VII (Central Visayas),PH070000000,Bohol,PH071200000,Corella,PH071215000,9
Region VII (Central Visayas),PH070000000,Bohol,PH071200000,Cortes,PH071216000,14
Region VII (Central Visayas),PH070000000,Bohol,PH071200000,Dagohoy,PH071217000,1
Region VII (Central Visayas),PH070000000,Bohol,PH071200000,Danao,PH071218000,28
Region VII (Central Visayas),PH070000000,Bohol,PH071200000,Dauis,PH071219000,59
Region VII (Central Visayas),PH070000000,Bohol,PH071200000,Dimiao,PH071220000,27
Region VII (Central Visayas),PH070000000,Bohol,PH071200000,Duero,PH071221000,68
Region VII (Central Visayas),PH070000000,Bohol,PH071200000,Garcia Hernandez,PH071222000,66
Region VII (Central Visayas),PH070000000,Bohol,PH071200000,Guindulman,PH071223000,23
Region VII (Central Visayas),PH070000000,Bohol,PH071200000,Inabanga,PH071224000,3
Region VII (Central Visayas),PH070000000,Bohol,PH071200000,Jagna,PH071225000,15
Region VII (Central Visayas),PH070000000,Bohol,PH071200000,Getafe,PH071226000,1
Region VII (Central Visayas),PH070000000,Bohol,PH071200000,Lila,PH071227000,2
Region VII (Central Visayas),PH070000000,Bohol,PH071200000,Loay,PH071228000,52
Region VII (Central Visayas),PH070000000,Bohol,PH071200000,Loboc,PH071229000,8
Region VII (Central Visayas),PH070000000,Bohol,PH071200000,Loon,PH071230000,1
Region VII (Central Visayas),PH070000000,Bohol,PH071200000,Mabini,PH071231000,1
Region VII (Central Visayas),PH070000000,Bohol,PH071200000,Maribojoc,PH071232000,11
Region VII (Central Visayas),PH070000000,Bohol,PH071200000,Panglao,PH071233000,30
Region VII (Central Visayas),PH070000000,Bohol,PH071200000,Pilar,PH071234000,9
Region VII (Central Visayas),PH070000000,Bohol,PH071200000,Pres. Carlos P. Garcia (Pitogo),PH071235000,33
Region VII (Central Visayas),PH070000000,Bohol,PH071200000,Sagbayan (Borja),PH071236000,1
Region VII (Central Visayas),PH070000000,Bohol,PH071200000,San Isidro,PH071237000,4
Region VII (Central Visayas),PH070000000,Bohol,PH071200000,San Miguel,PH071238000,2
Region VII (Central Visayas),PH070000000,Bohol,PH071200000,Sevilla,PH071239000,10
Region VII (Central Visayas),PH070000000,Bohol,PH071200000,Sierra Bullones,PH071240000,2
Region VII (Central Visayas),PH070000000,Bohol,PH071200000,Sikatuna,PH071241000,29
Region VII (Central Visayas),PH070000000,Bohol,PH071200000,City of Tagbilaran (Capital),PH071242000,22
Region VII (Central Visayas),PH070000000,Bohol,PH071200000,Talibon,PH071243000,9
Region VII (Central Visayas),PH070000000,Bohol,PH071200000,Trinidad,PH071244000,20
Region VII (Central Visayas),PH070000000,Bohol,PH071200000,Tubigon,PH071245000,5
Region VII (Central Visayas),PH070000000,Bohol,PH071200000,Ubay,PH071246000,3
Region VII (Central Visayas),PH070000000,Bohol,PH071200000,Valencia,PH071247000,4
Region VII (Central Visayas),PH070000000,Bohol,PH071200000,Bien Unido,PH071248000,1
Region VII (Central Visayas),PH070000000,Cebu,PH072200000,Alcantara,PH072201000,0
Region VII (Central Visayas),PH070000000,Cebu,PH072200000,Alcoy,PH072202000,22
Region VII (Central Visayas),PH070000000,Cebu,PH072200000,Alegria,PH072203000,14
Region VII (Central Visayas),PH070000000,Cebu,PH072200000,Aloguinsan,PH072204000,0
Region VII (Central Visayas),PH070000000,Cebu,PH072200000,Argao,PH072205000,0
Region VII (Central Visayas),PH070000000,Cebu,PH072200000,Asturias,PH072206000,16
Region VII (Central Visayas),PH070000000,Cebu,PH072200000,Badian,PH072207000,3
Region VII (Central Visayas),PH070000000,Cebu,PH072200000,Balamban,PH072208000,2
Region VII (Central Visayas),PH070000000,Cebu,PH072200000,Bantayan,PH072209000,0
Region VII (Central Visayas),PH070000000,Cebu,PH072200000,Barili,PH072210000,1
Region VII (Central Visayas),PH070000000,Cebu,PH072200000,City of Bogo,PH072211000,21
Region VII (Central Visayas),PH070000000,Cebu,PH072200000,Boljoon,PH072212000,4
Region VII (Central Visayas),PH070000000,Cebu,PH072200000,Borbon,PH072213000,30
Region VII (Central Visayas),PH070000000,Cebu,PH072200000,City of Carcar,PH072214000,1
Region VII (Central Visayas),PH070000000,Cebu,PH072200000,Carmen,PH072215000,0
Region VII (Central Visayas),PH070000000,Cebu,PH072200000,Catmon,PH072216000,7
Region VII (Central Visayas),PH070000000,Cebu,PH072200000,City of Cebu (Capital),PH072217000,28
Region VII (Central Visayas),PH070000000,Cebu,PH072200000,Compostela,PH072218000,4
Region VII (Central Visayas),PH070000000,Cebu,PH072200000,Consolacion,PH072219000,15
Region VII (Central Visayas),PH070000000,Cebu,PH072200000,Cordova,PH072220000,5
Region VII (Central Visayas),PH070000000,Cebu,PH072200000,Daanbantayan,PH072221000,30
Region VII (Central Visayas),PH070000000,Cebu,PH072200000,Dalaguete,PH072222000,17
Region VII (Central Visayas),PH070000000,Cebu,PH072200000,Danao City,PH072223000,55
Region VII (Central Visayas),PH070000000,Cebu,PH072200000,Dumanjug,PH072224000,12
Region VII (Central Visayas),PH070000000,Cebu,PH072200000,Ginatilan,PH072225000,26
Region VII (Central Visayas),PH070000000,Cebu,PH072200000,City of Lapu-Lapu (Opon),PH072226000,0
Region VII (Central Visayas),PH070000000,Cebu,PH072200000,Liloan,PH072227000,1
Region VII (Central Visayas),PH070000000,Cebu,PH072200000,Madridejos,PH072228000,0
Region VII (Central Visayas),PH070000000,Cebu,PH072200000,Malabuyoc,PH072229000,19
Region VII (Central Visayas),PH070000000,Cebu,PH072200000,City of Mandaue,PH072230000,29
Region VII (Central Visayas),PH070000000,Cebu,PH072200000,Medellin,PH072231000,6
Region VII (Central Visayas),PH070000000,Cebu,PH072200000,Minglanilla,PH072232000,2
Region VII (Central Visayas),PH070000000,Cebu,PH072200000,Moalboal,PH072233000,19
Region VII (Central Visayas),PH070000000,Cebu,PH072200000,City of Naga,PH072234000,1
Region VII (Central Visayas),PH070000000,Cebu,PH072200000,Oslob,PH072235000,17
Region VII (Central Visayas),PH070000000,Cebu,PH072200000,Pilar,PH072236000,1
Region VII (Central Visayas),PH070000000,Cebu,PH072200000,Pinamungahan,PH072237000,0
Region VII (Central Visayas),PH070000000,Cebu,PH072200000,Poro,PH072238000,12
Region VII (Central Visayas),PH070000000,Cebu,PH072200000,Ronda,PH072239000,20
Region VII (Central Visayas),PH070000000,Cebu,PH072200000,Samboan,PH072240000,17
Region VII (Central Visayas),PH070000000,Cebu,PH072200000,San Fernando,PH072241000,1
Region VII (Central Visayas),PH070000000,Cebu,PH072200000,San Francisco,PH072242000,28
Region VII (Central Visayas),PH070000000,Cebu,PH072200000,San Remigio,PH072243000,26
Region VII (Central Visayas),PH070000000,Cebu,PH072200000,Santa Fe,PH072244000,12
Region VII (Central Visayas),PH070000000,Cebu,PH072200000,Santander,PH072245000,10
Region VII (Central Visayas),PH070000000,Cebu,PH072200000,Sibonga,PH072246000,4
Region VII (Central Visayas),PH070000000,Cebu,PH072200000,Sogod,PH072247000,2
Region VII (Central Visayas),PH070000000,Cebu,PH072200000,Tabogon,PH072248000,40
Region VII (Central Visayas),PH070000000,Cebu,PH072200000,Tabuelan,PH072249000,17
Region VII (Central Visayas),PH070000000,Cebu,PH072200000,City of Talisay,PH072250000,33
Region VII (Central Visayas),PH070000000,Cebu,PH072200000,City of Toledo,PH072251000,9
Region VII (Central Visayas),PH070000000,Cebu,PH072200000,Tuburan,PH072252000,54
Region VII (Central Visayas),PH070000000,Cebu,PH072200000,Tudela,PH072253000,1
Region VII (Central Visayas),PH070000000,Siquijor,PH076100000,Enrique Villanueva,PH076101000,28
Region VII (Central Visayas),PH070000000,Siquijor,PH076100000,Larena,PH076102000,17
Region VII (Central Visayas),PH070000000,Siquijor,PH076100000,Lazi,PH076103000,12
Region VII (Central Visayas),PH070000000,Siquijor,PH076100000,Maria,PH076104000,1
Region VII (Central Visayas),PH070000000,Siquijor,PH076100000,San Juan,PH076105000,15
Region VII (Central Visayas),PH070000000,Siquijor,PH076100000,Siquijor (Capital),PH076106000,21
Region VIII (Eastern Visayas),PH080000000,Eastern Samar,PH082600000,Arteche,PH082601000,3
Region VIII (Eastern Visayas),PH080000000,Eastern Samar,PH082600000,Balangiga,PH082602000,14
Region VIII (Eastern Visayas),PH080000000,Eastern Samar,PH082600000,Balangkayan,PH082603000,1
Region VIII (Eastern Visayas),PH080000000,Eastern Samar,PH082600000,City of Borongan (Capital),PH082604000,21
Region VIII (Eastern Visayas),PH080000000,Eastern Samar,PH082600000,Can-Avid,PH082605000,6
Region VIII (Eastern Visayas),PH080000000,Eastern Samar,PH082600000,Dolores,PH082606000,3
Region VIII (Eastern Visayas),PH080000000,Eastern Samar,PH082600000,General Macarthur,PH082607000,2
Region VIII (Eastern Visayas),PH080000000,Eastern Samar,PH082600000,Giporlos,PH082608000,3
Region VIII (Eastern Visayas),PH080000000,Eastern Samar,PH082600000,Guiuan,PH082609000,3
Region VIII (Eastern Visayas),PH080000000,Eastern Samar,PH082600000,Hernani,PH082610000,1
Region VIII (Eastern Visayas),PH080000000,Eastern Samar,PH082600000,Jipapad,PH082611000,3
Region VIII (Eastern Visayas),PH080000000,Eastern Samar,PH082600000,Lawaan,PH082612000,10
Region VIII (Eastern Visayas),PH080000000,Eastern Samar,PH082600000,Llorente,PH082613000,4
Region VIII (Eastern Visayas),PH080000000,Eastern Samar,PH082600000,Maslog,PH082614000,7
Region VIII (Eastern Visayas),PH080000000,Eastern Samar,PH082600000,Maydolong,PH082615000,1
Region VIII (Eastern Visayas),PH080000000,Eastern Samar,PH082600000,Mercedes,PH082616000,9
Region VIII (Eastern Visayas),PH080000000,Eastern Samar,PH082600000,Oras,PH082617000,7
Region VIII (Eastern Visayas),PH080000000,Eastern Samar,PH082600000,Quinapondan,PH082618000,2
Region VIII (Eastern Visayas),PH080000000,Eastern Samar,PH082600000,Salcedo,PH082619000,1
Region VIII (Eastern Visayas),PH080000000,Eastern Samar,PH082600000,San Julian,PH082620000,8
Region VIII (Eastern Visayas),PH080000000,Eastern Samar,PH082600000,San Policarpo,PH082621000,1
Region VIII (Eastern Visayas),PH080000000,Eastern Samar,PH082600000,Sulat,PH082622000,7
Region VIII (Eastern Visayas),PH080000000,Eastern Samar,PH082600000,Taft,PH082623000,8
Region VIII (Eastern Visayas),PH080000000,Leyte,PH083700000,Abuyog,PH083701000,0
Region VIII (Eastern Visayas),PH080000000,Leyte,PH083700000,Alangalang,PH083702000,0
Region VIII (Eastern Visayas),PH080000000,Leyte,PH083700000,Albuera,PH083703000,0
Region VIII (Eastern Visayas),PH080000000,Leyte,PH083700000,Babatngon,PH083705000,0
Region VIII (Eastern Visayas),PH080000000,Leyte,PH083700000,Barugo,PH083706000,0
Region VIII (Eastern Visayas),PH080000000,Leyte,PH083700000,Bato,PH083707000,0
Region VIII (Eastern Visayas),PH080000000,Leyte,PH083700000,City of Baybay,PH083708000,4
Region VIII (Eastern Visayas),PH080000000,Leyte,PH083700000,Burauen,PH083710000,0
Region VIII (Eastern Visayas),PH080000000,Leyte,PH083700000,Calubian,PH083713000,0
Region VIII (Eastern Visayas),PH080000000,Leyte,PH083700000,Capoocan,PH083714000,0
Region VIII (Eastern Visayas),PH080000000,Leyte,PH083700000,Carigara,PH083715000,0
Region VIII (Eastern Visayas),PH080000000,Leyte,PH083700000,Dagami,PH083717000,0
Region VIII (Eastern Visayas),PH080000000,Leyte,PH083700000,Dulag,PH083718000,0
Region VIII (Eastern Visayas),PH080000000,Leyte,PH083700000,Hilongos,PH083719000,0
Region VIII (Eastern Visayas),PH080000000,Leyte,PH083700000,Hindang,PH083720000,0
Region VIII (Eastern Visayas),PH080000000,Leyte,PH083700000,Inopacan,PH083721000,0
Region VIII (Eastern Visayas),PH080000000,Leyte,PH083700000,Isabel,PH083722000,0
Region VIII (Eastern Visayas),PH080000000,Leyte,PH083700000,Jaro,PH083723000,0
Region VIII (Eastern Visayas),PH080000000,Leyte,PH083700000,Javier (Bugho),PH083724000,0
Region VIII (Eastern Visayas),PH080000000,Leyte,PH083700000,Julita,PH083725000,0
Region VIII (Eastern Visayas),PH080000000,Leyte,PH083700000,Kananga,PH083726000,0
Region VIII (Eastern Visayas),PH080000000,Leyte,PH083700000,La Paz,PH083728000,1
Region VIII (Eastern Visayas),PH080000000,Leyte,PH083700000,Leyte,PH083729000,0
Region VIII (Eastern Visayas),PH080000000,Leyte,PH083700000,Macarthur,PH083730000,3
Region VIII (Eastern Visayas),PH080000000,Leyte,PH083700000,Mahaplag,PH083731000,0
Region VIII (Eastern Visayas),PH080000000,Leyte,PH083700000,Matag-Ob,PH083733000,0
Region VIII (Eastern Visayas),PH080000000,Leyte,PH083700000,Matalom,PH083734000,0
Region VIII (Eastern Visayas),PH080000000,Leyte,PH083700000,Mayorga,PH083735000,0
Region VIII (Eastern Visayas),PH080000000,Leyte,PH083700000,Merida,PH083736000,0
Region VIII (Eastern Visayas),PH080000000,Leyte,PH083700000,Ormoc City,PH083738000,3
Region VIII (Eastern Visayas),PH080000000,Leyte,PH083700000,Palo,PH083739000,0
Region VIII (Eastern Visayas),PH080000000,Leyte,PH083700000,Palompon,PH083740000,0
Region VIII (Eastern Visayas),PH080000000,Leyte,PH083700000,Pastrana,PH083741000,0
Region VIII (Eastern Visayas),PH080000000,Leyte,PH083700000,San Isidro,PH083742000,0
Region VIII (Eastern Visayas),PH080000000,Leyte,PH083700000,San Miguel,PH083743000,0
Region VIII (Eastern Visayas),PH080000000,Leyte,PH083700000,Santa Fe,PH083744000,0
Region VIII (Eastern Visayas),PH080000000,Leyte,PH083700000,Tabango,PH083745000,0
Region VIII (Eastern Visayas),PH080000000,Leyte,PH083700000,Tabontabon,PH083746000,0
Region VIII (Eastern Visayas),PH080000000,Leyte,PH083700000,City of Tacloban (Capital),PH083747000,0
Region VIII (Eastern Visayas),PH080000000,Leyte,PH083700000,Tanauan,PH083748000,0
Region VIII (Eastern Visayas),PH080000000,Leyte,PH083700000,Tolosa,PH083749000,0
Region VIII (Eastern Visayas),PH080000000,Leyte,PH083700000,Tunga,PH083750000,0
Region VIII (Eastern Visayas),PH080000000,Leyte,PH083700000,Villaba,PH083751000,0
Region VIII (Eastern Visayas),PH080000000,Northern Samar,PH084800000,Allen,PH084801000,4
Region VIII (Eastern Visayas),PH080000000,Northern Samar,PH084800000,Biri,PH084802000,0
Region VIII (Eastern Visayas),PH080000000,Northern Samar,PH084800000,Bobon,PH084803000,4
Region VIII (Eastern Visayas),PH080000000,Northern Samar,PH084800000,Capul,PH084804000,1
Region VIII (Eastern Visayas),PH080000000,Northern Samar,PH084800000,Catarman (Capital),PH084805000,26
Region VIII (Eastern Visayas),PH080000000,Northern Samar,PH084800000,Catubig,PH084806000,0
Region VIII (Eastern Visayas),PH080000000,Northern Samar,PH084800000,Gamay,PH084807000,3
Region VIII (Eastern Visayas),PH080000000,Northern Samar,PH084800000,Laoang,PH084808000,0
Region VIII (Eastern Visayas),PH080000000,Northern Samar,PH084800000,Lapinig,PH084809000,0
Region VIII (Eastern Visayas),PH080000000,Northern Samar,PH084800000,Las Navas,PH084810000,0
Region VIII (Eastern Visayas),PH080000000,Northern Samar,PH084800000,Lavezares,PH084811000,6
Region VIII (Eastern Visayas),PH080000000,Northern Samar,PH084800000,Mapanas,PH084812000,1
Region VIII (Eastern Visayas),PH080000000,Northern Samar,PH084800000,Mondragon,PH084813000,18
Region VIII (Eastern Visayas),PH080000000,Northern Samar,PH084800000,Palapag,PH084814000,6
Region VIII (Eastern Visayas),PH080000000,Northern Samar,PH084800000,Pambujan,PH084815000,0
Region VIII (Eastern Visayas),PH080000000,Northern Samar,PH084800000,Rosario,PH084816000,0
Region VIII (Eastern Visayas),PH080000000,Northern Samar,PH084800000,San Antonio,PH084817000,0
Region VIII (Eastern Visayas),PH080000000,Northern Samar,PH084800000,San Isidro,PH084818000,0
Region VIII (Eastern Visayas),PH080000000,Northern Samar,PH084800000,San Jose,PH084819000,5
Region VIII (Eastern Visayas),PH080000000,Northern Samar,PH084800000,San Roque,PH084820000,0
Region VIII (Eastern Visayas),PH080000000,Northern Samar,PH084800000,San Vicente,PH084821000,0
Region VIII (Eastern Visayas),PH080000000,Northern Samar,PH084800000,Silvino Lobos,PH084822000,0
Region VIII (Eastern Visayas),PH080000000,Northern Samar,PH084800000,Victoria,PH084823000,0
Region VIII (Eastern Visayas),PH080000000,Northern Samar,PH084800000,Lope De Vega,PH084824000,35
Region VIII (Eastern Visayas),PH080000000,Samar (Western Samar),PH086000000,Almagro,PH086001000,4
Region VIII (Eastern Visayas),PH080000000,Samar (Western Samar),PH086000000,Basey,PH086002000,3
Region VIII (Eastern Visayas),PH080000000,Samar (Western Samar),PH086000000,City of Calbayog,PH086003000,3
Region VIII (Eastern Visayas),PH080000000,Samar (Western Samar),PH086000000,Calbiga,PH086004000,8
Region VIII (Eastern Visayas),PH080000000,Samar (Western Samar),PH086000000,City of Catbalogan (Capital),PH086005000,6
Region VIII (Eastern Visayas),PH080000000,Samar (Western Samar),PH086000000,Daram,PH086006000,12
Region VIII (Eastern Visayas),PH080000000,Samar (Western Samar),PH086000000,Gandara,PH086007000,8
Region VIII (Eastern Visayas),PH080000000,Samar (Western Samar),PH086000000,Hinabangan,PH086008000,3
Region VIII (Eastern Visayas),PH080000000,Samar (Western Samar),PH086000000,Jiabong,PH086009000,1
Region VIII (Eastern Visayas),PH080000000,Samar (Western Samar),PH086000000,Marabut,PH086010000,1
Region VIII (Eastern Visayas),PH080000000,Samar (Western Samar),PH086000000,Matuguinao,PH086011000,4
Region VIII (Eastern Visayas),PH080000000,Samar (Western Samar),PH086000000,Motiong,PH086012000,23
Region VIII (Eastern Visayas),PH080000000,Samar (Western Samar),PH086000000,Pinabacdao,PH086013000,0
Region VIII (Eastern Visayas),PH080000000,Samar (Western Samar),PH086000000,San Jose De Buan,PH086014000,0
Region VIII (Eastern Visayas),PH080000000,Samar (Western Samar),PH086000000,San Sebastian,PH086015000,2
Region VIII (Eastern Visayas),PH080000000,Samar (Western Samar),PH086000000,Santa Margarita,PH086016000,1
Region VIII (Eastern Visayas),PH080000000,Samar (Western Samar),PH086000000,Santa Rita,PH086017000,0
Region VIII (Eastern Visayas),PH080000000,Samar (Western Samar),PH086000000,Santo Niño,PH086018000,0
Region VIII (Eastern Visayas),PH080000000,Samar (Western Samar),PH086000000,Talalora,PH086019000,0
Region VIII (Eastern Visayas),PH080000000,Samar (Western Samar),PH086000000,Tarangnan,PH086020000,7
Region VIII (Eastern Visayas),PH080000000,Samar (Western Samar),PH086000000,Villareal,PH086021000,0
Region VIII (Eastern Visayas),PH080000000,Samar (Western Samar),PH086000000,Paranas (Wright),PH086022000,3
Region VIII (Eastern Visayas),PH080000000,Samar (Western Samar),PH086000000,Zumarraga,PH086023000,6
Region VIII (Eastern Visayas),PH080000000,Samar (Western Samar),PH086000000,Tagapul-An,PH086024000,2
Region VIII (Eastern Visayas),PH080000000,Samar (Western Samar),PH086000000,San Jorge,PH086025000,0
Region VIII (Eastern Visayas),PH080000000,Samar (Western Samar),PH086000000,Pagsanghan,PH086026000,3
Region VIII (Eastern Visayas),PH080000000,Southern Leyte,PH086400000,Anahawan,PH086401000,18
Region VIII (Eastern Visayas),PH080000000,Southern Leyte,PH086400000,Bontoc,PH086402000,18
Region VIII (Eastern Visayas),PH080000000,Southern Leyte,PH086400000,Hinunangan,PH086403000,20
Region VIII (Eastern Visayas),PH080000000,Southern Leyte,PH086400000,Hinundayan,PH086404000,6
Region VIII (Eastern Visayas),PH080000000,Southern Leyte,PH086400000,Libagon,PH086405000,2
Region VIII (Eastern Visayas),PH080000000,Southern Leyte,PH086400000,Liloan,PH086406000,5
Region VIII (Eastern Visayas),PH080000000,Southern Leyte,PH086400000,City of Maasin (Capital),PH086407000,197
Region VIII (Eastern Visayas),PH080000000,Southern Leyte,PH086400000,Macrohon,PH086408000,82
Region VIII (Eastern Visayas),PH080000000,Southern Leyte,PH086400000,Malitbog,PH086409000,20
Region VIII (Eastern Visayas),PH080000000,Southern Leyte,PH086400000,Padre Burgos,PH086410000,13
Region VIII (Eastern Visayas),PH080000000,Southern Leyte,PH086400000,Pintuyan,PH086411000,8
Region VIII (Eastern Visayas),PH080000000,Southern Leyte,PH086400000,Saint Bernard,PH086412000,24
Region VIII (Eastern Visayas),PH080000000,Southern Leyte,PH086400000,San Francisco,PH086413000,32
Region VIII (Eastern Visayas),PH080000000,Southern Leyte,PH086400000,San Juan (Cabalian),PH086414000,39
Region VIII (Eastern Visayas),PH080000000,Southern Leyte,PH086400000,San Ricardo,PH086415000,11
Region VIII (Eastern Visayas),PH080000000,Southern Leyte,PH086400000,Silago,PH086416000,1
Region VIII (Eastern Visayas),PH080000000,Southern Leyte,PH086400000,Sogod,PH086417000,8
Region VIII (Eastern Visayas),PH080000000,Southern Leyte,PH086400000,Tomas Oppus,PH086418000,4
Region VIII (Eastern Visayas),PH080000000,Southern Leyte,PH086400000,Limasawa,PH086419000,17
Region VIII (Eastern Visayas),PH080000000,Biliran,PH087800000,Almeria,PH087801000,13
Region VIII (Eastern Visayas),PH080000000,Biliran,PH087800000,Biliran,PH087802000,10
Region VIII (Eastern Visayas),PH080000000,Biliran,PH087800000,Cabucgayan,PH087803000,17
Region VIII (Eastern Visayas),PH080000000,Biliran,PH087800000,Caibiran,PH087804000,1
Region VIII (Eastern Visayas),PH080000000,Biliran,PH087800000,Culaba,PH087805000,5
Region VIII (Eastern Visayas),PH080000000,Biliran,PH087800000,Kawayan,PH087806000,74
Region VIII (Eastern Visayas),PH080000000,Biliran,PH087800000,Maripipi,PH087807000,21
Region VIII (Eastern Visayas),PH080000000,Biliran,PH087800000,Naval (Capital),PH087808000,3
Region IX (Zamboanga Peninsula),PH090000000,Zamboanga Del Norte,PH097200000,City of Dapitan,PH097201000,3
Region IX (Zamboanga Peninsula),PH090000000,Zamboanga Del Norte,PH097200000,City of Dipolog (Capital),PH097202000,2
Region IX (Zamboanga Peninsula),PH090000000,Zamboanga Del Norte,PH097200000,Katipunan,PH097203000,11
Region IX (Zamboanga Peninsula),PH090000000,Zamboanga Del Norte,PH097200000,La Libertad,PH097204000,16
Region IX (Zamboanga Peninsula),PH090000000,Zamboanga Del Norte,PH097200000,Labason,PH097205000,1
Region IX (Zamboanga Peninsula),PH090000000,Zamboanga Del Norte,PH097200000,Liloy,PH097206000,2
Region IX (Zamboanga Peninsula),PH090000000,Zamboanga Del Norte,PH097200000,Manukan,PH097207000,2
Region IX (Zamboanga Peninsula),PH090000000,Zamboanga Del Norte,PH097200000,Mutia,PH097208000,4
Region IX (Zamboanga Peninsula),PH090000000,Zamboanga Del Norte,PH097200000,Piñan (New Piñan),PH097209000,3
Region IX (Zamboanga Peninsula),PH090000000,Zamboanga Del Norte,PH097200000,Polanco,PH097210000,17
Region IX (Zamboanga Peninsula),PH090000000,Zamboanga Del Norte,PH097200000,Pres. Manuel A. Roxas,PH097211000,3
Region IX (Zamboanga Peninsula),PH090000000,Zamboanga Del Norte,PH097200000,Rizal,PH097212000,1
Region IX (Zamboanga Peninsula),PH090000000,Zamboanga Del Norte,PH097200000,Salug,PH097213000,8
Region IX (Zamboanga Peninsula),PH090000000,Zamboanga Del Norte,PH097200000,Sergio Osmeña Sr.,PH097214000,1
Region IX (Zamboanga Peninsula),PH090000000,Zamboanga Del Norte,PH097200000,Siayan,PH097215000,1
Region IX (Zamboanga Peninsula),PH090000000,Zamboanga Del Norte,PH097200000,Sibuco,PH097216000,18
Region IX (Zamboanga Peninsula),PH090000000,Zamboanga Del Norte,PH097200000,Sibutad,PH097217000,4
Region IX (Zamboanga Peninsula),PH090000000,Zamboanga Del Norte,PH097200000,Sindangan,PH097218000,35
Region IX (Zamboanga Peninsula),PH090000000,Zamboanga Del Norte,PH097200000,Siocon,PH097219000,6
Region IX (Zamboanga Peninsula),PH090000000,Zamboanga Del Norte,PH097200000,Sirawai,PH097220000,2
Region IX (Zamboanga Peninsula),PH090000000,Zamboanga Del Norte,PH097200000,Tampilisan,PH097221000,21
Region IX (Zamboanga Peninsula),PH090000000,Zamboanga Del Norte,PH097200000,Jose Dalman (Ponot),PH097222000,1
Region IX (Zamboanga Peninsula),PH090000000,Zamboanga Del Norte,PH097200000,Gutalac,PH097223000,3
Region IX (Zamboanga Peninsula),PH090000000,Zamboanga Del Norte,PH097200000,Baliguian,PH097224000,3
Region IX (Zamboanga Peninsula),PH090000000,Zamboanga Del Norte,PH097200000,Godod,PH097225000,4
Region IX (Zamboanga Peninsula),PH090000000,Zamboanga Del Norte,PH097200000,Bacungan (Leon T. Postigo),PH097226000,4
Region IX (Zamboanga Peninsula),PH090000000,Zamboanga Del Norte,PH097200000,Kalawit,PH097227000,2
Region IX (Zamboanga Peninsula),PH090000000,Zamboanga Del Sur,PH097300000,Aurora,PH097302000,1
Region IX (Zamboanga Peninsula),PH090000000,Zamboanga Del Sur,PH097300000,Bayog,PH097303000,4
Region IX (Zamboanga Peninsula),PH090000000,Zamboanga Del Sur,PH097300000,Dimataling,PH097305000,1
Region IX (Zamboanga Peninsula),PH090000000,Zamboanga Del Sur,PH097300000,Dinas,PH097306000,2
Region IX (Zamboanga Peninsula),PH090000000,Zamboanga Del Sur,PH097300000,Dumalinao,PH097307000,7
Region IX (Zamboanga Peninsula),PH090000000,Zamboanga Del Sur,PH097300000,Dumingag,PH097308000,51
Region IX (Zamboanga Peninsula),PH090000000,Zamboanga Del Sur,PH097300000,Kumalarang,PH097311000,4
Region IX (Zamboanga Peninsula),PH090000000,Zamboanga Del Sur,PH097300000,Labangan,PH097312000,4
Region IX (Zamboanga Peninsula),PH090000000,Zamboanga Del Sur,PH097300000,Lapuyan,PH097313000,9
Region IX (Zamboanga Peninsula),PH090000000,Zamboanga Del Sur,PH097300000,Mahayag,PH097315000,1
Region IX (Zamboanga Peninsula),PH090000000,Zamboanga Del Sur,PH097300000,Margosatubig,PH097317000,2
Region IX (Zamboanga Peninsula),PH090000000,Zamboanga Del Sur,PH097300000,Midsalip,PH097318000,9
Region IX (Zamboanga Peninsula),PH090000000,Zamboanga Del Sur,PH097300000,Molave,PH097319000,9
Region IX (Zamboanga Peninsula),PH090000000,Zamboanga Del Sur,PH097300000,City of Pagadian (Capital),PH097322000,2
Region IX (Zamboanga Peninsula),PH090000000,Zamboanga Del Sur,PH097300000,Ramon Magsaysay (Liargo),PH097323000,14
Region IX (Zamboanga Peninsula),PH090000000,Zamboanga Del Sur,PH097300000,San Miguel,PH097324000,2
Region IX (Zamboanga Peninsula),PH090000000,Zamboanga Del Sur,PH097300000,San Pablo,PH097325000,2
Region IX (Zamboanga Peninsula),PH090000000,Zamboanga Del Sur,PH097300000,Tabina,PH097327000,20
Region IX (Zamboanga Peninsula),PH090000000,Zamboanga Del Sur,PH097300000,Tambulig,PH097328000,1
Region IX (Zamboanga Peninsula),PH090000000,Zamboanga Del Sur,PH097300000,Tukuran,PH097330000,3
Region IX (Zamboanga Peninsula),PH090000000,Zamboanga Del Sur,PH097300000,City of Zamboanga,PH097332000,47
Region IX (Zamboanga Peninsula),PH090000000,Zamboanga Del Sur,PH097300000,Lakewood,PH097333000,2
Region IX (Zamboanga Peninsula),PH090000000,Zamboanga Del Sur,PH097300000,Josefina,PH097337000,4
Region IX (Zamboanga Peninsula),PH090000000,Zamboanga Del Sur,PH097300000,Pitogo,PH097338000,6
Region IX (Zamboanga Peninsula),PH090000000,Zamboanga Del Sur,PH097300000,Sominot (Don Mariano Marcos),PH097340000,6
Region IX (Zamboanga Peninsula),PH090000000,Zamboanga Del Sur,PH097300000,Vincenzo A. Sagun,PH097341000,7
Region IX (Zamboanga Peninsula),PH090000000,Zamboanga Del Sur,PH097300000,Guipos,PH097343000,4
Region IX (Zamboanga Peninsula),PH090000000,Zamboanga Del Sur,PH097300000,Tigbao,PH097344000,69
Region IX (Zamboanga Peninsula),PH090000000,Zamboanga Sibugay,PH098300000,Alicia,PH098301000,17
Region IX (Zamboanga Peninsula),PH090000000,Zamboanga Sibugay,PH098300000,Buug,PH098302000,2
Region IX (Zamboanga Peninsula),PH090000000,Zamboanga Sibugay,PH098300000,Diplahan,PH098303000,1
Region IX (Zamboanga Peninsula),PH090000000,Zamboanga Sibugay,PH098300000,Imelda,PH098304000,4
Region IX (Zamboanga Peninsula),PH090000000,Zamboanga Sibugay,PH098300000,Ipil (Capital),PH098305000,6
Region IX (Zamboanga Peninsula),PH090000000,Zamboanga Sibugay,PH098300000,Kabasalan,PH098306000,1
Region IX (Zamboanga Peninsula),PH090000000,Zamboanga Sibugay,PH098300000,Mabuhay,PH098307000,22
Region IX (Zamboanga Peninsula),PH090000000,Zamboanga Sibugay,PH098300000,Malangas,PH098308000,1
Region IX (Zamboanga Peninsula),PH090000000,Zamboanga Sibugay,PH098300000,Naga,PH098309000,1
Region IX (Zamboanga Peninsula),PH090000000,Zamboanga Sibugay,PH098300000,Olutanga,PH098310000,7
Region IX (Zamboanga Peninsula),PH090000000,Zamboanga Sibugay,PH098300000,Payao,PH098311000,14
Region IX (Zamboanga Peninsula),PH090000000,Zamboanga Sibugay,PH098300000,Roseller Lim,PH098312000,4
Region IX (Zamboanga Peninsula),PH090000000,Zamboanga Sibugay,PH098300000,Siay,PH098313000,6
Region IX (Zamboanga Peninsula),PH090000000,Zamboanga Sibugay,PH098300000,Talusan,PH098314000,3
Region IX (Zamboanga Peninsula),PH090000000,Zamboanga Sibugay,PH098300000,Titay,PH098315000,1
Region IX (Zamboanga Peninsula),PH090000000,Zamboanga Sibugay,PH098300000,Tungawan,PH098316000,34
Region IX (Zamboanga Peninsula),PH090000000,City of Isabela (Not a Province),PH099700000,City of Isabela,PH099701000,0
Region X (Northern Mindanao),PH100000000,Bukidnon,PH101300000,Baungon,PH101301000,1
Region X (Northern Mindanao),PH100000000,Bukidnon,PH101300000,Damulog,PH101302000,7
Region X (Northern Mindanao),PH100000000,Bukidnon,PH101300000,Dangcagan,PH101303000,4
Region X (Northern Mindanao),PH100000000,Bukidnon,PH101300000,Don Carlos,PH101304000,1
Region X (Northern Mindanao),PH100000000,Bukidnon,PH101300000,Impasug-Ong,PH101305000,14
Region X (Northern Mindanao),PH100000000,Bukidnon,PH101300000,Kadingilan,PH101306000,2
Region X (Northern Mindanao),PH100000000,Bukidnon,PH101300000,Kalilangan,PH101307000,5
Region X (Northern Mindanao),PH100000000,Bukidnon,PH101300000,Kibawe,PH101308000,14
Region X (Northern Mindanao),PH100000000,Bukidnon,PH101300000,Kitaotao,PH101309000,0
Region X (Northern Mindanao),PH100000000,Bukidnon,PH101300000,Lantapan,PH101310000,0
Region X (Northern Mindanao),PH100000000,Bukidnon,PH101300000,Libona,PH101311000,16
Region X (Northern Mindanao),PH100000000,Bukidnon,PH101300000,City of Malaybalay (Capital),PH101312000,14
Region X (Northern Mindanao),PH100000000,Bukidnon,PH101300000,Malitbog,PH101313000,1
Region X (Northern Mindanao),PH100000000,Bukidnon,PH101300000,Manolo Fortich,PH101314000,23
Region X (Northern Mindanao),PH100000000,Bukidnon,PH101300000,Maramag,PH101315000,1
Region X (Northern Mindanao),PH100000000,Bukidnon,PH101300000,Pangantucan,PH101316000,1
Region X (Northern Mindanao),PH100000000,Bukidnon,PH101300000,Quezon,PH101317000,23
Region X (Northern Mindanao),PH100000000,Bukidnon,PH101300000,San Fernando,PH101318000,0
Region X (Northern Mindanao),PH100000000,Bukidnon,PH101300000,Sumilao,PH101319000,1
Region X (Northern Mindanao),PH100000000,Bukidnon,PH101300000,Talakag,PH101320000,23
Region X (Northern Mindanao),PH100000000,Bukidnon,PH101300000,City of Valencia,PH101321000,1
Region X (Northern Mindanao),PH100000000,Bukidnon,PH101300000,Cabanglasan,PH101322000,22
Region X (Northern Mindanao),PH100000000,Camiguin,PH101800000,Catarman,PH101801000,19
Region X (Northern Mindanao),PH100000000,Camiguin,PH101800000,Guinsiliban,PH101802000,22
Region X (Northern Mindanao),PH100000000,Camiguin,PH101800000,Mahinog,PH101803000,21
Region X (Northern Mindanao),PH100000000,Camiguin,PH101800000,Mambajao (Capital),PH101804000,17
Region X (Northern Mindanao),PH100000000,Camiguin,PH101800000,Sagay,PH101805000,29
Region X (Northern Mindanao),PH100000000,Lanao Del Norte,PH103500000,Bacolod,PH103501000,3
Region X (Northern Mindanao),PH100000000,Lanao Del Norte,PH103500000,Baloi,PH103502000,5
Region X (Northern Mindanao),PH100000000,Lanao Del Norte,PH103500000,Baroy,PH103503000,11
Region X (Northern Mindanao),PH100000000,Lanao Del Norte,PH103500000,City of Iligan,PH103504000,23
Region X (Northern Mindanao),PH100000000,Lanao Del Norte,PH103500000,Kapatagan,PH103505000,5
Region X (Northern Mindanao),PH100000000,Lanao Del Norte,PH103500000,Sultan Naga Dimaporo (Karomatan),PH103506000,2
Region X (Northern Mindanao),PH100000000,Lanao Del Norte,PH103500000,Kauswagan,PH103507000,5
Region X (Northern Mindanao),PH100000000,Lanao Del Norte,PH103500000,Kolambugan,PH103508000,10
Region X (Northern Mindanao),PH100000000,Lanao Del Norte,PH103500000,Lala,PH103509000,43
Region X (Northern Mindanao),PH100000000,Lanao Del Norte,PH103500000,Linamon,PH103510000,5
Region X (Northern Mindanao),PH100000000,Lanao Del Norte,PH103500000,Magsaysay,PH103511000,0
Region X (Northern Mindanao),PH100000000,Lanao Del Norte,PH103500000,Maigo,PH103512000,4
Region X (Northern Mindanao),PH100000000,Lanao Del Norte,PH103500000,Matungao,PH103513000,0
Region X (Northern Mindanao),PH100000000,Lanao Del Norte,PH103500000,Munai,PH103514000,2
Region X (Northern Mindanao),PH100000000,Lanao Del Norte,PH103500000,Nunungan,PH103515000,3
Region X (Northern Mindanao),PH100000000,Lanao Del Norte,PH103500000,Pantao Ragat,PH103516000,0
Region X (Northern Mindanao),PH100000000,Lanao Del Norte,PH103500000,Poona Piagapo,PH103517000,4
Region X (Northern Mindanao),PH100000000,Lanao Del Norte,PH103500000,Salvador,PH103518000,1
Region X (Northern Mindanao),PH100000000,Lanao Del Norte,PH103500000,Sapad,PH103519000,0
Region X (Northern Mindanao),PH100000000,Lanao Del Norte,PH103500000,Tagoloan,PH103520000,4
Region X (Northern Mindanao),PH100000000,Lanao Del Norte,PH103500000,Tangcal,PH103521000,5
Region X (Northern Mindanao),PH100000000,Lanao Del Norte,PH103500000,Tubod (Capital),PH103522000,2
Region X (Northern Mindanao),PH100000000,Lanao Del Norte,PH103500000,Pantar,PH103523000,0
Region X (Northern Mindanao),PH100000000,Misamis Occidental,PH104200000,Aloran,PH104201000,8
Region X (Northern Mindanao),PH100000000,Misamis Occidental,PH104200000,Baliangao,PH104202000,1
Region X (Northern Mindanao),PH100000000,Misamis Occidental,PH104200000,Bonifacio,PH104203000,1
Region X (Northern Mindanao),PH100000000,Misamis Occidental,PH104200000,Calamba,PH104204000,5
Region X (Northern Mindanao),PH100000000,Misamis Occidental,PH104200000,Clarin,PH104205000,5
Region X (Northern Mindanao),PH100000000,Misamis Occidental,PH104200000,Concepcion,PH104206000,3
Region X (Northern Mindanao),PH100000000,Misamis Occidental,PH104200000,Jimenez,PH104207000,0
Region X (Northern Mindanao),PH100000000,Misamis Occidental,PH104200000,Lopez Jaena,PH104208000,1
Region X (Northern Mindanao),PH100000000,Misamis Occidental,PH104200000,City of Oroquieta (Capital),PH104209000,9
Region X (Northern Mindanao),PH100000000,Misamis Occidental,PH104200000,City of Ozamiz,PH104210000,6
Region X (Northern Mindanao),PH100000000,Misamis Occidental,PH104200000,Panaon,PH104211000,4
Region X (Northern Mindanao),PH100000000,Misamis Occidental,PH104200000,Plaridel,PH104212000,4
Region X (Northern Mindanao),PH100000000,Misamis Occidental,PH104200000,Sapang Dalaga,PH104213000,32
Region X (Northern Mindanao),PH100000000,Misamis Occidental,PH104200000,Sinacaban,PH104214000,3
Region X (Northern Mindanao),PH100000000,Misamis Occidental,PH104200000,City of Tangub,PH104215000,9
Region X (Northern Mindanao),PH100000000,Misamis Occidental,PH104200000,Tudela,PH104216000,3
Region X (Northern Mindanao),PH100000000,Misamis Occidental,PH104200000,Don Victoriano Chiongbian  (Don Mariano Marcos),PH104217000,1
Region X (Northern Mindanao),PH100000000,Misamis Oriental,PH104300000,Alubijid,PH104301000,1
Region X (Northern Mindanao),PH100000000,Misamis Oriental,PH104300000,Balingasag,PH104302000,3
Region X (Northern Mindanao),PH100000000,Misamis Oriental,PH104300000,Balingoan,PH104303000,4
Region X (Northern Mindanao),PH100000000,Misamis Oriental,PH104300000,Binuangan,PH104304000,2
Region X (Northern Mindanao),PH100000000,Misamis Oriental,PH104300000,City of Cagayan De Oro (Capital),PH104305000,100
Region X (Northern Mindanao),PH100000000,Misamis Oriental,PH104300000,Claveria,PH104306000,1
Region X (Northern Mindanao),PH100000000,Misamis Oriental,PH104300000,City of El Salvador,PH104307000,2
Region X (Northern Mindanao),PH100000000,Misamis Oriental,PH104300000,City of Gingoog,PH104308000,17
Region X (Northern Mindanao),PH100000000,Misamis Oriental,PH104300000,Gitagum,PH104309000,1
Region X (Northern Mindanao),PH100000000,Misamis Oriental,PH104300000,Initao,PH104310000,1
Region X (Northern Mindanao),PH100000000,Misamis Oriental,PH104300000,Jasaan,PH104311000,1
Region X (Northern Mindanao),PH100000000,Misamis Oriental,PH104300000,Kinoguitan,PH104312000,1
Region X (Northern Mindanao),PH100000000,Misamis Oriental,PH104300000,Lagonglong,PH104313000,1
Region X (Northern Mindanao),PH100000000,Misamis Oriental,PH104300000,Laguindingan,PH104314000,3
Region X (Northern Mindanao),PH100000000,Misamis Oriental,PH104300000,Libertad,PH104315000,3
Region X (Northern Mindanao),PH100000000,Misamis Oriental,PH104300000,Lugait,PH104316000,2
Region X (Northern Mindanao),PH100000000,Misamis Oriental,PH104300000,Magsaysay (Linugos),PH104317000,1
Region X (Northern Mindanao),PH100000000,Misamis Oriental,PH104300000,Manticao,PH104318000,16
Region X (Northern Mindanao),PH100000000,Misamis Oriental,PH104300000,Medina,PH104319000,2
Region X (Northern Mindanao),PH100000000,Misamis Oriental,PH104300000,Naawan,PH104320000,1
Region X (Northern Mindanao),PH100000000,Misamis Oriental,PH104300000,Opol,PH104321000,1
Region X (Northern Mindanao),PH100000000,Misamis Oriental,PH104300000,Salay,PH104322000,1
Region X (Northern Mindanao),PH100000000,Misamis Oriental,PH104300000,Sugbongcogon,PH104323000,2
Region X (Northern Mindanao),PH100000000,Misamis Oriental,PH104300000,Tagoloan,PH104324000,1
Region X (Northern Mindanao),PH100000000,Misamis Oriental,PH104300000,Talisayan,PH104325000,2
Region X (Northern Mindanao),PH100000000,Misamis Oriental,PH104300000,Villanueva,PH104326000,1
Region XI (Davao Region),PH110000000,Davao Del Norte,PH112300000,Asuncion (Saug),PH112301000,24
Region XI (Davao Region),PH110000000,Davao Del Norte,PH112300000,Carmen,PH112303000,12
Region XI (Davao Region),PH110000000,Davao Del Norte,PH112300000,Kapalong,PH112305000,28
Region XI (Davao Region),PH110000000,Davao Del Norte,PH112300000,New Corella,PH112314000,11
Region XI (Davao Region),PH110000000,Davao Del Norte,PH112300000,City of Panabo,PH112315000,24
Region XI (Davao Region),PH110000000,Davao Del Norte,PH112300000,Island Garden City of Samal,PH112317000,0
Region XI (Davao Region),PH110000000,Davao Del Norte,PH112300000,Santo Tomas,PH112318000,15
Region XI (Davao Region),PH110000000,Davao Del Norte,PH112300000,City of Tagum (Capital),PH112319000,7
Region XI (Davao Region),PH110000000,Davao Del Norte,PH112300000,Talaingod,PH112322000,3
Region XI (Davao Region),PH110000000,Davao Del Norte,PH112300000,Braulio E. Dujali,PH112323000,25
Region XI (Davao Region),PH110000000,Davao Del Norte,PH112300000,San Isidro,PH112324000,0
Region XI (Davao Region),PH110000000,Davao Del Sur,PH112400000,Bansalan,PH112401000,1
Region XI (Davao Region),PH110000000,Davao Del Sur,PH112400000,City of Davao,PH112402000,0
Region XI (Davao Region),PH110000000,Davao Del Sur,PH112400000,City of Digos (Capital),PH112403000,30
Region XI (Davao Region),PH110000000,Davao Del Sur,PH112400000,Hagonoy,PH112404000,59
Region XI (Davao Region),PH110000000,Davao Del Sur,PH112400000,Kiblawan,PH112406000,31
Region XI (Davao Region),PH110000000,Davao Del Sur,PH112400000,Magsaysay,PH112407000,48
Region XI (Davao Region),PH110000000,Davao Del Sur,PH112400000,Malalag,PH112408000,20
Region XI (Davao Region),PH110000000,Davao Del Sur,PH112400000,Matanao,PH112410000,33
Region XI (Davao Region),PH110000000,Davao Del Sur,PH112400000,Padada,PH112411000,11
Region XI (Davao Region),PH110000000,Davao Del Sur,PH112400000,Santa Cruz,PH112412000,14
Region XI (Davao Region),PH110000000,Davao Del Sur,PH112400000,Sulop,PH112414000,2
Region XI (Davao Region),PH110000000,Davao Oriental,PH112500000,Baganga,PH112501000,0
Region XI (Davao Region),PH110000000,Davao Oriental,PH112500000,Banaybanay,PH112502000,1
Region XI (Davao Region),PH110000000,Davao Oriental,PH112500000,Boston,PH112503000,1
Region XI (Davao Region),PH110000000,Davao Oriental,PH112500000,Caraga,PH112504000,6
Region XI (Davao Region),PH110000000,Davao Oriental,PH112500000,Cateel,PH112505000,3
Region XI (Davao Region),PH110000000,Davao Oriental,PH112500000,Governor Generoso,PH112506000,1
Region XI (Davao Region),PH110000000,Davao Oriental,PH112500000,Lupon,PH112507000,0
Region XI (Davao Region),PH110000000,Davao Oriental,PH112500000,Manay,PH112508000,25
Region XI (Davao Region),PH110000000,Davao Oriental,PH112500000,City of Mati (Capital),PH112509000,0
Region XI (Davao Region),PH110000000,Davao Oriental,PH112500000,San Isidro,PH112510000,16
Region XI (Davao Region),PH110000000,Davao Oriental,PH112500000,Tarragona,PH112511000,13
Region XI (Davao Region),PH110000000,Compostela Valley,PH118200000,Compostela,PH118201000,24
Region XI (Davao Region),PH110000000,Compostela Valley,PH118200000,Laak (San Vicente),PH118202000,1
Region XI (Davao Region),PH110000000,Compostela Valley,PH118200000,Mabini (Doña Alicia),PH118203000,16
Region XI (Davao Region),PH110000000,Compostela Valley,PH118200000,Maco,PH118204000,2
Region XI (Davao Region),PH110000000,Compostela Valley,PH118200000,Maragusan (San Mariano),PH118205000,25
Region XI (Davao Region),PH110000000,Compostela Valley,PH118200000,Mawab,PH118206000,19
Region XI (Davao Region),PH110000000,Compostela Valley,PH118200000,Monkayo,PH118207000,1
Region XI (Davao Region),PH110000000,Compostela Valley,PH118200000,Montevista,PH118208000,19
Region XI (Davao Region),PH110000000,Compostela Valley,PH118200000,Nabunturan (Capital),PH118209000,51
Region XI (Davao Region),PH110000000,Compostela Valley,PH118200000,New Bataan,PH118210000,3
Region XI (Davao Region),PH110000000,Compostela Valley,PH118200000,Pantukan,PH118211000,24
Region XI (Davao Region),PH110000000,Davao Occidental,PH118600000,Don Marcelino,PH118601000,9
Region XI (Davao Region),PH110000000,Davao Occidental,PH118600000,Jose Abad Santos (Trinidad),PH118602000,2
Region XI (Davao Region),PH110000000,Davao Occidental,PH118600000,Malita (Capital),PH118603000,4
Region XI (Davao Region),PH110000000,Davao Occidental,PH118600000,Santa Maria,PH118604000,7
Region XI (Davao Region),PH110000000,Davao Occidental,PH118600000,Sarangani,PH118605000,17
Region XII (SOCCSKSARGEN),PH120000000,Cotabato (North Cotabato),PH124700000,Alamada,PH124701000,1
Region XII (SOCCSKSARGEN),PH120000000,Cotabato (North Cotabato),PH124700000,Carmen,PH124702000,2
Region XII (SOCCSKSARGEN),PH120000000,Cotabato (North Cotabato),PH124700000,Kabacan,PH124703000,2
Region XII (SOCCSKSARGEN),PH120000000,Cotabato (North Cotabato),PH124700000,City of Kidapawan (Capital),PH124704000,1
Region XII (SOCCSKSARGEN),PH120000000,Cotabato (North Cotabato),PH124700000,Libungan,PH124705000,19
Region XII (SOCCSKSARGEN),PH120000000,Cotabato (North Cotabato),PH124700000,Magpet,PH124706000,19
Region XII (SOCCSKSARGEN),PH120000000,Cotabato (North Cotabato),PH124700000,Makilala,PH124707000,1
Region XII (SOCCSKSARGEN),PH120000000,Cotabato (North Cotabato),PH124700000,Matalam,PH124708000,42
Region XII (SOCCSKSARGEN),PH120000000,Cotabato (North Cotabato),PH124700000,Midsayap,PH124709000,1
Region XII (SOCCSKSARGEN),PH120000000,Cotabato (North Cotabato),PH124700000,M'Lang,PH124710000,7
Region XII (SOCCSKSARGEN),PH120000000,Cotabato (North Cotabato),PH124700000,Pigkawayan,PH124711000,3
Region XII (SOCCSKSARGEN),PH120000000,Cotabato (North Cotabato),PH124700000,Pikit,PH124712000,7
Region XII (SOCCSKSARGEN),PH120000000,Cotabato (North Cotabato),PH124700000,President Roxas,PH124713000,5
Region XII (SOCCSKSARGEN),PH120000000,Cotabato (North Cotabato),PH124700000,Tulunan,PH124714000,92
Region XII (SOCCSKSARGEN),PH120000000,Cotabato (North Cotabato),PH124700000,Antipas,PH124715000,3
Region XII (SOCCSKSARGEN),PH120000000,Cotabato (North Cotabato),PH124700000,Banisilan,PH124716000,89
Region XII (SOCCSKSARGEN),PH120000000,Cotabato (North Cotabato),PH124700000,Aleosan,PH124717000,5
Region XII (SOCCSKSARGEN),PH120000000,Cotabato (North Cotabato),PH124700000,Arakan,PH124718000,6
Region XII (SOCCSKSARGEN),PH120000000,South Cotabato,PH126300000,Banga,PH126302000,2
Region XII (SOCCSKSARGEN),PH120000000,South Cotabato,PH126300000,City of General Santos (Dadiangas),PH126303000,26
Region XII (SOCCSKSARGEN),PH120000000,South Cotabato,PH126300000,City of Koronadal (Capital),PH126306000,38
Region XII (SOCCSKSARGEN),PH120000000,South Cotabato,PH126300000,Norala,PH126311000,48
Region XII (SOCCSKSARGEN),PH120000000,South Cotabato,PH126300000,Polomolok,PH126312000,59
Region XII (SOCCSKSARGEN),PH120000000,South Cotabato,PH126300000,Surallah,PH126313000,7
Region XII (SOCCSKSARGEN),PH120000000,South Cotabato,PH126300000,Tampakan,PH126314000,48
Region XII (SOCCSKSARGEN),PH120000000,South Cotabato,PH126300000,Tantangan,PH126315000,12
Region XII (SOCCSKSARGEN),PH120000000,South Cotabato,PH126300000,T'Boli,PH126316000,34
Region XII (SOCCSKSARGEN),PH120000000,South Cotabato,PH126300000,Tupi,PH126317000,100
Region XII (SOCCSKSARGEN),PH120000000,South Cotabato,PH126300000,Santo Niño,PH126318000,13
Region XII (SOCCSKSARGEN),PH120000000,South Cotabato,PH126300000,Lake Sebu,PH126319000,3
Region XII (SOCCSKSARGEN),PH120000000,Sultan Kudarat,PH126500000,Bagumbayan,PH126501000,3
Region XII (SOCCSKSARGEN),PH120000000,Sultan Kudarat,PH126500000,Columbio,PH126502000,23
Region XII (SOCCSKSARGEN),PH120000000,Sultan Kudarat,PH126500000,Esperanza,PH126503000,1
Region XII (SOCCSKSARGEN),PH120000000,Sultan Kudarat,PH126500000,Isulan (Capital),PH126504000,1
Region XII (SOCCSKSARGEN),PH120000000,Sultan Kudarat,PH126500000,Kalamansig,PH126505000,6
Region XII (SOCCSKSARGEN),PH120000000,Sultan Kudarat,PH126500000,Lebak,PH126506000,1
Region XII (SOCCSKSARGEN),PH120000000,Sultan Kudarat,PH126500000,Lutayan,PH126507000,12
Region XII (SOCCSKSARGEN),PH120000000,Sultan Kudarat,PH126500000,Lambayong (Mariano Marcos),PH126508000,6
Region XII (SOCCSKSARGEN),PH120000000,Sultan Kudarat,PH126500000,Palimbang,PH126509000,1
Region XII (SOCCSKSARGEN),PH120000000,Sultan Kudarat,PH126500000,President Quirino,PH126510000,3
Region XII (SOCCSKSARGEN),PH120000000,Sultan Kudarat,PH126500000,City of Tacurong,PH126511000,23
Region XII (SOCCSKSARGEN),PH120000000,Sultan Kudarat,PH126500000,Sen. Ninoy Aquino,PH126512000,1
Region XII (SOCCSKSARGEN),PH120000000,Sarangani,PH128000000,Alabel (Capital),PH128001000,11
Region XII (SOCCSKSARGEN),PH120000000,Sarangani,PH128000000,Glan,PH128002000,17
Region XII (SOCCSKSARGEN),PH120000000,Sarangani,PH128000000,Kiamba,PH128003000,10
Region XII (SOCCSKSARGEN),PH120000000,Sarangani,PH128000000,Maasim,PH128004000,10
Region XII (SOCCSKSARGEN),PH120000000,Sarangani,PH128000000,Maitum,PH128005000,5
Region XII (SOCCSKSARGEN),PH120000000,Sarangani,PH128000000,Malapatan,PH128006000,25
Region XII (SOCCSKSARGEN),PH120000000,Sarangani,PH128000000,Malungon,PH128007000,72
Region XII (SOCCSKSARGEN),PH120000000,Cotabato City (Not a Province),PH129800000,City of Cotabato,PH129804000,4
National Capital Region (NCR),PH130000000,"NCR, City of Manila, First District (Not a Province)",PH133900000,Tondo I/Ii,PH133901000,0
National Capital Region (NCR),PH130000000,"NCR, City of Manila, First District (Not a Province)",PH133900000,Binondo,PH133902000,0
National Capital Region (NCR),PH130000000,"NCR, City of Manila, First District (Not a Province)",PH133900000,Quiapo,PH133903000,0
National Capital Region (NCR),PH130000000,"NCR, City of Manila, First District (Not a Province)",PH133900000,San Nicolas,PH133904000,0
National Capital Region (NCR),PH130000000,"NCR, City of Manila, First District (Not a Province)",PH133900000,Santa Cruz,PH133905000,0
National Capital Region (NCR),PH130000000,"NCR, City of Manila, First District (Not a Province)",PH133900000,Sampaloc,PH133906000,0
National Capital Region (NCR),PH130000000,"NCR, City of Manila, First District (Not a Province)",PH133900000,San Miguel,PH133907000,0
National Capital Region (NCR),PH130000000,"NCR, City of Manila, First District (Not a Province)",PH133900000,Ermita,PH133908000,0
National Capital Region (NCR),PH130000000,"NCR, City of Manila, First District (Not a Province)",PH133900000,Intramuros,PH133909000,0
National Capital Region (NCR),PH130000000,"NCR, City of Manila, First District (Not a Province)",PH133900000,Malate,PH133910000,0
National Capital Region (NCR),PH130000000,"NCR, City of Manila, First District (Not a Province)",PH133900000,Paco,PH133911000,0
National Capital Region (NCR),PH130000000,"NCR, City of Manila, First District (Not a Province)",PH133900000,Pandacan,PH133912000,0
National Capital Region (NCR),PH130000000,"NCR, City of Manila, First District (Not a Province)",PH133900000,Port Area,PH133913000,0
National Capital Region (NCR),PH130000000,"NCR, City of Manila, First District (Not a Province)",PH133900000,Santa Ana,PH133914000,0
National Capital Region (NCR),PH130000000,"NCR, Second District (Not a Province)",PH137400000,City of Mandaluyong,PH137401000,0
National Capital Region (NCR),PH130000000,"NCR, Second District (Not a Province)",PH137400000,City of Marikina,PH137402000,5
National Capital Region (NCR),PH130000000,"NCR, Second District (Not a Province)",PH137400000,City of Pasig,PH137403000,129
National Capital Region (NCR),PH130000000,"NCR, Second District (Not a Province)",PH137400000,Quezon City,PH137404000,0
National Capital Region (NCR),PH130000000,"NCR, Second District (Not a Province)",PH137400000,City of San Juan,PH137405000,5
National Capital Region (NCR),PH130000000,"NCR, Third District (Not a Province)",PH137500000,City of Caloocan,PH137501000,24
National Capital Region (NCR),PH130000000,"NCR, Third District (Not a Province)",PH137500000,City of Malabon,PH137502000,71
National Capital Region (NCR),PH130000000,"NCR, Third District (Not a Province)",PH137500000,City of Navotas,PH137503000,0
National Capital Region (NCR),PH130000000,"NCR, Third District (Not a Province)",PH137500000,City of Valenzuela,PH137504000,0
National Capital Region (NCR),PH130000000,"NCR, Fourth District (Not a Province)",PH137600000,City of Las Piñas,PH137601000,70
National Capital Region (NCR),PH130000000,"NCR, Fourth District (Not a Province)",PH137600000,City of Makati,PH137602000,103
National Capital Region (NCR),PH130000000,"NCR, Fourth District (Not a Province)",PH137600000,City of Muntinlupa,PH137603000,16
National Capital Region (NCR),PH130000000,"NCR, Fourth District (Not a Province)",PH137600000,City of Parañaque,PH137604000,5
National Capital Region (NCR),PH130000000,"NCR, Fourth District (Not a Province)",PH137600000,Pasay City,PH137605000,18
National Capital Region (NCR),PH130000000,"NCR, Fourth District (Not a Province)",PH137600000,Pateros,PH137606000,0
National Capital Region (NCR),PH130000000,"NCR, Fourth District (Not a Province)",PH137600000,City of Taguig,PH137607000,0
Cordillera Administrative Region (CAR),PH140000000,Abra,PH140100000,Bangued (Capital),PH140101000,5
Cordillera Administrative Region (CAR),PH140000000,Abra,PH140100000,Boliney,PH140102000,0
Cordillera Administrative Region (CAR),PH140000000,Abra,PH140100000,Bucay,PH140103000,3
Cordillera Administrative Region (CAR),PH140000000,Abra,PH140100000,Bucloc,PH140104000,10
Cordillera Administrative Region (CAR),PH140000000,Abra,PH140100000,Daguioman,PH140105000,5
Cordillera Administrative Region (CAR),PH140000000,Abra,PH140100000,Danglas,PH140106000,8
Cordillera Administrative Region (CAR),PH140000000,Abra,PH140100000,Dolores,PH140107000,3
Cordillera Administrative Region (CAR),PH140000000,Abra,PH140100000,La Paz,PH140108000,6
Cordillera Administrative Region (CAR),PH140000000,Abra,PH140100000,Lacub,PH140109000,13
Cordillera Administrative Region (CAR),PH140000000,Abra,PH140100000,Lagangilang,PH140110000,1
Cordillera Administrative Region (CAR),PH140000000,Abra,PH140100000,Lagayan,PH140111000,3
Cordillera Administrative Region (CAR),PH140000000,Abra,PH140100000,Langiden,PH140112000,17
Cordillera Administrative Region (CAR),PH140000000,Abra,PH140100000,Licuan-Baay (Licuan),PH140113000,19
Cordillera Administrative Region (CAR),PH140000000,Abra,PH140100000,Luba,PH140114000,13
Cordillera Administrative Region (CAR),PH140000000,Abra,PH140100000,Malibcong,PH140115000,13
Cordillera Administrative Region (CAR),PH140000000,Abra,PH140100000,Manabo,PH140116000,0
Cordillera Administrative Region (CAR),PH140000000,Abra,PH140100000,Peñarrubia,PH140117000,30
Cordillera Administrative Region (CAR),PH140000000,Abra,PH140100000,Pidigan,PH140118000,5
Cordillera Administrative Region (CAR),PH140000000,Abra,PH140100000,Pilar,PH140119000,7
Cordillera Administrative Region (CAR),PH140000000,Abra,PH140100000,Sallapadan,PH140120000,17
Cordillera Administrative Region (CAR),PH140000000,Abra,PH140100000,San Isidro,PH140121000,7
Cordillera Administrative Region (CAR),PH140000000,Abra,PH140100000,San Juan,PH140122000,14
Cordillera Administrative Region (CAR),PH140000000,Abra,PH140100000,San Quintin,PH140123000,24
Cordillera Administrative Region (CAR),PH140000000,Abra,PH140100000,Tayum,PH140124000,14
Cordillera Administrative Region (CAR),PH140000000,Abra,PH140100000,Tineg,PH140125000,2
Cordillera Administrative Region (CAR),PH140000000,Abra,PH140100000,Tubo,PH140126000,10
Cordillera Administrative Region (CAR),PH140000000,Abra,PH140100000,Villaviciosa,PH140127000,16
Cordillera Administrative Region (CAR),PH140000000,Benguet,PH141100000,Atok,PH141101000,22
Cordillera Administrative Region (CAR),PH140000000,Benguet,PH141100000,City of Baguio,PH141102000,77
Cordillera Administrative Region (CAR),PH140000000,Benguet,PH141100000,Bakun,PH141103000,37
Cordillera Administrative Region (CAR),PH140000000,Benguet,PH141100000,Bokod,PH141104000,1
Cordillera Administrative Region (CAR),PH140000000,Benguet,PH141100000,Buguias,PH141105000,32
Cordillera Administrative Region (CAR),PH140000000,Benguet,PH141100000,Itogon,PH141106000,2
Cordillera Administrative Region (CAR),PH140000000,Benguet,PH141100000,Kabayan,PH141107000,41
Cordillera Administrative Region (CAR),PH140000000,Benguet,PH141100000,Kapangan,PH141108000,5
Cordillera Administrative Region (CAR),PH140000000,Benguet,PH141100000,Kibungan,PH141109000,75
Cordillera Administrative Region (CAR),PH140000000,Benguet,PH141100000,La Trinidad (Capital),PH141110000,23
Cordillera Administrative Region (CAR),PH140000000,Benguet,PH141100000,Mankayan,PH141111000,1
Cordillera Administrative Region (CAR),PH140000000,Benguet,PH141100000,Sablan,PH141112000,11
Cordillera Administrative Region (CAR),PH140000000,Benguet,PH141100000,Tuba,PH141113000,118
Cordillera Administrative Region (CAR),PH140000000,Benguet,PH141100000,Tublay,PH141114000,16
Cordillera Administrative Region (CAR),PH140000000,Ifugao,PH142700000,Banaue,PH142701000,0
Cordillera Administrative Region (CAR),PH140000000,Ifugao,PH142700000,Hungduan,PH142702000,32
Cordillera Administrative Region (CAR),PH140000000,Ifugao,PH142700000,Kiangan,PH142703000,10
Cordillera Administrative Region (CAR),PH140000000,Ifugao,PH142700000,Lagawe (Capital),PH142704000,15
Cordillera Administrative Region (CAR),PH140000000,Ifugao,PH142700000,Lamut,PH142705000,40
Cordillera Administrative Region (CAR),PH140000000,Ifugao,PH142700000,Mayoyao,PH142706000,2
Cordillera Administrative Region (CAR),PH140000000,Ifugao,PH142700000,Alfonso Lista (Potia),PH142707000,20
Cordillera Administrative Region (CAR),PH140000000,Ifugao,PH142700000,Aguinaldo,PH142708000,4
Cordillera Administrative Region (CAR),PH140000000,Ifugao,PH142700000,Hingyon,PH142709000,17
Cordillera Administrative Region (CAR),PH140000000,Ifugao,PH142700000,Tinoc,PH142710000,51
Cordillera Administrative Region (CAR),PH140000000,Ifugao,PH142700000,Asipulo,PH142711000,6
Cordillera Administrative Region (CAR),PH140000000,Kalinga,PH143200000,Balbalan,PH143201000,18
Cordillera Administrative Region (CAR),PH140000000,Kalinga,PH143200000,Lubuagan,PH143206000,1
Cordillera Administrative Region (CAR),PH140000000,Kalinga,PH143200000,Pasil,PH143208000,44
Cordillera Administrative Region (CAR),PH140000000,Kalinga,PH143200000,Pinukpuk,PH143209000,23
Cordillera Administrative Region (CAR),PH140000000,Kalinga,PH143200000,Rizal (Liwan),PH143211000,15
Cordillera Administrative Region (CAR),PH140000000,Kalinga,PH143200000,City of Tabuk (Capital),PH143213000,21
Cordillera Administrative Region (CAR),PH140000000,Kalinga,PH143200000,Tanudan,PH143214000,28
Cordillera Administrative Region (CAR),PH140000000,Kalinga,PH143200000,Tinglayan,PH143215000,29
Cordillera Administrative Region (CAR),PH140000000,Mountain Province,PH144400000,Barlig,PH144401000,3
Cordillera Administrative Region (CAR),PH140000000,Mountain Province,PH144400000,Bauko,PH144402000,0
Cordillera Administrative Region (CAR),PH140000000,Mountain Province,PH144400000,Besao,PH144403000,13
Cordillera Administrative Region (CAR),PH140000000,Mountain Province,PH144400000,Bontoc (Capital),PH144404000,7
Cordillera Administrative Region (CAR),PH140000000,Mountain Province,PH144400000,Natonin,PH144405000,2
Cordillera Administrative Region (CAR),PH140000000,Mountain Province,PH144400000,Paracelis,PH144406000,1
Cordillera Administrative Region (CAR),PH140000000,Mountain Province,PH144400000,Sabangan,PH144407000,2
Cordillera Administrative Region (CAR),PH140000000,Mountain Province,PH144400000,Sadanga,PH144408000,27
Cordillera Administrative Region (CAR),PH140000000,Mountain Province,PH144400000,Sagada,PH144409000,29
Cordillera Administrative Region (CAR),PH140000000,Mountain Province,PH144400000,Tadian,PH144410000,1
Cordillera Administrative Region (CAR),PH140000000,Apayao,PH148100000,Calanasan (Bayag),PH148101000,40
Cordillera Administrative Region (CAR),PH140000000,Apayao,PH148100000,Conner,PH148102000,8
Cordillera Administrative Region (CAR),PH140000000,Apayao,PH148100000,Flora,PH148103000,1
Cordillera Administrative Region (CAR),PH140000000,Apayao,PH148100000,Kabugao (Capital),PH148104000,12
Cordillera Administrative Region (CAR),PH140000000,Apayao,PH148100000,Luna,PH148105000,51
Cordillera Administrative Region (CAR),PH140000000,Apayao,PH148100000,Pudtol,PH148106000,23
Cordillera Administrative Region (CAR),PH140000000,Apayao,PH148100000,Santa Marcela,PH148107000,13
Autonomous Region in Muslim Mindanao (ARMM),PH150000000,Basilan,PH150700000,City of Lamitan (Capital),PH150702000,0
Autonomous Region in Muslim Mindanao (ARMM),PH150000000,Basilan,PH150700000,Lantawan,PH150703000,0
Autonomous Region in Muslim Mindanao (ARMM),PH150000000,Basilan,PH150700000,Maluso,PH150704000,0
Autonomous Region in Muslim Mindanao (ARMM),PH150000000,Basilan,PH150700000,Sumisip,PH150705000,0
Autonomous Region in Muslim Mindanao (ARMM),PH150000000,Basilan,PH150700000,Tipo-Tipo,PH150706000,0
Autonomous Region in Muslim Mindanao (ARMM),PH150000000,Basilan,PH150700000,Tuburan,PH150707000,0
Autonomous Region in Muslim Mindanao (ARMM),PH150000000,Basilan,PH150700000,Akbar,PH150708000,0
Autonomous Region in Muslim Mindanao (ARMM),PH150000000,Basilan,PH150700000,Al-Barka,PH150709000,0
Autonomous Region in Muslim Mindanao (ARMM),PH150000000,Basilan,PH150700000,Hadji Mohammad Ajul,PH150710000,0
Autonomous Region in Muslim Mindanao (ARMM),PH150000000,Basilan,PH150700000,Ungkaya Pukan,PH150711000,0
Autonomous Region in Muslim Mindanao (ARMM),PH150000000,Basilan,PH150700000,Hadji Muhtamad,PH150712000,0
Autonomous Region in Muslim Mindanao (ARMM),PH150000000,Basilan,PH150700000,Tabuan-Lasa,PH150713000,0
Autonomous Region in Muslim Mindanao (ARMM),PH150000000,Lanao Del Sur,PH153600000,Bacolod-Kalawi (Bacolod Grande),PH153601000,0
Autonomous Region in Muslim Mindanao (ARMM),PH150000000,Lanao Del Sur,PH153600000,Balabagan,PH153602000,0
Autonomous Region in Muslim Mindanao (ARMM),PH150000000,Lanao Del Sur,PH153600000,Balindong (Watu),PH153603000,0
Autonomous Region in Muslim Mindanao (ARMM),PH150000000,Lanao Del Sur,PH153600000,Bayang,PH153604000,0
Autonomous Region in Muslim Mindanao (ARMM),PH150000000,Lanao Del Sur,PH153600000,Binidayan,PH153605000,0
Autonomous Region in Muslim Mindanao (ARMM),PH150000000,Lanao Del Sur,PH153600000,Bubong,PH153606000,0
Autonomous Region in Muslim Mindanao (ARMM),PH150000000,Lanao Del Sur,PH153600000,Butig,PH153607000,0
Autonomous Region in Muslim Mindanao (ARMM),PH150000000,Lanao Del Sur,PH153600000,Ganassi,PH153609000,0
Autonomous Region in Muslim Mindanao (ARMM),PH150000000,Lanao Del Sur,PH153600000,Kapai,PH153610000,0
Autonomous Region in Muslim Mindanao (ARMM),PH150000000,Lanao Del Sur,PH153600000,Lumba-Bayabao (Maguing),PH153611000,0
Autonomous Region in Muslim Mindanao (ARMM),PH150000000,Lanao Del Sur,PH153600000,Lumbatan,PH153612000,0
Autonomous Region in Muslim Mindanao (ARMM),PH150000000,Lanao Del Sur,PH153600000,Madalum,PH153613000,0
Autonomous Region in Muslim Mindanao (ARMM),PH150000000,Lanao Del Sur,PH153600000,Madamba,PH153614000,0
Autonomous Region in Muslim Mindanao (ARMM),PH150000000,Lanao Del Sur,PH153600000,Malabang,PH153615000,0
Autonomous Region in Muslim Mindanao (ARMM),PH150000000,Lanao Del Sur,PH153600000,Marantao,PH153616000,0
Autonomous Region in Muslim Mindanao (ARMM),PH150000000,Lanao Del Sur,PH153600000,City of Marawi (Capital),PH153617000,0
Autonomous Region in Muslim Mindanao (ARMM),PH150000000,Lanao Del Sur,PH153600000,Masiu,PH153618000,0
Autonomous Region in Muslim Mindanao (ARMM),PH150000000,Lanao Del Sur,PH153600000,Mulondo,PH153619000,0
Autonomous Region in Muslim Mindanao (ARMM),PH150000000,Lanao Del Sur,PH153600000,Pagayawan (Tatarikan),PH153620000,0
Autonomous Region in Muslim Mindanao (ARMM),PH150000000,Lanao Del Sur,PH153600000,Piagapo,PH153621000,0
Autonomous Region in Muslim Mindanao (ARMM),PH150000000,Lanao Del Sur,PH153600000,Poona Bayabao (Gata),PH153622000,0
Autonomous Region in Muslim Mindanao (ARMM),PH150000000,Lanao Del Sur,PH153600000,Pualas,PH153623000,0
Autonomous Region in Muslim Mindanao (ARMM),PH150000000,Lanao Del Sur,PH153600000,Ditsaan-Ramain,PH153624000,0
Autonomous Region in Muslim Mindanao (ARMM),PH150000000,Lanao Del Sur,PH153600000,Saguiaran,PH153625000,0
Autonomous Region in Muslim Mindanao (ARMM),PH150000000,Lanao Del Sur,PH153600000,Tamparan,PH153626000,0
Autonomous Region in Muslim Mindanao (ARMM),PH150000000,Lanao Del Sur,PH153600000,Taraka,PH153627000,0
Autonomous Region in Muslim Mindanao (ARMM),PH150000000,Lanao Del Sur,PH153600000,Tubaran,PH153628000,0
Autonomous Region in Muslim Mindanao (ARMM),PH150000000,Lanao Del Sur,PH153600000,Tugaya,PH153629000,0
Autonomous Region in Muslim Mindanao (ARMM),PH150000000,Lanao Del Sur,PH153600000,Wao,PH153630000,0
Autonomous Region in Muslim Mindanao (ARMM),PH150000000,Lanao Del Sur,PH153600000,Marogong,PH153631000,0
Autonomous Region in Muslim Mindanao (ARMM),PH150000000,Lanao Del Sur,PH153600000,Calanogas,PH153632000,0
Autonomous Region in Muslim Mindanao (ARMM),PH150000000,Lanao Del Sur,PH153600000,Buadiposo-Buntong,PH153633000,0
Autonomous Region in Muslim Mindanao (ARMM),PH150000000,Lanao Del Sur,PH153600000,Maguing,PH153634000,0
Autonomous Region in Muslim Mindanao (ARMM),PH150000000,Lanao Del Sur,PH153600000,Picong (Sultan Gumander),PH153635000,0
Autonomous Region in Muslim Mindanao (ARMM),PH150000000,Lanao Del Sur,PH153600000,Lumbayanague,PH153636000,0
Autonomous Region in Muslim Mindanao (ARMM),PH150000000,Lanao Del Sur,PH153600000,Bumbaran,PH153637000,0
Autonomous Region in Muslim Mindanao (ARMM),PH150000000,Lanao Del Sur,PH153600000,Tagoloan Ii,PH153638000,0
Autonomous Region in Muslim Mindanao (ARMM),PH150000000,Lanao Del Sur,PH153600000,Kapatagan,PH153639000,0
Autonomous Region in Muslim Mindanao (ARMM),PH150000000,Lanao Del Sur,PH153600000,Sultan Dumalondong,PH153640000,0
Autonomous Region in Muslim Mindanao (ARMM),PH150000000,Lanao Del Sur,PH153600000,Lumbaca-Unayan,PH153641000,0
Autonomous Region in Muslim Mindanao (ARMM),PH150000000,Maguindanao,PH153800000,Ampatuan,PH153801000,0
Autonomous Region in Muslim Mindanao (ARMM),PH150000000,Maguindanao,PH153800000,Buldon,PH153802000,0
Autonomous Region in Muslim Mindanao (ARMM),PH150000000,Maguindanao,PH153800000,Buluan,PH153803000,0
Autonomous Region in Muslim Mindanao (ARMM),PH150000000,Maguindanao,PH153800000,Datu Paglas,PH153805000,0
Autonomous Region in Muslim Mindanao (ARMM),PH150000000,Maguindanao,PH153800000,Datu Piang,PH153806000,0
Autonomous Region in Muslim Mindanao (ARMM),PH150000000,Maguindanao,PH153800000,Datu Odin Sinsuat (Dinaig),PH153807000,0
Autonomous Region in Muslim Mindanao (ARMM),PH150000000,Maguindanao,PH153800000,Shariff Aguak (Maganoy) (Capital),PH153808000,0
Autonomous Region in Muslim Mindanao (ARMM),PH150000000,Maguindanao,PH153800000,Matanog,PH153809000,0
Autonomous Region in Muslim Mindanao (ARMM),PH150000000,Maguindanao,PH153800000,Pagalungan,PH153810000,0
Autonomous Region in Muslim Mindanao (ARMM),PH150000000,Maguindanao,PH153800000,Parang,PH153811000,0
Autonomous Region in Muslim Mindanao (ARMM),PH150000000,Maguindanao,PH153800000,Sultan Kudarat (Nuling),PH153812000,0
Autonomous Region in Muslim Mindanao (ARMM),PH150000000,Maguindanao,PH153800000,Sultan Sa Barongis (Lambayong),PH153813000,0
Autonomous Region in Muslim Mindanao (ARMM),PH150000000,Maguindanao,PH153800000,Kabuntalan (Tumbao),PH153814000,0
Autonomous Region in Muslim Mindanao (ARMM),PH150000000,Maguindanao,PH153800000,Upi,PH153815000,0
Autonomous Region in Muslim Mindanao (ARMM),PH150000000,Maguindanao,PH153800000,Talayan,PH153816000,0
Autonomous Region in Muslim Mindanao (ARMM),PH150000000,Maguindanao,PH153800000,South Upi,PH153817000,0
Autonomous Region in Muslim Mindanao (ARMM),PH150000000,Maguindanao,PH153800000,Barira,PH153818000,0
Autonomous Region in Muslim Mindanao (ARMM),PH150000000,Maguindanao,PH153800000,Gen. S.K. Pendatun,PH153819000,0
Autonomous Region in Muslim Mindanao (ARMM),PH150000000,Maguindanao,PH153800000,Mamasapano,PH153820000,0
Autonomous Region in Muslim Mindanao (ARMM),PH150000000,Maguindanao,PH153800000,Talitay,PH153821000,0
Autonomous Region in Muslim Mindanao (ARMM),PH150000000,Maguindanao,PH153800000,Pagagawan,PH153822000,0
Autonomous Region in Muslim Mindanao (ARMM),PH150000000,Maguindanao,PH153800000,Paglat,PH153823000,0
Autonomous Region in Muslim Mindanao (ARMM),PH150000000,Maguindanao,PH153800000,Sultan Mastura,PH153824000,0
Autonomous Region in Muslim Mindanao (ARMM),PH150000000,Maguindanao,PH153800000,Guindulungan,PH153825000,0
Autonomous Region in Muslim Mindanao (ARMM),PH150000000,Maguindanao,PH153800000,Datu Saudi-Ampatuan,PH153826000,0
Autonomous Region in Muslim Mindanao (ARMM),PH150000000,Maguindanao,PH153800000,Datu Unsay,PH153827000,0
Autonomous Region in Muslim Mindanao (ARMM),PH150000000,Maguindanao,PH153800000,Datu Abdullah Sangki,PH153828000,0
Autonomous Region in Muslim Mindanao (ARMM),PH150000000,Maguindanao,PH153800000,Rajah Buayan,PH153829000,0
Autonomous Region in Muslim Mindanao (ARMM),PH150000000,Maguindanao,PH153800000,Datu Blah T. Sinsuat,PH153830000,0
Autonomous Region in Muslim Mindanao (ARMM),PH150000000,Maguindanao,PH153800000,Datu Anggal Midtimbang,PH153831000,0
Autonomous Region in Muslim Mindanao (ARMM),PH150000000,Maguindanao,PH153800000,Mangudadatu,PH153832000,0
Autonomous Region in Muslim Mindanao (ARMM),PH150000000,Maguindanao,PH153800000,Pandag,PH153833000,0
Autonomous Region in Muslim Mindanao (ARMM),PH150000000,Maguindanao,PH153800000,Northern Kabuntalan,PH153834000,0
Autonomous Region in Muslim Mindanao (ARMM),PH150000000,Maguindanao,PH153800000,Datu Hoffer Ampatuan,PH153835000,0
Autonomous Region in Muslim Mindanao (ARMM),PH150000000,Maguindanao,PH153800000,Datu Salibo,PH153836000,0
Autonomous Region in Muslim Mindanao (ARMM),PH150000000,Maguindanao,PH153800000,Shariff Saydona Mustapha,PH153837000,0
Autonomous Region in Muslim Mindanao (ARMM),PH150000000,Sulu,PH156600000,Indanan,PH156601000,0
Autonomous Region in Muslim Mindanao (ARMM),PH150000000,Sulu,PH156600000,Jolo (Capital),PH156602000,0
Autonomous Region in Muslim Mindanao (ARMM),PH150000000,Sulu,PH156600000,Kalingalan Caluang,PH156603000,0
Autonomous Region in Muslim Mindanao (ARMM),PH150000000,Sulu,PH156600000,Luuk,PH156604000,0
Autonomous Region in Muslim Mindanao (ARMM),PH150000000,Sulu,PH156600000,Maimbung,PH156605000,0
Autonomous Region in Muslim Mindanao (ARMM),PH150000000,Sulu,PH156600000,Hadji Panglima Tahil (Marunggas),PH156606000,0
Autonomous Region in Muslim Mindanao (ARMM),PH150000000,Sulu,PH156600000,Old Panamao,PH156607000,0
Autonomous Region in Muslim Mindanao (ARMM),PH150000000,Sulu,PH156600000,Pangutaran,PH156608000,0
Autonomous Region in Muslim Mindanao (ARMM),PH150000000,Sulu,PH156600000,Parang,PH156609000,0
Autonomous Region in Muslim Mindanao (ARMM),PH150000000,Sulu,PH156600000,Pata,PH156610000,0
Autonomous Region in Muslim Mindanao (ARMM),PH150000000,Sulu,PH156600000,Patikul,PH156611000,0
Autonomous Region in Muslim Mindanao (ARMM),PH150000000,Sulu,PH156600000,Siasi,PH156612000,0
Autonomous Region in Muslim Mindanao (ARMM),PH150000000,Sulu,PH156600000,Talipao,PH156613000,0
Autonomous Region in Muslim Mindanao (ARMM),PH150000000,Sulu,PH156600000,Tapul,PH156614000,0
Autonomous Region in Muslim Mindanao (ARMM),PH150000000,Sulu,PH156600000,Tongkil,PH156615000,0
Autonomous Region in Muslim Mindanao (ARMM),PH150000000,Sulu,PH156600000,Panglima Estino (New Panamao),PH156616000,0
Autonomous Region in Muslim Mindanao (ARMM),PH150000000,Sulu,PH156600000,Lugus,PH156617000,0
Autonomous Region in Muslim Mindanao (ARMM),PH150000000,Sulu,PH156600000,Pandami,PH156618000,0
Autonomous Region in Muslim Mindanao (ARMM),PH150000000,Sulu,PH156600000,Omar,PH156619000,0
Autonomous Region in Muslim Mindanao (ARMM),PH150000000,Tawi-Tawi,PH157000000,Panglima Sugala (Balimbing),PH157001000,0
Autonomous Region in Muslim Mindanao (ARMM),PH150000000,Tawi-Tawi,PH157000000,Bongao (Capital),PH157002000,0
Autonomous Region in Muslim Mindanao (ARMM),PH150000000,Tawi-Tawi,PH157000000,Mapun (Cagayan De Tawi-Tawi),PH157003000,0
Autonomous Region in Muslim Mindanao (ARMM),PH150000000,Tawi-Tawi,PH157000000,Simunul,PH157004000,0
Autonomous Region in Muslim Mindanao (ARMM),PH150000000,Tawi-Tawi,PH157000000,Sitangkai,PH157005000,0
Autonomous Region in Muslim Mindanao (ARMM),PH150000000,Tawi-Tawi,PH157000000,South Ubian,PH157006000,0
Autonomous Region in Muslim Mindanao (ARMM),PH150000000,Tawi-Tawi,PH157000000,Tandubas,PH157007000,0
Autonomous Region in Muslim Mindanao (ARMM),PH150000000,Tawi-Tawi,PH157000000,Turtle Islands,PH157008000,0
Autonomous Region in Muslim Mindanao (ARMM),PH150000000,Tawi-Tawi,PH157000000,Languyan,PH157009000,0
Autonomous Region in Muslim Mindanao (ARMM),PH150000000,Tawi-Tawi,PH157000000,Sapa-Sapa,PH157010000,0
Autonomous Region in Muslim Mindanao (ARMM),PH150000000,Tawi-Tawi,PH157000000,Sibutu,PH157011000,0
Region XIII (Caraga),PH160000000,Agusan Del Norte,PH160200000,Buenavista,PH160201000,8
Region XIII (Caraga),PH160000000,Agusan Del Norte,PH160200000,City of Butuan (Capital),PH160202000,14
Region XIII (Caraga),PH160000000,Agusan Del Norte,PH160200000,City of Cabadbaran,PH160203000,84
Region XIII (Caraga),PH160000000,Agusan Del Norte,PH160200000,Carmen,PH160204000,16
Region XIII (Caraga),PH160000000,Agusan Del Norte,PH160200000,Jabonga,PH160205000,20
Region XIII (Caraga),PH160000000,Agusan Del Norte,PH160200000,Kitcharao,PH160206000,21
Region XIII (Caraga),PH160000000,Agusan Del Norte,PH160200000,Las Nieves,PH160207000,1
Region XIII (Caraga),PH160000000,Agusan Del Norte,PH160200000,Magallanes,PH160208000,11
Region XIII (Caraga),PH160000000,Agusan Del Norte,PH160200000,Nasipit,PH160209000,2
Region XIII (Caraga),PH160000000,Agusan Del Norte,PH160200000,Santiago,PH160210000,2
Region XIII (Caraga),PH160000000,Agusan Del Norte,PH160200000,Tubay,PH160211000,34
Region XIII (Caraga),PH160000000,Agusan Del Norte,PH160200000,Remedios T. Romualdez,PH160212000,2
Region XIII (Caraga),PH160000000,Agusan Del Sur,PH160300000,City of Bayugan,PH160301000,2
Region XIII (Caraga),PH160000000,Agusan Del Sur,PH160300000,Bunawan,PH160302000,4
Region XIII (Caraga),PH160000000,Agusan Del Sur,PH160300000,Esperanza,PH160303000,5
Region XIII (Caraga),PH160000000,Agusan Del Sur,PH160300000,La Paz,PH160304000,2
Region XIII (Caraga),PH160000000,Agusan Del Sur,PH160300000,Loreto,PH160305000,2
Region XIII (Caraga),PH160000000,Agusan Del Sur,PH160300000,Prosperidad (Capital),PH160306000,13
Region XIII (Caraga),PH160000000,Agusan Del Sur,PH160300000,Rosario,PH160307000,32
Region XIII (Caraga),PH160000000,Agusan Del Sur,PH160300000,San Francisco,PH160308000,6
Region XIII (Caraga),PH160000000,Agusan Del Sur,PH160300000,San Luis,PH160309000,10
Region XIII (Caraga),PH160000000,Agusan Del Sur,PH160300000,Santa Josefa,PH160310000,17
Region XIII (Caraga),PH160000000,Agusan Del Sur,PH160300000,Talacogon,PH160311000,18
Region XIII (Caraga),PH160000000,Agusan Del Sur,PH160300000,Trento,PH160312000,9
Region XIII (Caraga),PH160000000,Agusan Del Sur,PH160300000,Veruela,PH160313000,3
Region XIII (Caraga),PH160000000,Agusan Del Sur,PH160300000,Sibagat,PH160314000,4
Region XIII (Caraga),PH160000000,Surigao Del Norte,PH166700000,Alegria,PH166701000,11
Region XIII (Caraga),PH160000000,Surigao Del Norte,PH166700000,Bacuag,PH166702000,18
Region XIII (Caraga),PH160000000,Surigao Del Norte,PH166700000,Burgos,PH166704000,1
Region XIII (Caraga),PH160000000,Surigao Del Norte,PH166700000,Claver,PH166706000,1
Region XIII (Caraga),PH160000000,Surigao Del Norte,PH166700000,Dapa,PH166707000,10
Region XIII (Caraga),PH160000000,Surigao Del Norte,PH166700000,Del Carmen,PH166708000,11
Region XIII (Caraga),PH160000000,Surigao Del Norte,PH166700000,General Luna,PH166710000,0
Region XIII (Caraga),PH160000000,Surigao Del Norte,PH166700000,Gigaquit,PH166711000,7
Region XIII (Caraga),PH160000000,Surigao Del Norte,PH166700000,Mainit,PH166714000,19
Region XIII (Caraga),PH160000000,Surigao Del Norte,PH166700000,Malimono,PH166715000,15
Region XIII (Caraga),PH160000000,Surigao Del Norte,PH166700000,Pilar,PH166716000,6
Region XIII (Caraga),PH160000000,Surigao Del Norte,PH166700000,Placer,PH166717000,19
Region XIII (Caraga),PH160000000,Surigao Del Norte,PH166700000,San Benito,PH166718000,5
Region XIII (Caraga),PH160000000,Surigao Del Norte,PH166700000,San Francisco (Anao-Aon),PH166719000,0
Region XIII (Caraga),PH160000000,Surigao Del Norte,PH166700000,San Isidro,PH166720000,26
Region XIII (Caraga),PH160000000,Surigao Del Norte,PH166700000,Santa Monica (Sapao),PH166721000,0
Region XIII (Caraga),PH160000000,Surigao Del Norte,PH166700000,Sison,PH166722000,3
Region XIII (Caraga),PH160000000,Surigao Del Norte,PH166700000,Socorro,PH166723000,46
Region XIII (Caraga),PH160000000,Surigao Del Norte,PH166700000,City of Surigao (Capital),PH166724000,16
Region XIII (Caraga),PH160000000,Surigao Del Norte,PH166700000,Tagana-An,PH166725000,4
Region XIII (Caraga),PH160000000,Surigao Del Norte,PH166700000,Tubod,PH166727000,6
Region XIII (Caraga),PH160000000,Surigao Del Sur,PH166800000,Barobo,PH166801000,5
Region XIII (Caraga),PH160000000,Surigao Del Sur,PH166800000,Bayabas,PH166802000,9
Region XIII (Caraga),PH160000000,Surigao Del Sur,PH166800000,City of Bislig,PH166803000,20
Region XIII (Caraga),PH160000000,Surigao Del Sur,PH166800000,Cagwait,PH166804000,14
Region XIII (Caraga),PH160000000,Surigao Del Sur,PH166800000,Cantilan,PH166805000,4
Region XIII (Caraga),PH160000000,Surigao Del Sur,PH166800000,Carmen,PH166806000,9
Region XIII (Caraga),PH160000000,Surigao Del Sur,PH166800000,Carrascal,PH166807000,1
Region XIII (Caraga),PH160000000,Surigao Del Sur,PH166800000,Cortes,PH166808000,23
Region XIII (Caraga),PH160000000,Surigao Del Sur,PH166800000,Hinatuan,PH166809000,191
Region XIII (Caraga),PH160000000,Surigao Del Sur,PH166800000,Lanuza,PH166810000,2
Region XIII (Caraga),PH160000000,Surigao Del Sur,PH166800000,Lianga,PH166811000,4
Region XIII (Caraga),PH160000000,Surigao Del Sur,PH166800000,Lingig,PH166812000,33
Region XIII (Caraga),PH160000000,Surigao Del Sur,PH166800000,Madrid,PH166813000,30
Region XIII (Caraga),PH160000000,Surigao Del Sur,PH166800000,Marihatag,PH166814000,6
Region XIII (Caraga),PH160000000,Surigao Del Sur,PH166800000,San Agustin,PH166815000,1
Region XIII (Caraga),PH160000000,Surigao Del Sur,PH166800000,San Miguel,PH166816000,4
Region XIII (Caraga),PH160000000,Surigao Del Sur,PH166800000,Tagbina,PH166817000,1
Region XIII (Caraga),PH160000000,Surigao Del Sur,PH166800000,Tago,PH166818000,2
Region XIII (Caraga),PH160000000,Surigao Del Sur,PH166800000,City of Tandag (Capital),PH166819000,3
Region XIII (Caraga),PH160000000,Dinagat Islands,PH168500000,Basilisa (Rizal),PH168501000,1
Region XIII (Caraga),PH160000000,Dinagat Islands,PH168500000,Cagdianao,PH168502000,14
Region XIII (Caraga),PH160000000,Dinagat Islands,PH168500000,Dinagat,PH168503000,12
Region XIII (Caraga),PH160000000,Dinagat Islands,PH168500000,Libjo (Albor),PH168504000,180
Region XIII (Caraga),PH160000000,Dinagat Islands,PH168500000,Loreto,PH168505000,15
Region XIII (Caraga),PH160000000,Dinagat Islands,PH168500000,San Jose (Capital),PH168506000,6
Region XIII (Caraga),PH160000000,Dinagat Islands,PH168500000,Tubajon,PH168507000,6
Mimaropa Region,PH170000000,Marinduque,PH174000000,Boac (Capital),PH174001000,31
Mimaropa Region,PH170000000,Marinduque,PH174000000,Buenavista,PH174002000,2
Mimaropa Region,PH170000000,Marinduque,PH174000000,Gasan,PH174003000,11
Mimaropa Region,PH170000000,Marinduque,PH174000000,Mogpog,PH174004000,4
Mimaropa Region,PH170000000,Marinduque,PH174000000,Santa Cruz,PH174005000,53
Mimaropa Region,PH170000000,Marinduque,PH174000000,Torrijos,PH174006000,18
Mimaropa Region,PH170000000,Occidental Mindoro,PH175100000,Abra De Ilog,PH175101000,1
Mimaropa Region,PH170000000,Occidental Mindoro,PH175100000,Calintaan,PH175102000,7
Mimaropa Region,PH170000000,Occidental Mindoro,PH175100000,Looc,PH175103000,16
Mimaropa Region,PH170000000,Occidental Mindoro,PH175100000,Lubang,PH175104000,15
Mimaropa Region,PH170000000,Occidental Mindoro,PH175100000,Magsaysay,PH175105000,5
Mimaropa Region,PH170000000,Occidental Mindoro,PH175100000,Mamburao (Capital),PH175106000,1
Mimaropa Region,PH170000000,Occidental Mindoro,PH175100000,Paluan,PH175107000,17
Mimaropa Region,PH170000000,Occidental Mindoro,PH175100000,Rizal,PH175108000,1
Mimaropa Region,PH170000000,Occidental Mindoro,PH175100000,Sablayan,PH175109000,14
Mimaropa Region,PH170000000,Occidental Mindoro,PH175100000,San Jose,PH175110000,6
Mimaropa Region,PH170000000,Occidental Mindoro,PH175100000,Santa Cruz,PH175111000,1
Mimaropa Region,PH170000000,Oriental Mindoro,PH175200000,Baco,PH175201000,7
Mimaropa Region,PH170000000,Oriental Mindoro,PH175200000,Bansud,PH175202000,6
Mimaropa Region,PH170000000,Oriental Mindoro,PH175200000,Bongabong,PH175203000,127
Mimaropa Region,PH170000000,Oriental Mindoro,PH175200000,Bulalacao (San Pedro),PH175204000,17
Mimaropa Region,PH170000000,Oriental Mindoro,PH175200000,City of Calapan (Capital),PH175205000,9
Mimaropa Region,PH170000000,Oriental Mindoro,PH175200000,Gloria,PH175206000,27
Mimaropa Region,PH170000000,Oriental Mindoro,PH175200000,Mansalay,PH175207000,4
Mimaropa Region,PH170000000,Oriental Mindoro,PH175200000,Naujan,PH175208000,201
Mimaropa Region,PH170000000,Oriental Mindoro,PH175200000,Pinamalayan,PH175209000,36
Mimaropa Region,PH170000000,Oriental Mindoro,PH175200000,Pola,PH175210000,24
Mimaropa Region,PH170000000,Oriental Mindoro,PH175200000,Puerto Galera,PH175211000,2
Mimaropa Region,PH170000000,Oriental Mindoro,PH175200000,Roxas,PH175212000,3
Mimaropa Region,PH170000000,Oriental Mindoro,PH175200000,San Teodoro,PH175213000,36
Mimaropa Region,PH170000000,Oriental Mindoro,PH175200000,Socorro,PH175214000,64
Mimaropa Region,PH170000000,Oriental Mindoro,PH175200000,Victoria,PH175215000,16
Mimaropa Region,PH170000000,Palawan,PH175300000,Aborlan,PH175301000,5
Mimaropa Region,PH170000000,Palawan,PH175300000,Agutaya,PH175302000,11
Mimaropa Region,PH170000000,Palawan,PH175300000,Araceli,PH175303000,20
Mimaropa Region,PH170000000,Palawan,PH175300000,Balabac,PH175304000,9
Mimaropa Region,PH170000000,Palawan,PH175300000,Bataraza,PH175305000,10
Mimaropa Region,PH170000000,Palawan,PH175300000,Brooke'S Point,PH175306000,9
Mimaropa Region,PH170000000,Palawan,PH175300000,Busuanga,PH175307000,31
Mimaropa Region,PH170000000,Palawan,PH175300000,Cagayancillo,PH175308000,21
Mimaropa Region,PH170000000,Palawan,PH175300000,Coron,PH175309000,3
Mimaropa Region,PH170000000,Palawan,PH175300000,Cuyo,PH175310000,26
Mimaropa Region,PH170000000,Palawan,PH175300000,Dumaran,PH175311000,16
Mimaropa Region,PH170000000,Palawan,PH175300000,El Nido (Bacuit),PH175312000,19
Mimaropa Region,PH170000000,Palawan,PH175300000,Linapacan,PH175313000,14
Mimaropa Region,PH170000000,Palawan,PH175300000,Magsaysay,PH175314000,19
Mimaropa Region,PH170000000,Palawan,PH175300000,Narra,PH175315000,23
Mimaropa Region,PH170000000,Palawan,PH175300000,City of Puerto Princesa (Capital),PH175316000,1
Mimaropa Region,PH170000000,Palawan,PH175300000,Quezon,PH175317000,38
Mimaropa Region,PH170000000,Palawan,PH175300000,Roxas,PH175318000,39
Mimaropa Region,PH170000000,Palawan,PH175300000,San Vicente,PH175319000,19
Mimaropa Region,PH170000000,Palawan,PH175300000,Taytay,PH175320000,23
Mimaropa Region,PH170000000,Palawan,PH175300000,Kalayaan,PH175321000,1
Mimaropa Region,PH170000000,Palawan,PH175300000,Culion,PH175322000,19
Mimaropa Region,PH170000000,Palawan,PH175300000,Rizal (Marcos),PH175323000,15
Mimaropa Region,PH170000000,Palawan,PH175300000,Sofronio Española,PH175324000,10
Mimaropa Region,PH170000000,Romblon,PH175900000,Alcantara,PH175901000,3
Mimaropa Region,PH170000000,Romblon,PH175900000,Banton,PH175902000,1
Mimaropa Region,PH170000000,Romblon,PH175900000,Cajidiocan,PH175903000,9
Mimaropa Region,PH170000000,Romblon,PH175900000,Calatrava,PH175904000,12
Mimaropa Region,PH170000000,Romblon,PH175900000,Concepcion,PH175905000,8
Mimaropa Region,PH170000000,Romblon,PH175900000,Corcuera,PH175906000,25
Mimaropa Region,PH170000000,Romblon,PH175900000,Looc,PH175907000,34
Mimaropa Region,PH170000000,Romblon,PH175900000,Magdiwang,PH175908000,1
Mimaropa Region,PH170000000,Romblon,PH175900000,Odiongan,PH175909000,23
Mimaropa Region,PH170000000,Romblon,PH175900000,Romblon (Capital),PH175910000,23
Mimaropa Region,PH170000000,Romblon,PH175900000,San Agustin,PH175911000,3
Mimaropa Region,PH170000000,Romblon,PH175900000,San Andres,PH175912000,13
Mimaropa Region,PH170000000,Romblon,PH175900000,San Fernando,PH175913000,34
Mimaropa Region,PH170000000,Romblon,PH175900000,San Jose,PH175914000,15
Mimaropa Region,PH170000000,Romblon,PH175900000,Santa Fe,PH175915000,60
Mimaropa Region,PH170000000,Romblon,PH175900000,Ferrol,PH175916000,6
Mimaropa Region,PH170000000,Romblon,PH175900000,Santa Maria (Imelda),PH175917000,19
Region VI (Western Visayas),PH060000000,Negros Occidental,PH064500000,City of Bacolod (Capital),PH064501000,60
Region VI (Western Visayas),PH060000000,Negros Occidental,PH064500000,City of Bago,PH064502000,61
Region VI (Western Visayas),PH060000000,Negros Occidental,PH064500000,Binalbagan,PH064503000,25
Region VI (Western Visayas),PH060000000,Negros Occidental,PH064500000,City of Cadiz,PH064504000,65
Region VI (Western Visayas),PH060000000,Negros Occidental,PH064500000,Calatrava,PH064505000,4
Region VI (Western Visayas),PH060000000,Negros Occidental,PH064500000,Candoni,PH064506000,12
Region VI (Western Visayas),PH060000000,Negros Occidental,PH064500000,Cauayan,PH064507000,5
Region VI (Western Visayas),PH060000000,Negros Occidental,PH064500000,Enrique B. Magalona (Saravia),PH064508000,19
Region VI (Western Visayas),PH060000000,Negros Occidental,PH064500000,City of Escalante,PH064509000,39
Region VI (Western Visayas),PH060000000,Negros Occidental,PH064500000,City of Himamaylan,PH064510000,2
Region VI (Western Visayas),PH060000000,Negros Occidental,PH064500000,Hinigaran,PH064511000,10
Region VI (Western Visayas),PH060000000,Negros Occidental,PH064500000,Hinoba-An (Asia),PH064512000,20
Region VI (Western Visayas),PH060000000,Negros Occidental,PH064500000,Ilog,PH064513000,1
Region VI (Western Visayas),PH060000000,Negros Occidental,PH064500000,Isabela,PH064514000,4
Region VI (Western Visayas),PH060000000,Negros Occidental,PH064500000,City of Kabankalan,PH064515000,6
Region VI (Western Visayas),PH060000000,Negros Occidental,PH064500000,City of La Carlota,PH064516000,1
Region VI (Western Visayas),PH060000000,Negros Occidental,PH064500000,La Castellana,PH064517000,31
Region VI (Western Visayas),PH060000000,Negros Occidental,PH064500000,Manapla,PH064518000,7
Region VI (Western Visayas),PH060000000,Negros Occidental,PH064500000,Moises Padilla (Magallon),PH064519000,28
Region VI (Western Visayas),PH060000000,Negros Occidental,PH064500000,Murcia,PH064520000,5
Region VI (Western Visayas),PH060000000,Negros Occidental,PH064500000,Pontevedra,PH064521000,19
Region VI (Western Visayas),PH060000000,Negros Occidental,PH064500000,Pulupandan,PH064522000,16
Region VI (Western Visayas),PH060000000,Negros Occidental,PH064500000,City of Sagay,PH064523000,5
Region VI (Western Visayas),PH060000000,Negros Occidental,PH064500000,City of San Carlos,PH064524000,6
Region VI (Western Visayas),PH060000000,Negros Occidental,PH064500000,San Enrique,PH064525000,34
Region VI (Western Visayas),PH060000000,Negros Occidental,PH064500000,City of Silay,PH064526000,14
Region VI (Western Visayas),PH060000000,Negros Occidental,PH064500000,City of Sipalay,PH064527000,7
Region VI (Western Visayas),PH060000000,Negros Occidental,PH064500000,City of Talisay,PH064528000,7
Region VI (Western Visayas),PH060000000,Negros Occidental,PH064500000,Toboso,PH064529000,3
Region VI (Western Visayas),PH060000000,Negros Occidental,PH064500000,Valladolid,PH064530000,12
Region VI (Western Visayas),PH060000000,Negros Occidental,PH064500000,City of Victorias,PH064531000,8
Region VI (Western Visayas),PH060000000,Negros Occidental,PH064500000,Salvador Benedicto,PH064532000,38
Region VII (Central Visayas),PH070000000,Negros Oriental,PH074600000,Amlan (Ayuquitan),PH074601000,9
Region VII (Central Visayas),PH070000000,Negros Oriental,PH074600000,Ayungon,PH074602000,1
Region VII (Central Visayas),PH070000000,Negros Oriental,PH074600000,Bacong,PH074603000,14
Region VII (Central Visayas),PH070000000,Negros Oriental,PH074600000,City of Bais,PH074604000,8
Region VII (Central Visayas),PH070000000,Negros Oriental,PH074600000,Basay,PH074605000,1
Region VII (Central Visayas),PH070000000,Negros Oriental,PH074600000,City of Bayawan (Tulong),PH074606000,23
Region VII (Central Visayas),PH070000000,Negros Oriental,PH074600000,Bindoy (Payabon),PH074607000,20
Region VII (Central Visayas),PH070000000,Negros Oriental,PH074600000,City of Canlaon,PH074608000,16
Region VII (Central Visayas),PH070000000,Negros Oriental,PH074600000,Dauin,PH074609000,20
Region VII (Central Visayas),PH070000000,Negros Oriental,PH074600000,City of Dumaguete (Capital),PH074610000,1
Region VII (Central Visayas),PH070000000,Negros Oriental,PH074600000,City of Guihulngan,PH074611000,1
Region VII (Central Visayas),PH070000000,Negros Oriental,PH074600000,Jimalalud,PH074612000,19
Region VII (Central Visayas),PH070000000,Negros Oriental,PH074600000,La Libertad,PH074613000,6
Region VII (Central Visayas),PH070000000,Negros Oriental,PH074600000,Mabinay,PH074614000,16
Region VII (Central Visayas),PH070000000,Negros Oriental,PH074600000,Manjuyod,PH074615000,35
Region VII (Central Visayas),PH070000000,Negros Oriental,PH074600000,Pamplona,PH074616000,1
Region VII (Central Visayas),PH070000000,Negros Oriental,PH074600000,San Jose,PH074617000,1
Region VII (Central Visayas),PH070000000,Negros Oriental,PH074600000,Santa Catalina,PH074618000,22
Region VII (Central Visayas),PH070000000,Negros Oriental,PH074600000,Siaton,PH074619000,5
Region VII (Central Visayas),PH070000000,Negros Oriental,PH074600000,Sibulan,PH074620000,3
Region VII (Central Visayas),PH070000000,Negros Oriental,PH074600000,City of Tanjay,PH074621000,3
Region VII (Central Visayas),PH070000000,Negros Oriental,PH074600000,Tayasan,PH074622000,10
Region VII (Central Visayas),PH070000000,Negros Oriental,PH074600000,Valencia (Luzurriaga),PH074623000,28
Region VII (Central Visayas),PH070000000,Negros Oriental,PH074600000,Vallehermoso,PH074624000,20
Region VII (Central Visayas),PH070000000,Negros Oriental,PH074600000,Zamboanguita,PH074625000,7