Region,Region Code,Province,Province Code,Municipality_City,Municipality_City Code,Number of Households,Faucet/Community System,Tubed/Piped,Dug well,Bottled Water,Natural Sources,Peddler/Others/Not Reported
Autonomous Region in Muslim Mindanao (ARMM),PH150000000,Basilan,PH150700000,Akbar,PH150708000,2820, 37 , 417 ," 2,351 ", 1 , 12 , 2 
Autonomous Region in Muslim Mindanao (ARMM),PH150000000,Basilan,PH150700000,Al-Barka,PH150709000,3662,793,784,1064,8,1002,11
Autonomous Region in Muslim Mindanao (ARMM),PH150000000,Basilan,PH150700000,City of Lamitan (Capital),PH150702000,15065,6938,4041,2722,535,678,151
Autonomous Region in Muslim Mindanao (ARMM),PH150000000,Basilan,PH150700000,Hadji Mohammad Ajul,PH150710000,2948,37,446,2440,12,6,7
Autonomous Region in Muslim Mindanao (ARMM),PH150000000,Basilan,PH150700000,Hadji Muhtamad,PH150712000,3956,113,44,1696,16,6,2081
Autonomous Region in Muslim Mindanao (ARMM),PH150000000,Basilan,PH150700000,Lantawan,PH150703000,4609,1385,1824,896,29,459,16
Autonomous Region in Muslim Mindanao (ARMM),PH150000000,Basilan,PH150700000,Maluso,PH150704000,6294,4915,615,137,39,550,38
Autonomous Region in Muslim Mindanao (ARMM),PH150000000,Basilan,PH150700000,Sumisip,PH150705000,7408,3937,1398,1232,47,570,224
Autonomous Region in Muslim Mindanao (ARMM),PH150000000,Basilan,PH150700000,Tabuan-Lasa,PH150713000,3615,70,223,3000,2,5,315
Autonomous Region in Muslim Mindanao (ARMM),PH150000000,Basilan,PH150700000,Tipo-Tipo,PH150706000,3149,1163,647,449,68,762,60
Autonomous Region in Muslim Mindanao (ARMM),PH150000000,Basilan,PH150700000,Tuburan,PH150707000,3239,280,2093,781,18,66,1
Autonomous Region in Muslim Mindanao (ARMM),PH150000000,Basilan,PH150700000,Ungkaya Pukan,PH150711000,3095,1619,1055,14,9,258,140
Autonomous Region in Muslim Mindanao (ARMM),PH150000000,Lanao Del Sur,PH153600000,Bacolod-Kalawi (Bacolod Grande),PH153601000,3300,49,786,4,8,2406,47
Autonomous Region in Muslim Mindanao (ARMM),PH150000000,Lanao Del Sur,PH153600000,Balabagan,PH153602000,4769,466,696,509,9,2475,614
Autonomous Region in Muslim Mindanao (ARMM),PH150000000,Lanao Del Sur,PH153600000,Balindong (Watu),PH153603000,4183,1237,1045,185,10,1702,4
Autonomous Region in Muslim Mindanao (ARMM),PH150000000,Lanao Del Sur,PH153600000,Bayang,PH153604000,3536,4,787,5,24,2708,8
Autonomous Region in Muslim Mindanao (ARMM),PH150000000,Lanao Del Sur,PH153600000,Binidayan,PH153605000,3397,362,182,392,54,2406,1
Autonomous Region in Muslim Mindanao (ARMM),PH150000000,Lanao Del Sur,PH153600000,Buadiposo-Buntong,PH153633000,2529,658,66,29,298,1416,62
Autonomous Region in Muslim Mindanao (ARMM),PH150000000,Lanao Del Sur,PH153600000,Bubong,PH153606000,3158,81,2,1,2,3071,1
Autonomous Region in Muslim Mindanao (ARMM),PH150000000,Lanao Del Sur,PH153600000,Bumbaran,PH153637000,1828,1424,396,1,0,5,2
Autonomous Region in Muslim Mindanao (ARMM),PH150000000,Lanao Del Sur,PH153600000,Butig,PH153607000,3098,125,2052,427,1,493,0
Autonomous Region in Muslim Mindanao (ARMM),PH150000000,Lanao Del Sur,PH153600000,Calanogas,PH153632000,2130,554,68,59,1,1448,0
Autonomous Region in Muslim Mindanao (ARMM),PH150000000,Lanao Del Sur,PH153600000,Ditsaan-Ramain,PH153624000,3227,406,751,2,325,1443,300
Autonomous Region in Muslim Mindanao (ARMM),PH150000000,Lanao Del Sur,PH153600000,Ganassi,PH153609000,3579,396,746,3,3,2430,1
Autonomous Region in Muslim Mindanao (ARMM),PH150000000,Lanao Del Sur,PH153600000,Kapai,PH153610000,2723,396,405,12,1,1908,1
Autonomous Region in Muslim Mindanao (ARMM),PH150000000,Lanao Del Sur,PH153600000,Kapatagan,PH153639000,2604,1889,76,304,0,166,169
Autonomous Region in Muslim Mindanao (ARMM),PH150000000,Lanao Del Sur,PH153600000,Lumba-Bayabao (Maguing),PH153611000,5768,178,297,4,195,5093,1
Autonomous Region in Muslim Mindanao (ARMM),PH150000000,Lanao Del Sur,PH153600000,Lumbaca-Unayan,PH153641000,1099,59,4,20,1,1015,0
Autonomous Region in Muslim Mindanao (ARMM),PH150000000,Lanao Del Sur,PH153600000,Lumbatan,PH153612000,2913,769,790,826,0,527,1
Autonomous Region in Muslim Mindanao (ARMM),PH150000000,Lanao Del Sur,PH153600000,Lumbayanague,PH153636000,2499,114,691,862,0,832,0
Autonomous Region in Muslim Mindanao (ARMM),PH150000000,Lanao Del Sur,PH153600000,Madalum,PH153613000,3701,1911,736,5,2,1045,2
Autonomous Region in Muslim Mindanao (ARMM),PH150000000,Lanao Del Sur,PH153600000,Madamba,PH153614000,2630,1477,426,13,1,709,4
Autonomous Region in Muslim Mindanao (ARMM),PH150000000,Lanao Del Sur,PH153600000,Maguing,PH153634000,3738,242,335,47,51,2943,120
Autonomous Region in Muslim Mindanao (ARMM),PH150000000,Lanao Del Sur,PH153600000,Malabang,PH153615000,6713,928,2789,636,430,1830,100
Autonomous Region in Muslim Mindanao (ARMM),PH150000000,Lanao Del Sur,PH153600000,Marantao,PH153616000,5083,411,2914,57,78,1623,0
Autonomous Region in Muslim Mindanao (ARMM),PH150000000,Lanao Del Sur,PH153600000,City of Marawi (Capital),PH153617000,29732,17645,7645,615,689,3050,88
Autonomous Region in Muslim Mindanao (ARMM),PH150000000,Lanao Del Sur,PH153600000,Marogong,PH153631000,3030,1677,8,120,0,1225,0
Autonomous Region in Muslim Mindanao (ARMM),PH150000000,Lanao Del Sur,PH153600000,Masiu,PH153618000,4316,31,1663,337,23,2262,0
Autonomous Region in Muslim Mindanao (ARMM),PH150000000,Lanao Del Sur,PH153600000,Mulondo,PH153619000,2246,572,1598,2,33,39,2
Autonomous Region in Muslim Mindanao (ARMM),PH150000000,Lanao Del Sur,PH153600000,Pagayawan (Tatarikan),PH153620000,1833,184,161,5,0,1483,0
Autonomous Region in Muslim Mindanao (ARMM),PH150000000,Lanao Del Sur,PH153600000,Piagapo,PH153621000,4067,547,10,5,10,3494,1
Autonomous Region in Muslim Mindanao (ARMM),PH150000000,Lanao Del Sur,PH153600000,Picong (Sultan Gumander),PH153635000,2397,474,899,410,5,604,5
Autonomous Region in Muslim Mindanao (ARMM),PH150000000,Lanao Del Sur,PH153600000,Poona Bayabao (Gata),PH153622000,3558,671,850,325,50,1489,173
Autonomous Region in Muslim Mindanao (ARMM),PH150000000,Lanao Del Sur,PH153600000,Pualas,PH153623000,2221,387,19,382,0,1432,1
Autonomous Region in Muslim Mindanao (ARMM),PH150000000,Lanao Del Sur,PH153600000,Saguiaran,PH153625000,3646,2337,383,4,145,766,11
Autonomous Region in Muslim Mindanao (ARMM),PH150000000,Lanao Del Sur,PH153600000,Sultan Dumalondong,PH153640000,1639,5,20,1571,0,39,4
Autonomous Region in Muslim Mindanao (ARMM),PH150000000,Lanao Del Sur,PH153600000,Tagoloan Ii,PH153638000,1478,448,78,0,3,949,0
Autonomous Region in Muslim Mindanao (ARMM),PH150000000,Lanao Del Sur,PH153600000,Tamparan,PH153626000,3787,218,970,763,277,1475,84
Autonomous Region in Muslim Mindanao (ARMM),PH150000000,Lanao Del Sur,PH153600000,Taraka,PH153627000,3463,25,227,675,315,2219,2
Autonomous Region in Muslim Mindanao (ARMM),PH150000000,Lanao Del Sur,PH153600000,Tubaran,PH153628000,2317,90,402,2,0,1823,0
Autonomous Region in Muslim Mindanao (ARMM),PH150000000,Lanao Del Sur,PH153600000,Tugaya,PH153629000,3160,1387,757,7,5,1004,0
Autonomous Region in Muslim Mindanao (ARMM),PH150000000,Lanao Del Sur,PH153600000,Wao,PH153630000,9037,6702,697,716,57,773,92
Autonomous Region in Muslim Mindanao (ARMM),PH150000000,Maguindanao,PH153800000,Ampatuan,PH153801000,3922,182,2890,250,27,566,7
Autonomous Region in Muslim Mindanao (ARMM),PH150000000,Maguindanao,PH153800000,Barira,PH153818000,4980,702,710,1708,19,1836,5
Autonomous Region in Muslim Mindanao (ARMM),PH150000000,Maguindanao,PH153800000,Buldon,PH153802000,5542,515,1684,1795,2,1543,3
Autonomous Region in Muslim Mindanao (ARMM),PH150000000,Maguindanao,PH153800000,Buluan,PH153803000,7288,543,6399,61,238,5,42
Autonomous Region in Muslim Mindanao (ARMM),PH150000000,Maguindanao,PH153800000,Datu Abdullah Sangki,PH153828000,3906,531,3321,27,6,20,1
Autonomous Region in Muslim Mindanao (ARMM),PH150000000,Maguindanao,PH153800000,Datu Anggal Midtimbang,PH153831000,3844,1636,1160,730,112,36,170
Autonomous Region in Muslim Mindanao (ARMM),PH150000000,Maguindanao,PH153800000,Datu Blah T. Sinsuat,PH153830000,4080,95,536,139,3,3285,22
Autonomous Region in Muslim Mindanao (ARMM),PH150000000,Maguindanao,PH153800000,Datu Hoffer Ampatuan,PH153835000,4308,546,2473,727,2,558,2
Autonomous Region in Muslim Mindanao (ARMM),PH150000000,Maguindanao,PH153800000,Datu Odin Sinsuat (Dinaig),PH153807000,17088,5867,6977,1287,872,2081,4
Autonomous Region in Muslim Mindanao (ARMM),PH150000000,Maguindanao,PH153800000,Datu Paglas,PH153805000,4668,99,4306,6,70,179,8
Autonomous Region in Muslim Mindanao (ARMM),PH150000000,Maguindanao,PH153800000,Datu Piang,PH153806000,4184,239,2322,1110,134,11,368
Autonomous Region in Muslim Mindanao (ARMM),PH150000000,Maguindanao,PH153800000,Datu Salibo,PH153836000,2600,31,407,1168,9,44,941
Autonomous Region in Muslim Mindanao (ARMM),PH150000000,Maguindanao,PH153800000,Datu Saudi-Ampatuan,PH153826000,4358,390,619,1834,85,237,1193
Autonomous Region in Muslim Mindanao (ARMM),PH150000000,Maguindanao,PH153800000,Datu Unsay,PH153827000,2029,187,643,193,404,551,51
Autonomous Region in Muslim Mindanao (ARMM),PH150000000,Maguindanao,PH153800000,Gen. S.K. Pendatun,PH153819000,4289,495,3316,79,1,118,280
Autonomous Region in Muslim Mindanao (ARMM),PH150000000,Maguindanao,PH153800000,Guindulungan,PH153825000,3003,533,1934,266,8,261,1
Autonomous Region in Muslim Mindanao (ARMM),PH150000000,Maguindanao,PH153800000,Kabuntalan (Tumbao),PH153814000,2582,49,498,1829,43,161,2
Autonomous Region in Muslim Mindanao (ARMM),PH150000000,Maguindanao,PH153800000,Mamasapano,PH153820000,3933,356,1124,2414,5,29,5
Autonomous Region in Muslim Mindanao (ARMM),PH150000000,Maguindanao,PH153800000,Mangudadatu,PH153832000,3836,156,2261,1341,15,62,1
Autonomous Region in Muslim Mindanao (ARMM),PH150000000,Maguindanao,PH153800000,Matanog,PH153809000,4817,1128,1403,267,2,2013,4
Autonomous Region in Muslim Mindanao (ARMM),PH150000000,Maguindanao,PH153800000,Northern Kabuntalan,PH153834000,4222,177,2284,1274,26,400,61
Autonomous Region in Muslim Mindanao (ARMM),PH150000000,Maguindanao,PH153800000,Pagagawan,PH153822000,5693,79,2691,2600,10,307,6
Autonomous Region in Muslim Mindanao (ARMM),PH150000000,Maguindanao,PH153800000,Pagalungan,PH153810000,6810,233,4479,1573,1,446,78
Autonomous Region in Muslim Mindanao (ARMM),PH150000000,Maguindanao,PH153800000,Paglat,PH153823000,2504,578,1906,5,0,14,1
Autonomous Region in Muslim Mindanao (ARMM),PH150000000,Maguindanao,PH153800000,Pandag,PH153833000,3906,67,3638,140,58,2,1
Autonomous Region in Muslim Mindanao (ARMM),PH150000000,Maguindanao,PH153800000,Parang,PH153811000,15307,3400,3093,4532,938,956,2388
Autonomous Region in Muslim Mindanao (ARMM),PH150000000,Maguindanao,PH153800000,Rajah Buayan,PH153829000,3770,360,3161,17,229,2,1
Autonomous Region in Muslim Mindanao (ARMM),PH150000000,Maguindanao,PH153800000,Shariff Aguak (Maganoy) (Capital),PH153808000,4812,498,3721,415,122,30,26
Autonomous Region in Muslim Mindanao (ARMM),PH150000000,Maguindanao,PH153800000,Shariff Saydona Mustapha,PH153837000,3569,109,1513,1826,22,35,64
Autonomous Region in Muslim Mindanao (ARMM),PH150000000,Maguindanao,PH153800000,South Upi,PH153817000,7562,1759,575,1015,8,4055,150
Autonomous Region in Muslim Mindanao (ARMM),PH150000000,Maguindanao,PH153800000,Sultan Kudarat (Nuling),PH153812000,15652,6101,5027,2137,321,859,1207
Autonomous Region in Muslim Mindanao (ARMM),PH150000000,Maguindanao,PH153800000,Sultan Mastura,PH153824000,3864,47,2644,853,177,121,22
Autonomous Region in Muslim Mindanao (ARMM),PH150000000,Maguindanao,PH153800000,Sultan Sa Barongis (Lambayong),PH153813000,3528,383,2855,182,41,59,8
Autonomous Region in Muslim Mindanao (ARMM),PH150000000,Maguindanao,PH153800000,Talayan,PH153816000,4683,806,2277,959,8,619,14
Autonomous Region in Muslim Mindanao (ARMM),PH150000000,Maguindanao,PH153800000,Talitay,PH153821000,2425,292,1044,475,9,22,583
Autonomous Region in Muslim Mindanao (ARMM),PH150000000,Maguindanao,PH153800000,Upi,PH153815000,10943,2269,1656,1870,71,5063,14
Autonomous Region in Muslim Mindanao (ARMM),PH150000000,Sulu,PH156600000,Hadji Panglima Tahil (Marunggas),PH156606000,1091,32,1,4,1,0,1053
Autonomous Region in Muslim Mindanao (ARMM),PH150000000,Sulu,PH156600000,Indanan,PH156601000,13954,5554,3112,947,235,2545,1561
Autonomous Region in Muslim Mindanao (ARMM),PH150000000,Sulu,PH156600000,Jolo (Capital),PH156602000,19443,16319,1740,300,116,94,874
Autonomous Region in Muslim Mindanao (ARMM),PH150000000,Sulu,PH156600000,Kalingalan Caluang,PH156603000,5548,71,1417,2558,14,1094,394
Autonomous Region in Muslim Mindanao (ARMM),PH150000000,Sulu,PH156600000,Lugus,PH156617000,3935,26,95,1715,373,545,1181
Autonomous Region in Muslim Mindanao (ARMM),PH150000000,Sulu,PH156600000,Luuk,PH156604000,5773,317,1222,3730,2,486,16
Autonomous Region in Muslim Mindanao (ARMM),PH150000000,Sulu,PH156600000,Maimbung,PH156605000,6480,2525,1587,494,4,780,1090
Autonomous Region in Muslim Mindanao (ARMM),PH150000000,Sulu,PH156600000,Old Panamao,PH156607000,6535,1054,1582,3177,5,695,22
Autonomous Region in Muslim Mindanao (ARMM),PH150000000,Sulu,PH156600000,Omar,PH156619000,4441,35,99,3458,2,842,5
Autonomous Region in Muslim Mindanao (ARMM),PH150000000,Sulu,PH156600000,Pandami,PH156618000,4875,219,2019,1481,61,24,1071
Autonomous Region in Muslim Mindanao (ARMM),PH150000000,Sulu,PH156600000,Panglima Estino (New Panamao),PH156616000,4184,35,1240,2724,10,170,5
Autonomous Region in Muslim Mindanao (ARMM),PH150000000,Sulu,PH156600000,Pangutaran,PH156608000,5589,226,654,3365,21,880,443
Autonomous Region in Muslim Mindanao (ARMM),PH150000000,Sulu,PH156600000,Parang,PH156609000,9858,1063,2990,1125,144,2298,2238
Autonomous Region in Muslim Mindanao (ARMM),PH150000000,Sulu,PH156600000,Pata,PH156610000,3583,40,27,1581,193,262,1480
Autonomous Region in Muslim Mindanao (ARMM),PH150000000,Sulu,PH156600000,Patikul,PH156611000,10948,7357,1288,1535,7,719,42
Autonomous Region in Muslim Mindanao (ARMM),PH150000000,Sulu,PH156600000,Siasi,PH156612000,12287,2033,2671,4336,95,324,2828
Autonomous Region in Muslim Mindanao (ARMM),PH150000000,Sulu,PH156600000,Talipao,PH156613000,12411,5312,3692,888,56,2379,84
Autonomous Region in Muslim Mindanao (ARMM),PH150000000,Sulu,PH156600000,Tapul,PH156614000,3157,10,814,1922,2,283,126
Autonomous Region in Muslim Mindanao (ARMM),PH150000000,Sulu,PH156600000,Tongkil,PH156615000,4265,64,1525,2238,110,326,2
Autonomous Region in Muslim Mindanao (ARMM),PH150000000,Tawi-Tawi,PH157000000,Bongao (Capital),PH157002000,17449,4518,3174,3670,2084,3137,866
Autonomous Region in Muslim Mindanao (ARMM),PH150000000,Tawi-Tawi,PH157000000,Languyan,PH157009000,6367,1320,214,3710,62,719,342
Autonomous Region in Muslim Mindanao (ARMM),PH150000000,Tawi-Tawi,PH157000000,Mapun (Cagayan De Tawi-Tawi),PH157003000,4426,467,782,1724,74,1342,37
Autonomous Region in Muslim Mindanao (ARMM),PH150000000,Tawi-Tawi,PH157000000,Panglima Sugala (Balimbing),PH157001000,6992,990,115,1986,584,3308,9
Autonomous Region in Muslim Mindanao (ARMM),PH150000000,Tawi-Tawi,PH157000000,Sapa-Sapa,PH157010000,5190,28,969,2781,5,1401,6
Autonomous Region in Muslim Mindanao (ARMM),PH150000000,Tawi-Tawi,PH157000000,Sibutu,PH157011000,4993,1032,1273,274,3,2403,8
Autonomous Region in Muslim Mindanao (ARMM),PH150000000,Tawi-Tawi,PH157000000,Simunul,PH157004000,5475,119,10,279,0,5062,5
Autonomous Region in Muslim Mindanao (ARMM),PH150000000,Tawi-Tawi,PH157000000,Sitangkai,PH157005000,6045,69,9,367,2,4730,868
Autonomous Region in Muslim Mindanao (ARMM),PH150000000,Tawi-Tawi,PH157000000,South Ubian,PH157006000,4904,32,19,3613,5,1223,12
Autonomous Region in Muslim Mindanao (ARMM),PH150000000,Tawi-Tawi,PH157000000,Tandubas,PH157007000,4906,1849,22,3016,2,7,10
Autonomous Region in Muslim Mindanao (ARMM),PH150000000,Tawi-Tawi,PH157000000,Turtle Islands,PH157008000,782,4,31,727,18,2,0
Cordillera Administrative Region (CAR),PH140000000,Abra,PH140100000,Bangued (Capital),PH140101000,11024,6109,2607,171,1686,432,19
Cordillera Administrative Region (CAR),PH140000000,Abra,PH140100000,Boliney,PH140102000,760,0,0,0,0,760,0
Cordillera Administrative Region (CAR),PH140000000,Abra,PH140100000,Bucay,PH140103000,3863,1281,907,57,301,1317,0
Cordillera Administrative Region (CAR),PH140000000,Abra,PH140100000,Bucloc,PH140104000,442,4,1,0,0,436,1
Cordillera Administrative Region (CAR),PH140000000,Abra,PH140100000,Daguioman,PH140105000,375,0,2,0,0,373,0
Cordillera Administrative Region (CAR),PH140000000,Abra,PH140100000,Danglas,PH140106000,910,377,360,37,73,63,0
Cordillera Administrative Region (CAR),PH140000000,Abra,PH140100000,Dolores,PH140107000,2548,586,1408,46,350,154,4
Cordillera Administrative Region (CAR),PH140000000,Abra,PH140100000,La Paz,PH140108000,3442,349,1493,659,279,661,1
Cordillera Administrative Region (CAR),PH140000000,Abra,PH140100000,Lacub,PH140109000,647,6,3,0,2,636,0
Cordillera Administrative Region (CAR),PH140000000,Abra,PH140100000,Lagangilang,PH140110000,3147,612,1223,79,583,647,3
Cordillera Administrative Region (CAR),PH140000000,Abra,PH140100000,Lagayan,PH140111000,932,58,227,2,2,642,1
Cordillera Administrative Region (CAR),PH140000000,Abra,PH140100000,Langiden,PH140112000,705,204,249,0,5,247,0
Cordillera Administrative Region (CAR),PH140000000,Abra,PH140100000,Licuan-Baay (Licuan),PH140113000,968,0,8,1,0,959,0
Cordillera Administrative Region (CAR),PH140000000,Abra,PH140100000,Luba,PH140114000,1370,0,0,0,2,1367,1
Cordillera Administrative Region (CAR),PH140000000,Abra,PH140100000,Malibcong,PH140115000,746,0,0,0,0,746,0
Cordillera Administrative Region (CAR),PH140000000,Abra,PH140100000,Manabo,PH140116000,2475,9,861,1,483,1121,0
Cordillera Administrative Region (CAR),PH140000000,Abra,PH140100000,Peñarrubia,PH140117000,1478,641,86,8,145,597,1
Cordillera Administrative Region (CAR),PH140000000,Abra,PH140100000,Pidigan,PH140118000,2728,985,1075,125,264,265,14
Cordillera Administrative Region (CAR),PH140000000,Abra,PH140100000,Pilar,PH140119000,2289,18,1608,28,94,541,0
Cordillera Administrative Region (CAR),PH140000000,Abra,PH140100000,Sallapadan,PH140120000,1341,11,1,0,0,1329,0
Cordillera Administrative Region (CAR),PH140000000,Abra,PH140100000,San Isidro,PH140121000,1082,1,375,14,105,587,0
Cordillera Administrative Region (CAR),PH140000000,Abra,PH140100000,San Juan,PH140122000,2217,206,1237,31,173,570,0
Cordillera Administrative Region (CAR),PH140000000,Abra,PH140100000,San Quintin,PH140123000,1249,574,377,44,136,118,0
Cordillera Administrative Region (CAR),PH140000000,Abra,PH140100000,Tayum,PH140124000,3140,1277,1100,79,193,487,4
Cordillera Administrative Region (CAR),PH140000000,Abra,PH140100000,Tineg,PH140125000,980,2,1,1,0,976,0
Cordillera Administrative Region (CAR),PH140000000,Abra,PH140100000,Tubo,PH140126000,984,0,0,0,0,984,0
Cordillera Administrative Region (CAR),PH140000000,Abra,PH140100000,Villaviciosa,PH140127000,1087,30,155,1,74,827,0
Cordillera Administrative Region (CAR),PH140000000,Apayao,PH148100000,Calanasan (Bayag),PH148101000,2384,233,143,132,4,1872,0
Cordillera Administrative Region (CAR),PH140000000,Apayao,PH148100000,Conner,PH148102000,5469,61,1548,2257,19,1583,1
Cordillera Administrative Region (CAR),PH140000000,Apayao,PH148100000,Flora,PH148103000,4056,175,1504,1896,81,101,299
Cordillera Administrative Region (CAR),PH140000000,Apayao,PH148100000,Kabugao (Capital),PH148104000,3142,116,123,465,3,2435,0
Cordillera Administrative Region (CAR),PH140000000,Apayao,PH148100000,Luna,PH148105000,4174,102,1845,441,1490,293,3
Cordillera Administrative Region (CAR),PH140000000,Apayao,PH148100000,Pudtol,PH148106000,3207,20,2098,336,218,528,7
Cordillera Administrative Region (CAR),PH140000000,Apayao,PH148100000,Santa Marcela,PH148107000,3128,70,951,1343,657,2,105
Cordillera Administrative Region (CAR),PH140000000,Benguet,PH141100000,Atok,PH141101000,4378,139,32,6,429,3760,12
Cordillera Administrative Region (CAR),PH140000000,Benguet,PH141100000,City of Baguio,PH141102000,89987,6659,928,89,76969,3923,1419
Cordillera Administrative Region (CAR),PH140000000,Benguet,PH141100000,Bakun,PH141103000,3350,1979,18,0,18,1330,5
Cordillera Administrative Region (CAR),PH140000000,Benguet,PH141100000,Bokod,PH141104000,2877,2339,2,0,3,533,0
Cordillera Administrative Region (CAR),PH140000000,Benguet,PH141100000,Buguias,PH141105000,10874,1807,163,147,1024,7697,36
Cordillera Administrative Region (CAR),PH140000000,Benguet,PH141100000,Itogon,PH141106000,14226,2759,524,6,5138,5298,501
Cordillera Administrative Region (CAR),PH140000000,Benguet,PH141100000,Kabayan,PH141107000,3489,16,4,0,4,3465,0
Cordillera Administrative Region (CAR),PH140000000,Benguet,PH141100000,Kapangan,PH141108000,4198,1529,214,183,601,1645,26
Cordillera Administrative Region (CAR),PH140000000,Benguet,PH141100000,Kibungan,PH141109000,3587,744,56,2,8,2777,0
Cordillera Administrative Region (CAR),PH140000000,Benguet,PH141100000,La Trinidad (Capital),PH141110000,34157,3121,428,41,27691,2745,131
Cordillera Administrative Region (CAR),PH140000000,Benguet,PH141100000,Mankayan,PH141111000,8088,601,56,20,1492,5901,18
Cordillera Administrative Region (CAR),PH140000000,Benguet,PH141100000,Sablan,PH141112000,2603,1008,14,1,649,930,1
Cordillera Administrative Region (CAR),PH140000000,Benguet,PH141100000,Tuba,PH141113000,11152,4292,166,1,3011,3392,290
Cordillera Administrative Region (CAR),PH140000000,Benguet,PH141100000,Tublay,PH141114000,3859,903,367,24,941,1589,35
Cordillera Administrative Region (CAR),PH140000000,Ifugao,PH142700000,Aguinaldo,PH142708000,4661,4043,478,21,2,114,3
Cordillera Administrative Region (CAR),PH140000000,Ifugao,PH142700000,Alfonso Lista (Potia),PH142707000,7149,405,5794,95,619,236,0
Cordillera Administrative Region (CAR),PH140000000,Ifugao,PH142700000,Asipulo,PH142711000,2833,1909,698,0,11,215,0
Cordillera Administrative Region (CAR),PH140000000,Ifugao,PH142700000,Banaue,PH142701000,3929,163,45,0,1,3718,2
Cordillera Administrative Region (CAR),PH140000000,Ifugao,PH142700000,Hingyon,PH142709000,2045,1559,10,1,5,470,0
Cordillera Administrative Region (CAR),PH140000000,Ifugao,PH142700000,Hungduan,PH142702000,1941,30,2,0,0,1909,0
Cordillera Administrative Region (CAR),PH140000000,Ifugao,PH142700000,Kiangan,PH142703000,3485,1295,70,0,510,1504,106
Cordillera Administrative Region (CAR),PH140000000,Ifugao,PH142700000,Lagawe (Capital),PH142704000,3952,1827,119,23,1384,589,10
Cordillera Administrative Region (CAR),PH140000000,Ifugao,PH142700000,Lamut,PH142705000,5600,595,2745,94,1324,837,5
Cordillera Administrative Region (CAR),PH140000000,Ifugao,PH142700000,Mayoyao,PH142706000,4079,597,27,2,3,3449,1
Cordillera Administrative Region (CAR),PH140000000,Ifugao,PH142700000,Tinoc,PH142710000,3607,537,51,1,1,3017,0
Cordillera Administrative Region (CAR),PH140000000,Kalinga,PH143200000,Balbalan,PH143201000,2302,29,3,0,1,2269,0
Cordillera Administrative Region (CAR),PH140000000,Kalinga,PH143200000,City of Tabuk (Capital),PH143213000,22439,5778,10574,75,3197,2647,168
Cordillera Administrative Region (CAR),PH140000000,Kalinga,PH143200000,Lubuagan,PH143206000,1731,157,10,4,2,1558,0
Cordillera Administrative Region (CAR),PH140000000,Kalinga,PH143200000,Pasil,PH143208000,1800,6,0,0,1,1793,0
Cordillera Administrative Region (CAR),PH140000000,Kalinga,PH143200000,Pinukpuk,PH143209000,6279,1484,1999,227,29,2540,0
Cordillera Administrative Region (CAR),PH140000000,Kalinga,PH143200000,Rizal (Liwan),PH143211000,3723,1166,2433,6,77,41,0
Cordillera Administrative Region (CAR),PH140000000,Kalinga,PH143200000,Tanudan,PH143214000,1568,34,18,7,3,1506,0
Cordillera Administrative Region (CAR),PH140000000,Kalinga,PH143200000,Tinglayan,PH143215000,2273,78,0,0,0,2195,0
Cordillera Administrative Region (CAR),PH140000000,Mountain Province,PH144400000,Barlig,PH144401000,1190,0,3,0,0,1187,0
Cordillera Administrative Region (CAR),PH140000000,Mountain Province,PH144400000,Bauko,PH144402000,6800,0,115,15,154,6516,0
Cordillera Administrative Region (CAR),PH140000000,Mountain Province,PH144400000,Besao,PH144403000,1712,0,0,0,6,1706,0
Cordillera Administrative Region (CAR),PH140000000,Mountain Province,PH144400000,Bontoc (Capital),PH144404000,6462,683,24,12,1539,4185,19
Cordillera Administrative Region (CAR),PH140000000,Mountain Province,PH144400000,Natonin,PH144405000,2189,0,10,1,0,2178,0
Cordillera Administrative Region (CAR),PH140000000,Mountain Province,PH144400000,Paracelis,PH144406000,5834,58,3922,347,191,1291,25
Cordillera Administrative Region (CAR),PH140000000,Mountain Province,PH144400000,Sabangan,PH144407000,2215,0,0,0,0,2215,0
Cordillera Administrative Region (CAR),PH140000000,Mountain Province,PH144400000,Sadanga,PH144408000,1765,0,1,1,0,1762,1
Cordillera Administrative Region (CAR),PH140000000,Mountain Province,PH144400000,Sagada,PH144409000,2644,0,175,0,1,2468,0
Cordillera Administrative Region (CAR),PH140000000,Mountain Province,PH144400000,Tadian,PH144410000,4227,0,87,4,9,4121,6
National Capital Region (NCR),PH130000000,"NCR, Fourth District (Not a Province)",PH137600000,City of Las Piñas,PH137601000,141925,37862,950,61,97136,824,5092
National Capital Region (NCR),PH130000000,"NCR, Fourth District (Not a Province)",PH137600000,City of Makati,PH137602000,154095,76091,493,18,74204,234,3055
National Capital Region (NCR),PH130000000,"NCR, Fourth District (Not a Province)",PH137600000,City of Muntinlupa,PH137603000,122286,14008,6260,203,99315,412,2088
National Capital Region (NCR),PH130000000,"NCR, Fourth District (Not a Province)",PH137600000,City of Parañaque,PH137604000,163074,58965,898,50,97861,823,4477
National Capital Region (NCR),PH130000000,"NCR, Fourth District (Not a Province)",PH137600000,Pasay City,PH137605000,107619,56886,0,0,50698,0,35
National Capital Region (NCR),PH130000000,"NCR, Fourth District (Not a Province)",PH137600000,Pateros,PH137606000,14188,7930,86,0,5649,59,464
National Capital Region (NCR),PH130000000,"NCR, Fourth District (Not a Province)",PH137600000,City of Taguig,PH137607000,198256,99622,2164,195,84775,1589,9911
National Capital Region (NCR),PH130000000,"NCR, Second District (Not a Province)",PH137400000,City of Mandaluyong,PH137401000,100356,62793,312,2,33300,238,3711
National Capital Region (NCR),PH130000000,"NCR, Second District (Not a Province)",PH137400000,City of Marikina,PH137402000,98238,74807,650,15,20907,320,1539
National Capital Region (NCR),PH130000000,"NCR, Second District (Not a Province)",PH137400000,City of Pasig,PH137403000,180612,110559,724,31,64530,861,3907
National Capital Region (NCR),PH130000000,"NCR, Second District (Not a Province)",PH137400000,City of San Juan,PH137405000,28623,18394,0,0,9456,0,773
National Capital Region (NCR),PH130000000,"NCR, Second District (Not a Province)",PH137400000,Quezon City,PH137404000,683044,491456,4081,337,170761,1641,14768
National Capital Region (NCR),PH130000000,"NCR, Third District (Not a Province)",PH137500000,City of Caloocan,PH137501000,367878,270239,8116,483,84570,14,4456
National Capital Region (NCR),PH130000000,"NCR, Third District (Not a Province)",PH137500000,City of Malabon,PH137502000,86191,41978,648,21,40000,1,3543
National Capital Region (NCR),PH130000000,"NCR, Third District (Not a Province)",PH137500000,City of Navotas,PH137503000,60904,27376,389,4,29983,270,2882
National Capital Region (NCR),PH130000000,"NCR, Third District (Not a Province)",PH137500000,City of Valenzuela,PH137504000,153041,97158,3077,40,49366,0,3400
 Region VI (Western Visayas) ,PH060000000,Negros Occidental,PH064500000,City of Bacolod (Capital),PH064501000,129076,22887,9947,1255,81000,1958,12029
 Region VI (Western Visayas) ,PH060000000,Negros Occidental,PH064500000,City of Bago,PH064502000,39949,8337,18309,1922,5171,3677,2533
 Region VI (Western Visayas) ,PH060000000,Negros Occidental,PH064500000,Binalbagan,PH064503000,15092,2480,4130,2462,4632,1125,263
 Region VI (Western Visayas) ,PH060000000,Negros Occidental,PH064500000,City of Cadiz,PH064504000,35657,11393,12018,6112,3531,1810,793
 Region VI (Western Visayas) ,PH060000000,Negros Occidental,PH064500000,Calatrava,PH064505000,18431,6573,4489,2904,643,3625,197
 Region VI (Western Visayas) ,PH060000000,Negros Occidental,PH064500000,Candoni,PH064506000,4962,1527,843,1201,35,756,600
 Region VI (Western Visayas) ,PH060000000,Negros Occidental,PH064500000,Cauayan,PH064507000,22858,2631,9580,5188,1307,4091,61
 Region VI (Western Visayas) ,PH060000000,Negros Occidental,PH064500000,City of Escalante,PH064509000,21544,4432,3421,7116,5507,651,417
 Region VI (Western Visayas) ,PH060000000,Negros Occidental,PH064500000,City of Himamaylan,PH064510000,25677,9766,5202,3074,4211,2955,469
 Region VI (Western Visayas) ,PH060000000,Negros Occidental,PH064500000,City of Kabankalan,PH064515000,40351,6633,13709,6664,5043,6469,1833
 Region VI (Western Visayas) ,PH060000000,Negros Occidental,PH064500000,City of Sipalay,PH064527000,14803,2111,4062,2773,1382,3132,1343
 Region VI (Western Visayas) ,PH060000000,Negros Occidental,PH064500000,City of Talisay,PH064528000,23107,2146,5405,1149,11838,2274,295
 Region VI (Western Visayas) ,PH060000000,Negros Occidental,PH064500000,City of Victorias,PH064531000,19556,6405,6439,693,5122,691,206
 Region VI (Western Visayas) ,PH060000000,Negros Occidental,PH064500000,Enrique B. Magalona (Saravia),PH064508000,14664,1092,5660,350,6565,901,96
 Region VI (Western Visayas) ,PH060000000,Negros Occidental,PH064500000,Hinigaran,PH064511000,20577,2437,8079,5542,3152,174,1193
 Region VI (Western Visayas) ,PH060000000,Negros Occidental,PH064500000,Hinoba-An (Asia),PH064512000,12538,481,8251,1199,1226,1297,84
 Region VI (Western Visayas) ,PH060000000,Negros Occidental,PH064500000,Ilog,PH064513000,13066,2058,1612,4118,3781,1129,368
 Region VI (Western Visayas) ,PH060000000,Negros Occidental,PH064500000,Isabela,PH064514000,13801,1917,6815,1319,1253,2386,111
 Region VI (Western Visayas) ,PH060000000,Negros Occidental,PH064500000,City of La Carlota,PH064516000,16287,10847,1844,288,629,2514,165
 Region VI (Western Visayas) ,PH060000000,Negros Occidental,PH064500000,La Castellana,PH064517000,17208,5311,3692,408,286,6833,678
 Region VI (Western Visayas) ,PH060000000,Negros Occidental,PH064500000,Manapla,PH064518000,13038,1431,8023,1194,1661,723,6
 Region VI (Western Visayas) ,PH060000000,Negros Occidental,PH064500000,Moises Padilla (Magallon),PH064519000,8870,3665,2281,1165,63,1669,27
 Region VI (Western Visayas) ,PH060000000,Negros Occidental,PH064500000,Murcia,PH064520000,18517,5536,3914,1521,1169,5685,692
 Region VI (Western Visayas) ,PH060000000,Negros Occidental,PH064500000,Pontevedra,PH064521000,12077,2621,5931,719,747,1330,729
 Region VI (Western Visayas) ,PH060000000,Negros Occidental,PH064500000,Pulupandan,PH064522000,6416,1311,1627,676,2614,15,173
 Region VI (Western Visayas) ,PH060000000,Negros Occidental,PH064500000,City of Sagay,PH064523000,33488,13795,4056,7890,4118,3116,513
 Region VI (Western Visayas) ,PH060000000,Negros Occidental,PH064500000,Salvador Benedicto,PH064532000,5866,2587,145,959,38,2137,0
 Region VI (Western Visayas) ,PH060000000,Negros Occidental,PH064500000,City of San Carlos,PH064524000,31002,9432,5326,2633,5230,6455,1926
 Region VI (Western Visayas) ,PH060000000,Negros Occidental,PH064500000,San Enrique,PH064525000,5587,1519,2882,3,1171,11,1
 Region VI (Western Visayas) ,PH060000000,Negros Occidental,PH064500000,City of Silay,PH064526000,28953,1910,6049,1997,14732,2916,1349
 Region VI (Western Visayas) ,PH060000000,Negros Occidental,PH064500000,Toboso,PH064529000,9745,3450,2816,1165,1039,1264,11
 Region VI (Western Visayas) ,PH060000000,Negros Occidental,PH064500000,Valladolid,PH064530000,8887,1681,4445,31,2676,6,48
Region VII (Central Visayas),PH070000000,Negros Oriental,PH074600000,Amlan (Ayuquitan),PH074601000,5525,3998,316,21,1037,107,46
Region VII (Central Visayas),PH070000000,Negros Oriental,PH074600000,Ayungon,PH074602000,10573,7793,768,290,154,1532,36
Region VII (Central Visayas),PH070000000,Negros Oriental,PH074600000,Bacong,PH074603000,8265,6208,591,15,1438,5,8
Region VII (Central Visayas),PH070000000,Negros Oriental,PH074600000,City of Bais,PH074604000,17693,8938,3567,1130,1361,2474,223
Region VII (Central Visayas),PH070000000,Negros Oriental,PH074600000,Basay,PH074605000,5971,1390,1736,561,842,884,558
Region VII (Central Visayas),PH070000000,Negros Oriental,PH074600000,Bindoy (Payabon),PH074607000,8702,6043,694,87,269,1546,63
Region VII (Central Visayas),PH070000000,Negros Oriental,PH074600000,City of Canlaon,PH074608000,12692,5875,2004,671,1111,2925,106
Region VII (Central Visayas),PH070000000,Negros Oriental,PH074600000,City of Bayawan (Tulong),PH074606000,25646,6580,4402,3692,5819,4924,229
Region VII (Central Visayas),PH070000000,Negros Oriental,PH074600000,City of Guihulngan,PH074611000,22494,6422,4975,1667,4087,5115,228
Region VII (Central Visayas),PH070000000,Negros Oriental,PH074600000,City of Tanjay,PH074621000,19043,7095,3312,759,5362,2474,41
Region VII (Central Visayas),PH070000000,Negros Oriental,PH074600000,Dauin,PH074609000,6520,4328,462,109,1397,11,213
Region VII (Central Visayas),PH070000000,Negros Oriental,PH074600000,City of Dumaguete (Capital),PH074610000,29750,19941,1248,32,8036,181,312
Region VII (Central Visayas),PH070000000,Negros Oriental,PH074600000,Jimalalud,PH074612000,7191,1103,1626,1225,783,2399,55
Region VII (Central Visayas),PH070000000,Negros Oriental,PH074600000,La Libertad,PH074613000,9164,3592,2877,640,672,1243,140
Region VII (Central Visayas),PH070000000,Negros Oriental,PH074600000,Mabinay,PH074614000,17709,5673,5276,4213,1171,1322,54
Region VII (Central Visayas),PH070000000,Negros Oriental,PH074600000,Manjuyod,PH074615000,9943,3816,1572,262,1349,2675,269
Region VII (Central Visayas),PH070000000,Negros Oriental,PH074600000,Pamplona,PH074616000,8714,4507,924,1479,583,1148,73
Region VII (Central Visayas),PH070000000,Negros Oriental,PH074600000,San Jose,PH074617000,4607,3479,599,78,443,4,4
Region VII (Central Visayas),PH070000000,Negros Oriental,PH074600000,Santa Catalina,PH074618000,16873,4516,4019,1773,2916,3464,185
Region VII (Central Visayas),PH070000000,Negros Oriental,PH074600000,Siaton,PH074619000,17857,7153,6147,1291,2048,1136,82
Region VII (Central Visayas),PH070000000,Negros Oriental,PH074600000,Sibulan,PH074620000,13903,7137,1852,104,4390,344,76
Region VII (Central Visayas),PH070000000,Negros Oriental,PH074600000,Tayasan,PH074622000,8623,2667,526,682,466,4269,13
Region VII (Central Visayas),PH070000000,Negros Oriental,PH074600000,Valencia (Luzurriaga),PH074623000,7990,5061,98,26,2455,345,5
Region VII (Central Visayas),PH070000000,Negros Oriental,PH074600000,Vallehermoso,PH074624000,8571,2226,1724,1350,513,2619,139
Region VII (Central Visayas),PH070000000,Negros Oriental,PH074600000,Zamboanguita,PH074625000,6607,2546,2002,622,962,127,348
Region I (Ilocos Region),PH010000000,Ilocos Norte,PH012800000,Adams,PH012801000,411,411,0,0,0,0,0
Region I (Ilocos Region),PH010000000,Ilocos Norte,PH012800000,Bacarra,PH012802000,8269,2271,2185,428,3363,15,7
Region I (Ilocos Region),PH010000000,Ilocos Norte,PH012800000,Badoc,PH012803000,7375,652,3368,1170,1856,327,2
Region I (Ilocos Region),PH010000000,Ilocos Norte,PH012800000,Bangui,PH012804000,3568,1586,1007,15,639,321,0
Region I (Ilocos Region),PH010000000,Ilocos Norte,PH012800000,Banna (Espiritu),PH012811000,4532,223,486,2166,1255,334,68
Region I (Ilocos Region),PH010000000,Ilocos Norte,PH012800000,Burgos,PH012806000,2403,459,470,460,697,317,0
Region I (Ilocos Region),PH010000000,Ilocos Norte,PH012800000,Carasi,PH012807000,304,1,4,60,46,193,0
Region I (Ilocos Region),PH010000000,Ilocos Norte,PH012800000,City of Batac,PH012805000,12797,197,2674,1400,8000,519,7
Region I (Ilocos Region),PH010000000,Ilocos Norte,PH012800000,Currimao,PH012808000,2805,506,719,245,1319,15,1
Region I (Ilocos Region),PH010000000,Ilocos Norte,PH012800000,Dingras,PH012809000,8757,992,3442,1498,2623,200,2
Region I (Ilocos Region),PH010000000,Ilocos Norte,PH012800000,Dumalneg,PH012810000,574,572,0,0,2,0,0
Region I (Ilocos Region),PH010000000,Ilocos Norte,PH012800000,City of Laoag (Capital),PH012812000,25285,2655,4216,429,17829,40,116
Region I (Ilocos Region),PH010000000,Ilocos Norte,PH012800000,Marcos,PH012813000,4563,276,796,2377,771,342,1
Region I (Ilocos Region),PH010000000,Ilocos Norte,PH012800000,Nueva Era,PH012814000,2453,398,781,622,154,473,25
Region I (Ilocos Region),PH010000000,Ilocos Norte,PH012800000,Pagudpud,PH012815000,5807,3579,980,306,639,298,5
Region I (Ilocos Region),PH010000000,Ilocos Norte,PH012800000,Paoay,PH012816000,5822,1069,1580,259,2874,36,4
Region I (Ilocos Region),PH010000000,Ilocos Norte,PH012800000,Pasuquin,PH012817000,6698,2171,1869,504,1946,203,5
Region I (Ilocos Region),PH010000000,Ilocos Norte,PH012800000,Piddig,PH012818000,5040,430,1728,1329,1225,326,2
Region I (Ilocos Region),PH010000000,Ilocos Norte,PH012800000,Pinili,PH012819000,3932,292,1958,678,851,148,5
Region I (Ilocos Region),PH010000000,Ilocos Norte,PH012800000,San Nicolas,PH012820000,8516,288,1013,274,6918,21,2
Region I (Ilocos Region),PH010000000,Ilocos Norte,PH012800000,Sarrat,PH012821000,5749,438,1503,245,3473,86,4
Region I (Ilocos Region),PH010000000,Ilocos Norte,PH012800000,Solsona,PH012822000,5497,338,447,3614,693,341,64
Region I (Ilocos Region),PH010000000,Ilocos Norte,PH012800000,Vintar,PH012823000,8179,4244,1861,396,773,889,16
Region I (Ilocos Region),PH010000000,Ilocos Sur,PH012900000,Alilem,PH012901000,1476,418,484,1,27,546,0
Region I (Ilocos Region),PH010000000,Ilocos Sur,PH012900000,Banayoyo,PH012902000,1782,160,995,1,623,3,0
Region I (Ilocos Region),PH010000000,Ilocos Sur,PH012900000,Bantay,PH012903000,8229,1837,4193,17,2044,130,8
Region I (Ilocos Region),PH010000000,Ilocos Sur,PH012900000,Burgos,PH012904000,2785,377,1380,5,1018,4,1
Region I (Ilocos Region),PH010000000,Ilocos Sur,PH012900000,Cabugao,PH012905000,8188,3284,1410,970,2344,152,28
Region I (Ilocos Region),PH010000000,Ilocos Sur,PH012900000,Caoayan,PH012907000,4604,969,1342,346,1911,34,2
Region I (Ilocos Region),PH010000000,Ilocos Sur,PH012900000,Cervantes,PH012908000,3682,2973,190,0,126,387,6
Region I (Ilocos Region),PH010000000,Ilocos Sur,PH012900000,City of Candon,PH012906000,13812,840,6762,12,6121,12,65
Region I (Ilocos Region),PH010000000,Ilocos Sur,PH012900000,City of Vigan (Capital),PH012934000,11860,2116,3801,29,4736,7,1171
Region I (Ilocos Region),PH010000000,Ilocos Sur,PH012900000,Galimuyod,PH012909000,2326,788,865,13,570,66,24
Region I (Ilocos Region),PH010000000,Ilocos Sur,PH012900000,Gregorio Del Pilar (Concepcion),PH012910000,908,903,3,0,0,2,0
Region I (Ilocos Region),PH010000000,Ilocos Sur,PH012900000,Lidlidda,PH012911000,1004,5,335,0,206,456,2
Region I (Ilocos Region),PH010000000,Ilocos Sur,PH012900000,Magsingal,PH012912000,7943,408,4156,215,2958,157,49
Region I (Ilocos Region),PH010000000,Ilocos Sur,PH012900000,Nagbukel,PH012913000,1182,46,942,2,129,63,0
Region I (Ilocos Region),PH010000000,Ilocos Sur,PH012900000,Narvacan,PH012914000,9856,687,6052,62,2797,238,20
Region I (Ilocos Region),PH010000000,Ilocos Sur,PH012900000,Quirino (Angkaki),PH012915000,1830,1640,10,3,0,176,1
Region I (Ilocos Region),PH010000000,Ilocos Sur,PH012900000,Salcedo (Baugen),PH012916000,2683,1411,740,13,154,357,8
Region I (Ilocos Region),PH010000000,Ilocos Sur,PH012900000,San Emilio,PH012917000,1537,652,6,2,97,780,0
Region I (Ilocos Region),PH010000000,Ilocos Sur,PH012900000,San Esteban,PH012918000,2001,103,1100,4,791,3,0
Region I (Ilocos Region),PH010000000,Ilocos Sur,PH012900000,San Ildefonso,PH012919000,1760,7,890,0,863,0,0
Region I (Ilocos Region),PH010000000,Ilocos Sur,PH012900000,San Juan (Lapog),PH012920000,6477,866,2753,318,2458,76,6
Region I (Ilocos Region),PH010000000,Ilocos Sur,PH012900000,San Vicente,PH012921000,2971,21,741,315,1892,0,2
Region I (Ilocos Region),PH010000000,Ilocos Sur,PH012900000,Santa,PH012922000,3509,1012,1726,14,296,298,163
Region I (Ilocos Region),PH010000000,Ilocos Sur,PH012900000,Santa Catalina,PH012923000,2844,253,579,223,1787,1,1
Region I (Ilocos Region),PH010000000,Ilocos Sur,PH012900000,Santa Cruz,PH012924000,8982,1033,6067,43,1792,42,5
Region I (Ilocos Region),PH010000000,Ilocos Sur,PH012900000,Santa Lucia,PH012925000,5930,361,3940,16,1369,112,132
Region I (Ilocos Region),PH010000000,Ilocos Sur,PH012900000,Santa Maria,PH012926000,6944,116,3319,12,3444,51,2
Region I (Ilocos Region),PH010000000,Ilocos Sur,PH012900000,Santiago,PH012927000,4387,124,2796,5,1266,59,137
Region I (Ilocos Region),PH010000000,Ilocos Sur,PH012900000,Santo Domingo,PH012928000,6777,243,3009,6,3508,8,3
Region I (Ilocos Region),PH010000000,Ilocos Sur,PH012900000,Sigay,PH012929000,515,2,1,0,3,509,0
Region I (Ilocos Region),PH010000000,Ilocos Sur,PH012900000,Sinait,PH012930000,6138,493,2280,197,3000,167,1
Region I (Ilocos Region),PH010000000,Ilocos Sur,PH012900000,Sugpon,PH012931000,972,9,95,0,4,864,0
Region I (Ilocos Region),PH010000000,Ilocos Sur,PH012900000,Suyo,PH012932000,2505,196,257,1,147,1904,0
Region I (Ilocos Region),PH010000000,Ilocos Sur,PH012900000,Tagudin,PH012933000,8644,352,5571,154,2324,241,2
Region I (Ilocos Region),PH010000000,La Union,PH013300000,Agoo,PH013301000,13850,902,4117,491,6906,644,790
Region I (Ilocos Region),PH010000000,La Union,PH013300000,Aringay,PH013302000,10817,452,3624,154,5143,1334,110
Region I (Ilocos Region),PH010000000,La Union,PH013300000,Bacnotan,PH013303000,9963,661,3566,168,5032,532,4
Region I (Ilocos Region),PH010000000,La Union,PH013300000,Bagulin,PH013304000,2978,323,131,2,75,2447,0
Region I (Ilocos Region),PH010000000,La Union,PH013300000,Balaoan,PH013305000,8963,1115,3886,17,3377,538,30
Region I (Ilocos Region),PH010000000,La Union,PH013300000,Bangar,PH013306000,8078,155,5759,10,2116,36,2
Region I (Ilocos Region),PH010000000,La Union,PH013300000,Bauang,PH013307000,17254,2004,3364,1129,10086,655,16
Region I (Ilocos Region),PH010000000,La Union,PH013300000,Burgos,PH013308000,1750,10,4,13,284,1438,1
Region I (Ilocos Region),PH010000000,La Union,PH013300000,Caba,PH013309000,5227,64,2357,86,2014,699,7
Region I (Ilocos Region),PH010000000,La Union,PH013300000,City of San Fernando (Capital),PH013314000,28505,754,3674,691,20496,2029,861
Region I (Ilocos Region),PH010000000,La Union,PH013300000,Luna,PH013310000,8490,693,4070,173,3282,269,3
Region I (Ilocos Region),PH010000000,La Union,PH013300000,Naguilian,PH013311000,12161,1703,3961,314,4108,2069,6
Region I (Ilocos Region),PH010000000,La Union,PH013300000,Pugo,PH013312000,4811,2039,1150,0,1443,178,1
Region I (Ilocos Region),PH010000000,La Union,PH013300000,Rosario,PH013313000,13171,1899,4279,326,4641,1573,453
Region I (Ilocos Region),PH010000000,La Union,PH013300000,San Gabriel,PH013315000,3907,300,937,174,327,2118,51
Region I (Ilocos Region),PH010000000,La Union,PH013300000,San Juan,PH013316000,8714,432,3060,111,4446,664,1
Region I (Ilocos Region),PH010000000,La Union,PH013300000,Santo Tomas,PH013317000,8996,1199,3546,160,3387,219,485
Region I (Ilocos Region),PH010000000,La Union,PH013300000,Santol,PH013318000,2789,351,665,108,299,1360,6
Region I (Ilocos Region),PH010000000,La Union,PH013300000,Sudipen,PH013319000,3810,700,1716,13,701,678,2
Region I (Ilocos Region),PH010000000,La Union,PH013300000,Tubao,PH013320000,6441,310,3709,33,1115,1188,86
Region I (Ilocos Region),PH010000000,Pangasinan,PH015500000,Agno,PH015501000,6624,262,2473,2701,856,328,4
Region I (Ilocos Region),PH010000000,Pangasinan,PH015500000,Aguilar,PH015502000,8777,647,5011,10,2984,120,5
Region I (Ilocos Region),PH010000000,Pangasinan,PH015500000,Alcala,PH015504000,10174,2629,6471,0,1031,35,8
Region I (Ilocos Region),PH010000000,Pangasinan,PH015500000,Anda,PH015505000,9376,1375,2849,1494,3527,11,120
Region I (Ilocos Region),PH010000000,Pangasinan,PH015500000,Asingan,PH015506000,13623,5363,5284,6,2662,13,295
Region I (Ilocos Region),PH010000000,Pangasinan,PH015500000,Balungao,PH015507000,7606,1390,4709,15,1489,2,1
Region I (Ilocos Region),PH010000000,Pangasinan,PH015500000,Bani,PH015508000,12337,3895,2527,2676,2889,272,78
Region I (Ilocos Region),PH010000000,Pangasinan,PH015500000,Basista,PH015509000,6904,1912,1797,3,3184,6,2
Region I (Ilocos Region),PH010000000,Pangasinan,PH015500000,Bautista,PH015510000,6892,401,5596,0,698,8,189
Region I (Ilocos Region),PH010000000,Pangasinan,PH015500000,Bayambang,PH015511000,25596,4216,11498,4,9383,99,396
Region I (Ilocos Region),PH010000000,Pangasinan,PH015500000,Binalonan,PH015512000,12849,2234,7549,2,2834,173,57
Region I (Ilocos Region),PH010000000,Pangasinan,PH015500000,Binmaley,PH015513000,20160,7796,2772,13,9545,17,17
Region I (Ilocos Region),PH010000000,Pangasinan,PH015500000,Bolinao,PH015514000,17681,2548,7007,2447,5081,277,321
Region I (Ilocos Region),PH010000000,Pangasinan,PH015500000,Bugallon,PH015515000,14587,2661,7406,14,4246,127,133
Region I (Ilocos Region),PH010000000,Pangasinan,PH015500000,Burgos,PH015516000,4800,265,2703,743,1072,15,2
Region I (Ilocos Region),PH010000000,Pangasinan,PH015500000,Calasiao,PH015517000,22542,2285,10995,133,8850,30,249
Region I (Ilocos Region),PH010000000,Pangasinan,PH015500000,City of Alaminos,PH015503000,21576,8639,4428,209,7949,278,73
Region I (Ilocos Region),PH010000000,Pangasinan,PH015500000,City of Urdaneta,PH015546000,30294,5971,17012,125,7079,53,54
Region I (Ilocos Region),PH010000000,Pangasinan,PH015500000,City of Dagupan,PH015518000,38168,14475,5156,46,17148,34,1309
Region I (Ilocos Region),PH010000000,Pangasinan,PH015500000,Dasol,PH015519000,6785,764,3297,528,2146,40,10
Region I (Ilocos Region),PH010000000,Pangasinan,PH015500000,Infanta,PH015520000,5621,1794,1855,100,1483,388,1
Region I (Ilocos Region),PH010000000,Pangasinan,PH015500000,Labrador,PH015521000,5480,104,2038,2,3241,93,2
Region I (Ilocos Region),PH010000000,Pangasinan,PH015500000,Laoac,PH015548000,7429,403,5760,3,1259,2,2
Region I (Ilocos Region),PH010000000,Pangasinan,PH015500000,Lingayen (Capital),PH015522000,21780,1483,5876,71,14238,48,64
Region I (Ilocos Region),PH010000000,Pangasinan,PH015500000,Mabini,PH015523000,5917,1783,2206,442,1077,369,40
Region I (Ilocos Region),PH010000000,Pangasinan,PH015500000,Malasiqui,PH015524000,29047,1146,15835,8,11755,213,90
Region I (Ilocos Region),PH010000000,Pangasinan,PH015500000,Manaoag,PH015525000,14939,3687,6688,1,4489,29,45
Region I (Ilocos Region),PH010000000,Pangasinan,PH015500000,Mangaldan,PH015526000,23437,6574,9683,165,6924,63,28
Region I (Ilocos Region),PH010000000,Pangasinan,PH015500000,Mangatarem,PH015527000,16554,1590,11413,12,3475,55,9
Region I (Ilocos Region),PH010000000,Pangasinan,PH015500000,Mapandan,PH015528000,8667,2556,2243,132,3727,6,3
Region I (Ilocos Region),PH010000000,Pangasinan,PH015500000,Natividad,PH015529000,5794,967,3590,1,625,506,105
Region I (Ilocos Region),PH010000000,Pangasinan,PH015500000,Pozorrubio,PH015530000,16856,3985,7688,345,4667,108,63
Region I (Ilocos Region),PH010000000,Pangasinan,PH015500000,Rosales,PH015531000,14576,6386,4248,9,3845,77,11
Region I (Ilocos Region),PH010000000,Pangasinan,PH015500000,City of San Carlos,PH015532000,42049,2820,14199,21,24811,53,145
Region I (Ilocos Region),PH010000000,Pangasinan,PH015500000,San Fabian,PH015533000,19886,1068,15614,676,2149,352,27
Region I (Ilocos Region),PH010000000,Pangasinan,PH015500000,San Jacinto,PH015534000,9211,1405,5312,6,2477,5,6
Region I (Ilocos Region),PH010000000,Pangasinan,PH015500000,San Manuel,PH015535000,12552,3313,7174,9,1040,1012,4
Region I (Ilocos Region),PH010000000,Pangasinan,PH015500000,San Nicolas,PH015536000,8277,2466,4574,39,209,938,51
Region I (Ilocos Region),PH010000000,Pangasinan,PH015500000,San Quintin,PH015537000,8584,1084,6209,7,831,408,45
Region I (Ilocos Region),PH010000000,Pangasinan,PH015500000,Santa Barbara,PH015538000,18636,833,9292,1,8165,330,15
Region I (Ilocos Region),PH010000000,Pangasinan,PH015500000,Santa Maria,PH015539000,7491,2763,3337,4,1383,2,2
Region I (Ilocos Region),PH010000000,Pangasinan,PH015500000,Santo Tomas,PH015540000,3374,560,2075,0,673,3,63
Region I (Ilocos Region),PH010000000,Pangasinan,PH015500000,Sison,PH015541000,10659,1821,3934,711,2923,1251,19
Region I (Ilocos Region),PH010000000,Pangasinan,PH015500000,Sual,PH015542000,7859,335,5195,27,2092,207,3
Region I (Ilocos Region),PH010000000,Pangasinan,PH015500000,Tayug,PH015543000,10039,2042,5243,13,2674,59,8
Region I (Ilocos Region),PH010000000,Pangasinan,PH015500000,Umingan,PH015544000,17261,2085,13691,10,1283,116,76
Region I (Ilocos Region),PH010000000,Pangasinan,PH015500000,Urbiztondo,PH015545000,10618,410,5607,0,4391,3,207
Region I (Ilocos Region),PH010000000,Pangasinan,PH015500000,Villasis,PH015547000,14631,4201,8424,0,1882,14,110
Region II (Cagayan Valley),PH020000000,Batanes,PH020900000,Basco (Capital),PH020901000,2327,2147,14,0,113,13,40
Region II (Cagayan Valley),PH020000000,Batanes,PH020900000,Itbayat,PH020902000,831,665,0,4,45,117,0
Region II (Cagayan Valley),PH020000000,Batanes,PH020900000,Ivana,PH020903000,371,347,2,0,22,0,0
Region II (Cagayan Valley),PH020000000,Batanes,PH020900000,Mahatao,PH020904000,443,443,0,0,0,0,0
Region II (Cagayan Valley),PH020000000,Batanes,PH020900000,Sabtang,PH020905000,431,349,4,0,3,70,5
Region II (Cagayan Valley),PH020000000,Batanes,PH020900000,Uyugan,PH020906000,358,358,0,0,0,0,0
Region II (Cagayan Valley),PH020000000,Cagayan,PH021500000,Abulug,PH021501000,7405,475,3373,1325,2217,15,0
Region II (Cagayan Valley),PH020000000,Cagayan,PH021500000,Alcala,PH021502000,9248,765,6581,1008,877,17,0
Region II (Cagayan Valley),PH020000000,Cagayan,PH021500000,Allacapan,PH021503000,7767,89,4304,1566,1764,44,0
Region II (Cagayan Valley),PH020000000,Cagayan,PH021500000,Amulung,PH021504000,10697,814,9343,138,393,9,0
Region II (Cagayan Valley),PH020000000,Cagayan,PH021500000,Aparri,PH021505000,13978,1156,4228,1533,6567,494,0
Region II (Cagayan Valley),PH020000000,Cagayan,PH021500000,Baggao,PH021506000,19630,410,17420,100,987,713,0
Region II (Cagayan Valley),PH020000000,Cagayan,PH021500000,Ballesteros,PH021507000,8350,235,5255,1138,1687,35,0
Region II (Cagayan Valley),PH020000000,Cagayan,PH021500000,Buguey,PH021508000,6754,45,3727,554,2021,313,94
Region II (Cagayan Valley),PH020000000,Cagayan,PH021500000,Calayan,PH021509000,3904,1950,1123,212,43,576,0
Region II (Cagayan Valley),PH020000000,Cagayan,PH021500000,Camalaniugan,PH021510000,5482,74,2203,356,2800,49,0
Region II (Cagayan Valley),PH020000000,Cagayan,PH021500000,Claveria,PH021511000,7258,632,3367,1235,1688,319,17
Region II (Cagayan Valley),PH020000000,Cagayan,PH021500000,Enrile,PH021512000,7543,3879,2388,567,370,339,0
Region II (Cagayan Valley),PH020000000,Cagayan,PH021500000,Gattaran,PH021513000,12874,570,9636,512,1686,470,0
Region II (Cagayan Valley),PH020000000,Cagayan,PH021500000,Gonzaga,PH021514000,8603,1978,2382,2470,1515,258,0
Region II (Cagayan Valley),PH020000000,Cagayan,PH021500000,Iguig,PH021515000,6179,730,3025,350,2039,5,30
Region II (Cagayan Valley),PH020000000,Cagayan,PH021500000,Lal-Lo,PH021516000,10271,425,5395,891,3365,195,0
Region II (Cagayan Valley),PH020000000,Cagayan,PH021500000,Lasam,PH021517000,9026,847,4921,286,2849,118,5
Region II (Cagayan Valley),PH020000000,Cagayan,PH021500000,Pamplona,PH021518000,5248,47,2038,1159,1962,42,0
Region II (Cagayan Valley),PH020000000,Cagayan,PH021500000,Peñablanca,PH021519000,10739,3612,5847,259,489,515,17
Region II (Cagayan Valley),PH020000000,Cagayan,PH021500000,Piat,PH021520000,5525,3404,1705,59,349,8,0
Region II (Cagayan Valley),PH020000000,Cagayan,PH021500000,Rizal,PH021521000,4043,477,3103,233,64,166,0
Region II (Cagayan Valley),PH020000000,Cagayan,PH021500000,Sanchez-Mira,PH021522000,5625,343,3868,145,1142,127,0
Region II (Cagayan Valley),PH020000000,Cagayan,PH021500000,Santa Ana,PH021523000,7821,493,5023,1329,803,148,25
Region II (Cagayan Valley),PH020000000,Cagayan,PH021500000,Santa Praxedes,PH021524000,980,446,103,12,79,340,0
Region II (Cagayan Valley),PH020000000,Cagayan,PH021500000,Santa Teresita,PH021525000,4283,128,2452,315,1118,269,1
Region II (Cagayan Valley),PH020000000,Cagayan,PH021500000,Santo Niño (Faire),PH021526000,6641,304,2435,3236,279,382,5
Region II (Cagayan Valley),PH020000000,Cagayan,PH021500000,Solana,PH021527000,19012,4857,11036,1011,1900,204,4
Region II (Cagayan Valley),PH020000000,Cagayan,PH021500000,Tuao,PH021528000,13557,2029,11143,124,235,26,0
Region II (Cagayan Valley),PH020000000,Cagayan,PH021500000,Tuguegarao City (Capital),PH021529000,33524,14444,1555,662,16820,43,0
Region II (Cagayan Valley),PH020000000,Isabela,PH023100000,Alicia,PH023101000,17864,1019,9440,19,7304,35,47
Region II (Cagayan Valley),PH020000000,Isabela,PH023100000,Angadanan,PH023102000,9906,1036,4923,2329,1480,136,2
Region II (Cagayan Valley),PH020000000,Isabela,PH023100000,Aurora,PH023103000,8476,1360,4044,2,2958,16,96
Region II (Cagayan Valley),PH020000000,Isabela,PH023100000,Benito Soliven,PH023104000,6941,222,4982,362,856,508,11
Region II (Cagayan Valley),PH020000000,Isabela,PH023100000,Burgos,PH023105000,5744,101,5200,46,77,192,128
Region II (Cagayan Valley),PH020000000,Isabela,PH023100000,Cabagan,PH023106000,10162,2401,3187,3119,959,478,18
Region II (Cagayan Valley),PH020000000,Isabela,PH023100000,Cabatuan,PH023107000,9674,1899,5107,7,2449,3,209
Region II (Cagayan Valley),PH020000000,Isabela,PH023100000,City of Cauayan,PH023108000,30623,6013,15274,1481,6422,183,1250
Region II (Cagayan Valley),PH020000000,Isabela,PH023100000,City of Santiago,PH023135000,30472,1779,12972,18,15641,48,14
Region II (Cagayan Valley),PH020000000,Isabela,PH023100000,Cordon,PH023109000,10353,790,6782,19,2522,238,2
Region II (Cagayan Valley),PH020000000,Isabela,PH023100000,Delfin Albano (Magsaysay),PH023118000,6637,1325,610,3460,1148,11,83
Region II (Cagayan Valley),PH020000000,Isabela,PH023100000,Dinapigue,PH023110000,1231,11,1022,19,0,179,0
Region II (Cagayan Valley),PH020000000,Isabela,PH023100000,Divilacan,PH023111000,1310,15,922,131,0,239,3
Region II (Cagayan Valley),PH020000000,Isabela,PH023100000,Echague,PH023112000,18874,915,12064,849,4939,99,8
Region II (Cagayan Valley),PH020000000,Isabela,PH023100000,Gamu,PH023113000,6791,1047,2999,561,1995,40,149
Region II (Cagayan Valley),PH020000000,Isabela,PH023100000,City of Ilagan (Capital),PH023114000,34669,2675,15461,7493,8243,672,125
Region II (Cagayan Valley),PH020000000,Isabela,PH023100000,Jones,PH023115000,10650,645,7694,183,1828,298,2
Region II (Cagayan Valley),PH020000000,Isabela,PH023100000,Luna,PH023116000,4646,259,2788,5,1585,2,7
Region II (Cagayan Valley),PH020000000,Isabela,PH023100000,Maconacon,PH023117000,977,21,789,17,0,150,0
Region II (Cagayan Valley),PH020000000,Isabela,PH023100000,Mallig,PH023119000,7591,2351,5014,70,152,1,3
Region II (Cagayan Valley),PH020000000,Isabela,PH023100000,Naguilian,PH023120000,7413,525,5250,47,1577,13,1
Region II (Cagayan Valley),PH020000000,Isabela,PH023100000,Palanan,PH023121000,3826,267,1147,2079,5,327,1
Region II (Cagayan Valley),PH020000000,Isabela,PH023100000,Quezon,PH023122000,5874,1907,3337,3,437,179,11
Region II (Cagayan Valley),PH020000000,Isabela,PH023100000,Quirino,PH023123000,6333,390,5598,229,105,10,1
Region II (Cagayan Valley),PH020000000,Isabela,PH023100000,Ramon,PH023124000,13347,950,9859,14,2472,50,2
Region II (Cagayan Valley),PH020000000,Isabela,PH023100000,Reina Mercedes,PH023125000,6270,813,3446,508,1418,6,79
Region II (Cagayan Valley),PH020000000,Isabela,PH023100000,Roxas,PH023126000,14226,2753,8050,145,526,2560,192
Region II (Cagayan Valley),PH020000000,Isabela,PH023100000,San Agustin,PH023127000,5626,170,5073,42,270,71,0
Region II (Cagayan Valley),PH020000000,Isabela,PH023100000,San Guillermo,PH023128000,4601,460,2930,357,758,51,45
Region II (Cagayan Valley),PH020000000,Isabela,PH023100000,San Isidro,PH023129000,5831,111,4135,1,1579,5,0
Region II (Cagayan Valley),PH020000000,Isabela,PH023100000,San Manuel,PH023130000,7613,1354,4138,33,1969,93,26
Region II (Cagayan Valley),PH020000000,Isabela,PH023100000,San Mariano,PH023131000,12220,453,8601,659,1051,1237,219
Region II (Cagayan Valley),PH020000000,Isabela,PH023100000,San Mateo,PH023132000,15664,1287,9380,7,4970,17,3
Region II (Cagayan Valley),PH020000000,Isabela,PH023100000,San Pablo,PH023133000,5134,770,1899,2114,223,125,3
Region II (Cagayan Valley),PH020000000,Isabela,PH023100000,Santa Maria,PH023134000,4860,234,2311,2125,49,133,8
Region II (Cagayan Valley),PH020000000,Isabela,PH023100000,Santo Tomas,PH023136000,4980,176,4674,27,96,5,2
Region II (Cagayan Valley),PH020000000,Isabela,PH023100000,Tumauini,PH023137000,15541,2285,10513,335,2177,227,4
Region II (Cagayan Valley),PH020000000,Nueva Vizcaya,PH025000000,Alfonso Castaneda,PH025015000,1787,200,118,39,167,1179,84
Region II (Cagayan Valley),PH020000000,Nueva Vizcaya,PH025000000,Ambaguio,PH025001000,3536,1007,18,0,20,2491,0
Region II (Cagayan Valley),PH020000000,Nueva Vizcaya,PH025000000,Aritao,PH025002000,8562,882,3359,91,1959,2269,2
Region II (Cagayan Valley),PH020000000,Nueva Vizcaya,PH025000000,Bagabag,PH025003000,8910,282,4576,14,3854,171,13
Region II (Cagayan Valley),PH020000000,Nueva Vizcaya,PH025000000,Bambang,PH025004000,13459,592,6313,20,4504,1877,153
Region II (Cagayan Valley),PH020000000,Nueva Vizcaya,PH025000000,Bayombong (Capital),PH025005000,15761,1958,4927,59,7059,1711,47
Region II (Cagayan Valley),PH020000000,Nueva Vizcaya,PH025000000,Diadi,PH025006000,4441,169,2595,121,581,974,1
Region II (Cagayan Valley),PH020000000,Nueva Vizcaya,PH025000000,Dupax Del Norte,PH025007000,6646,590,2605,14,1075,2360,2
Region II (Cagayan Valley),PH020000000,Nueva Vizcaya,PH025000000,Dupax Del Sur,PH025008000,4531,403,1460,163,452,1869,184
Region II (Cagayan Valley),PH020000000,Nueva Vizcaya,PH025000000,Kasibu,PH025009000,8448,1804,1037,175,446,4977,9
Region II (Cagayan Valley),PH020000000,Nueva Vizcaya,PH025000000,Kayapa,PH025010000,5544,27,71,188,7,5246,5
Region II (Cagayan Valley),PH020000000,Nueva Vizcaya,PH025000000,Quezon,PH025011000,4991,456,1960,15,691,1861,8
Region II (Cagayan Valley),PH020000000,Nueva Vizcaya,PH025000000,Santa Fe,PH025012000,3758,1712,213,7,498,1326,2
Region II (Cagayan Valley),PH020000000,Nueva Vizcaya,PH025000000,Solano,PH025013000,16514,529,6184,152,9141,493,15
Region II (Cagayan Valley),PH020000000,Nueva Vizcaya,PH025000000,Villaverde,PH025014000,4452,82,2215,2,1338,783,32
Region II (Cagayan Valley),PH020000000,Quirino,PH025700000,Aglipay,PH025701000,6577,386,4150,124,834,1067,16
Region II (Cagayan Valley),PH020000000,Quirino,PH025700000,Cabarroguis (Capital),PH025702000,6849,592,2837,109,1853,1452,6
Region II (Cagayan Valley),PH020000000,Quirino,PH025700000,Diffun,PH025703000,12283,511,7581,87,2272,1827,5
Region II (Cagayan Valley),PH020000000,Quirino,PH025700000,Maddela,PH025704000,8914,442,5298,48,1589,1532,5
Region II (Cagayan Valley),PH020000000,Quirino,PH025700000,Nagtipunan,PH025706000,4898,1031,1731,72,83,1977,4
Region II (Cagayan Valley),PH020000000,Quirino,PH025700000,Saguday,PH025705000,3985,668,2632,4,590,37,54
Region III (Central Luzon),PH030000000,Aurora,PH037700000,Baler (Capital),PH037701000,8842,5293,1423,4,1945,108,69
Region III (Central Luzon),PH030000000,Aurora,PH037700000,Casiguran,PH037702000,5721,2693,2165,59,210,388,206
Region III (Central Luzon),PH030000000,Aurora,PH037700000,Dilasag,PH037703000,3949,334,3421,13,5,175,1
Region III (Central Luzon),PH030000000,Aurora,PH037700000,Dinalungan,PH037704000,2661,2411,219,4,9,16,2
Region III (Central Luzon),PH030000000,Aurora,PH037700000,Dingalan,PH037705000,5726,1355,3387,230,312,412,30
Region III (Central Luzon),PH030000000,Aurora,PH037700000,Dipaculao,PH037706000,7051,2386,3430,86,270,876,3
Region III (Central Luzon),PH030000000,Aurora,PH037700000,Maria Aurora,PH037707000,9405,2006,4555,67,1170,1580,27
Region III (Central Luzon),PH030000000,Aurora,PH037700000,San Luis,PH037708000,6055,2554,2785,8,535,147,26
Region III (Central Luzon),PH030000000,Bataan,PH030800000,Abucay,PH030801000,9453,2454,6392,4,477,124,2
Region III (Central Luzon),PH030000000,Bataan,PH030800000,Bagac,PH030802000,6042,3824,589,258,819,541,11
Region III (Central Luzon),PH030000000,Bataan,PH030800000,City of Balanga (Capital),PH030803000,21269,11239,5311,76,4213,413,17
Region III (Central Luzon),PH030000000,Bataan,PH030800000,Dinalupihan,PH030804000,23971,11682,5502,179,3160,2893,555
Region III (Central Luzon),PH030000000,Bataan,PH030800000,Hermosa,PH030805000,14439,5966,6114,385,566,1171,237
Region III (Central Luzon),PH030000000,Bataan,PH030800000,Limay,PH030806000,15345,7411,4290,71,1900,1594,79
Region III (Central Luzon),PH030000000,Bataan,PH030800000,Mariveles,PH030807000,30847,16710,1938,272,10002,1771,154
Region III (Central Luzon),PH030000000,Bataan,PH030800000,Morong,PH030808000,6847,1480,2669,14,1384,1257,43
Region III (Central Luzon),PH030000000,Bataan,PH030800000,Orani,PH030809000,15790,11305,3993,5,154,319,14
Region III (Central Luzon),PH030000000,Bataan,PH030800000,Orion,PH030810000,12136,3488,5784,32,2659,120,53
Region III (Central Luzon),PH030000000,Bataan,PH030800000,Pilar,PH030811000,9349,3438,3885,15,1700,161,150
Region III (Central Luzon),PH030000000,Bataan,PH030800000,Samal,PH030812000,7724,2611,4515,6,241,333,18
Region III (Central Luzon),PH030000000,Bulacan,PH031400000,Angat,PH031401000,14891,1946,2408,132,10368,31,6
Region III (Central Luzon),PH030000000,Bulacan,PH031400000,Balagtas (Bigaa),PH031402000,17633,4453,574,84,12512,0,10
Region III (Central Luzon),PH030000000,Bulacan,PH031400000,Baliuag,PH031403000,36480,10932,3468,4,22028,1,47
Region III (Central Luzon),PH030000000,Bulacan,PH031400000,Bocaue,PH031404000,27427,7648,1061,9,18303,2,404
Region III (Central Luzon),PH030000000,Bulacan,PH031400000,Bulacan,PH031405000,18307,2185,1354,43,14704,2,19
Region III (Central Luzon),PH030000000,Bulacan,PH031400000,Bustos,PH031406000,16046,2587,1757,9,11580,1,112
Region III (Central Luzon),PH030000000,Bulacan,PH031400000,Calumpit,PH031407000,24991,10715,348,90,13555,0,283
Region III (Central Luzon),PH030000000,Bulacan,PH031400000,City of Malolos (Capital),PH031410000,57541,6660,1871,25,48754,52,179
Region III (Central Luzon),PH030000000,Bulacan,PH031400000,City of Meycauayan,PH031412000,52543,12363,1574,158,36896,2,1550
Region III (Central Luzon),PH030000000,Bulacan,PH031400000,City of San Jose Del Monte,PH031420000,126553,84138,2855,1015,35655,1343,1547
Region III (Central Luzon),PH030000000,Bulacan,PH031400000,Doña Remedios Trinidad,PH031424000,5090,446,1664,199,1370,1396,15
Region III (Central Luzon),PH030000000,Bulacan,PH031400000,Guiguinto,PH031408000,23062,3132,1029,22,18768,1,110
Region III (Central Luzon),PH030000000,Bulacan,PH031400000,Hagonoy,PH031409000,30208,15580,983,148,13274,195,28
Region III (Central Luzon),PH030000000,Bulacan,PH031400000,Marilao,PH031411000,52826,6416,3851,22,40835,172,1530
Region III (Central Luzon),PH030000000,Bulacan,PH031400000,Norzagaray,PH031413000,24822,7702,3333,610,11578,958,641
Region III (Central Luzon),PH030000000,Bulacan,PH031400000,Obando,PH031414000,13821,3108,254,1,10433,1,24
Region III (Central Luzon),PH030000000,Bulacan,PH031400000,Pandi,PH031415000,20314,2354,3120,30,14769,3,38
Region III (Central Luzon),PH030000000,Bulacan,PH031400000,Paombong,PH031416000,11782,2321,2367,13,6896,1,184
Region III (Central Luzon),PH030000000,Bulacan,PH031400000,Plaridel,PH031417000,24437,5245,2026,4,17109,17,36
Region III (Central Luzon),PH030000000,Bulacan,PH031400000,Pulilan,PH031418000,22557,4284,4860,90,13275,0,48
Region III (Central Luzon),PH030000000,Bulacan,PH031400000,San Ildefonso,PH031419000,24257,5003,7063,187,11924,16,64
Region III (Central Luzon),PH030000000,Bulacan,PH031400000,San Miguel,PH031421000,34459,7938,15679,74,9821,536,411
Region III (Central Luzon),PH030000000,Bulacan,PH031400000,San Rafael,PH031422000,22560,4897,6229,271,11048,35,80
Region III (Central Luzon),PH030000000,Bulacan,PH031400000,Santa Maria,PH031423000,58357,9600,5847,219,42075,122,494
Region III (Central Luzon),PH030000000,Nueva Ecija,PH034900000,Aliaga,PH034901000,14004,5523,8188,8,238,8,39
Region III (Central Luzon),PH030000000,Nueva Ecija,PH034900000,Bongabon,PH034902000,14990,4357,9212,113,779,500,29
Region III (Central Luzon),PH030000000,Nueva Ecija,PH034900000,City of Cabanatuan,PH034903000,68247,44895,18197,36,4508,49,562
Region III (Central Luzon),PH030000000,Nueva Ecija,PH034900000,Cabiao,PH034904000,16685,8725,6314,0,1571,22,53
Region III (Central Luzon),PH030000000,Nueva Ecija,PH034900000,Carranglan,PH034905000,9642,525,4867,71,1239,2939,1
Region III (Central Luzon),PH030000000,Nueva Ecija,PH034900000,City of Gapan,PH034908000,24906,12156,11456,8,1178,78,30
Region III (Central Luzon),PH030000000,Nueva Ecija,PH034900000,Cuyapo,PH034906000,15659,4038,8694,12,2902,11,2
Region III (Central Luzon),PH030000000,Nueva Ecija,PH034900000,Gabaldon (Bitulok & Sabani),PH034907000,8510,204,5346,8,428,2334,190
Region III (Central Luzon),PH030000000,Nueva Ecija,PH034900000,General Mamerto Natividad,PH034909000,10030,1770,6789,0,1404,38,29
Region III (Central Luzon),PH030000000,Nueva Ecija,PH034900000,General Tinio (Papaya),PH034910000,10996,3560,5346,21,1691,375,3
Region III (Central Luzon),PH030000000,Nueva Ecija,PH034900000,Guimba,PH034911000,28707,9300,18251,67,1069,4,16
Region III (Central Luzon),PH030000000,Nueva Ecija,PH034900000,Jaen,PH034912000,17904,9028,8312,0,531,2,31
Region III (Central Luzon),PH030000000,Nueva Ecija,PH034900000,Laur,PH034913000,8793,3464,4402,73,225,592,37
Region III (Central Luzon),PH030000000,Nueva Ecija,PH034900000,Licab,PH034914000,6387,2244,4134,0,8,0,1
Region III (Central Luzon),PH030000000,Nueva Ecija,PH034900000,Llanera,PH034915000,9590,1115,7154,13,1299,1,8
Region III (Central Luzon),PH030000000,Nueva Ecija,PH034900000,Lupao,PH034916000,10080,1719,7353,34,852,118,4
Region III (Central Luzon),PH030000000,Nueva Ecija,PH034900000,Nampicuan,PH034918000,3086,1521,1018,0,541,1,5
Region III (Central Luzon),PH030000000,Nueva Ecija,PH034900000,City of Palayan (Capital),PH034919000,9447,5808,2014,92,987,475,71
Region III (Central Luzon),PH030000000,Nueva Ecija,PH034900000,Pantabangan,PH034920000,6139,343,3688,54,1069,539,446
Region III (Central Luzon),PH030000000,Nueva Ecija,PH034900000,Peñaranda,PH034921000,6857,5650,1029,16,154,0,8
Region III (Central Luzon),PH030000000,Nueva Ecija,PH034900000,Quezon,PH034922000,9482,2342,6839,20,191,26,64
Region III (Central Luzon),PH030000000,Nueva Ecija,PH034900000,Rizal,PH034923000,15251,1072,11092,3,2667,414,3
Region III (Central Luzon),PH030000000,Nueva Ecija,PH034900000,San Antonio,PH034924000,17543,7328,8267,1,1403,489,55
Region III (Central Luzon),PH030000000,Nueva Ecija,PH034900000,San Isidro,PH034925000,11325,5403,3933,2,1968,14,5
Region III (Central Luzon),PH030000000,Nueva Ecija,PH034900000,San Jose City,PH034926000,32769,7048,19270,41,5951,424,35
Region III (Central Luzon),PH030000000,Nueva Ecija,PH034900000,San Leonardo,PH034927000,15012,9967,3596,409,855,104,81
Region III (Central Luzon),PH030000000,Nueva Ecija,PH034900000,Santa Rosa,PH034928000,15785,7841,5535,8,2347,22,32
Region III (Central Luzon),PH030000000,Nueva Ecija,PH034900000,Santo Domingo,PH034929000,14103,5707,8039,2,328,26,1
Region III (Central Luzon),PH030000000,Nueva Ecija,PH034900000,Science City of Muñoz,PH034917000,19143,6680,9486,49,2844,19,65
Region III (Central Luzon),PH030000000,Nueva Ecija,PH034900000,Talavera,PH034930000,28362,7091,17475,9,3482,87,218
Region III (Central Luzon),PH030000000,Nueva Ecija,PH034900000,Talugtug,PH034931000,5820,1366,4204,2,244,1,3
Region III (Central Luzon),PH030000000,Nueva Ecija,PH034900000,Zaragoza,PH034932000,11723,4771,6205,1,741,3,2
Region III (Central Luzon),PH030000000,Pampanga,PH035400000,City of Angeles,PH035401000,96219,60296,5047,552,26842,278,3204
Region III (Central Luzon),PH030000000,Pampanga,PH035400000,Apalit,PH035402000,23779,9204,3049,5,11396,34,91
Region III (Central Luzon),PH030000000,Pampanga,PH035400000,Arayat,PH035403000,28144,9372,14990,59,2905,683,135
Region III (Central Luzon),PH030000000,Pampanga,PH035400000,Bacolor,PH035404000,9593,2603,2013,3,4910,49,15
Region III (Central Luzon),PH030000000,Pampanga,PH035400000,Candaba,PH035405000,22664,6231,7820,4,8550,45,14
Region III (Central Luzon),PH030000000,Pampanga,PH035400000,City of San Fernando (Capital),PH035416000,68272,21849,5622,81,39821,695,204
Region III (Central Luzon),PH030000000,Pampanga,PH035400000,Floridablanca,PH035406000,28915,21072,3810,52,2974,679,328
Region III (Central Luzon),PH030000000,Pampanga,PH035400000,Guagua,PH035407000,26336,12859,5149,49,8088,175,16
Region III (Central Luzon),PH030000000,Pampanga,PH035400000,Lubao,PH035408000,34492,10709,11384,81,11656,227,435
Region III (Central Luzon),PH030000000,Pampanga,PH035400000,Mabalacat City,PH035409000,56650,28915,3933,151,23413,209,29
Region III (Central Luzon),PH030000000,Pampanga,PH035400000,Macabebe,PH035410000,16321,4419,3462,113,8286,22,19
Region III (Central Luzon),PH030000000,Pampanga,PH035400000,Magalang,PH035411000,24484,5937,9143,9,9249,78,68
Region III (Central Luzon),PH030000000,Pampanga,PH035400000,Masantol,PH035412000,11946,1859,6175,29,3790,43,50
Region III (Central Luzon),PH030000000,Pampanga,PH035400000,Mexico,PH035413000,32518,12129,7956,20,12276,63,74
Region III (Central Luzon),PH030000000,Pampanga,PH035400000,Minalin,PH035414000,9931,6404,1062,1,2449,8,7
Region III (Central Luzon),PH030000000,Pampanga,PH035400000,Porac,PH035415000,27474,11257,8178,144,6386,1080,429
Region III (Central Luzon),PH030000000,Pampanga,PH035400000,San Luis,PH035417000,10945,4390,2564,4,3858,17,112
Region III (Central Luzon),PH030000000,Pampanga,PH035400000,San Simon,PH035418000,11420,4097,1664,54,5556,26,23
Region III (Central Luzon),PH030000000,Pampanga,PH035400000,Santa Ana,PH035419000,11115,5910,1742,24,3426,6,7
Region III (Central Luzon),PH030000000,Pampanga,PH035400000,Santa Rita,PH035420000,9064,2297,3936,18,2545,106,162
Region III (Central Luzon),PH030000000,Pampanga,PH035400000,Santo Tomas,PH035421000,9214,4581,59,19,4520,10,25
Region III (Central Luzon),PH030000000,Pampanga,PH035400000,Sasmuan (Sexmoan),PH035422000,5805,3099,1925,7,685,77,12
Region III (Central Luzon),PH030000000,Tarlac,PH036900000,Anao,PH036901000,2720,1217,856,3,639,2,3
Region III (Central Luzon),PH030000000,Tarlac,PH036900000,Bamban,PH036902000,14978,4137,3842,397,6478,109,15
Region III (Central Luzon),PH030000000,Tarlac,PH036900000,Camiling,PH036903000,19601,5612,6059,36,7545,326,23
Region III (Central Luzon),PH030000000,Tarlac,PH036900000,Capas,PH036904000,32458,5920,15160,10,10455,648,265
Region III (Central Luzon),PH030000000,Tarlac,PH036900000,City of Tarlac (Capital),PH036916000,75546,13312,23194,107,38307,276,350
Region III (Central Luzon),PH030000000,Tarlac,PH036900000,Concepcion,PH036905000,33299,7436,16050,310,9192,225,86
Region III (Central Luzon),PH030000000,Tarlac,PH036900000,Gerona,PH036906000,21302,2282,11721,16,7013,16,254
Region III (Central Luzon),PH030000000,Tarlac,PH036900000,La Paz,PH036907000,14062,1184,8380,1,4467,17,13
Region III (Central Luzon),PH030000000,Tarlac,PH036900000,Mayantoc,PH036908000,7571,1069,5024,5,1089,128,256
Region III (Central Luzon),PH030000000,Tarlac,PH036900000,Moncada,PH036909000,13793,5370,7058,1,981,13,370
Region III (Central Luzon),PH030000000,Tarlac,PH036900000,Paniqui,PH036910000,22412,8010,8835,15,5180,36,336
Region III (Central Luzon),PH030000000,Tarlac,PH036900000,Pura,PH036911000,5602,1013,3206,0,1353,4,26
Region III (Central Luzon),PH030000000,Tarlac,PH036900000,Ramos,PH036912000,4785,2793,1149,2,835,4,2
Region III (Central Luzon),PH030000000,Tarlac,PH036900000,San Clemente,PH036913000,3031,265,1025,2,1734,4,1
Region III (Central Luzon),PH030000000,Tarlac,PH036900000,San Jose,PH036918000,8417,219,7126,94,721,237,20
Region III (Central Luzon),PH030000000,Tarlac,PH036900000,San Manuel,PH036914000,5706,366,4399,1,914,0,26
Region III (Central Luzon),PH030000000,Tarlac,PH036900000,Santa Ignacia,PH036915000,11519,685,6910,7,3532,35,350
Region III (Central Luzon),PH030000000,Tarlac,PH036900000,Victoria,PH036917000,15192,1257,11849,0,2062,7,17
Region III (Central Luzon),PH030000000,Zambales,PH037100000,Botolan,PH037101000,13668,1302,8168,103,2489,1446,160
Region III (Central Luzon),PH030000000,Zambales,PH037100000,Cabangan,PH037102000,5989,838,4528,73,355,42,153
Region III (Central Luzon),PH030000000,Zambales,PH037100000,Candelaria,PH037103000,6061,629,4561,13,761,38,59
Region III (Central Luzon),PH030000000,Zambales,PH037100000,Castillejos,PH037104000,17230,2042,6970,63,7840,257,58
Region III (Central Luzon),PH030000000,Zambales,PH037100000,Iba (Capital),PH037105000,11909,1369,6063,162,3900,349,66
Region III (Central Luzon),PH030000000,Zambales,PH037100000,Masinloc,PH037106000,10894,3014,3823,202,3166,367,322
Region III (Central Luzon),PH030000000,Zambales,PH037100000,City of Olongapo,PH037107000,56482,32052,1076,278,19275,3717,84
Region III (Central Luzon),PH030000000,Zambales,PH037100000,Palauig,PH037108000,7861,904,4494,900,1296,262,5
Region III (Central Luzon),PH030000000,Zambales,PH037100000,San Antonio,PH037109000,8709,1493,4777,11,2374,50,4
Region III (Central Luzon),PH030000000,Zambales,PH037100000,San Felipe,PH037110000,5725,1234,3404,0,1030,56,1
Region III (Central Luzon),PH030000000,Zambales,PH037100000,San Marcelino,PH037111000,8098,966,2365,142,3604,919,102
Region III (Central Luzon),PH030000000,Zambales,PH037100000,San Narciso,PH037112000,7161,588,3228,212,2964,162,7
Region III (Central Luzon),PH030000000,Zambales,PH037100000,Santa Cruz,PH037113000,13865,1303,9101,181,2692,380,208
Region III (Central Luzon),PH030000000,Zambales,PH037100000,Subic,PH037114000,25014,7462,4692,52,10139,2456,213
Region IV-A (CALABARZON),PH040000000,Batangas,PH041000000,Agoncillo,PH041001000,7826,6262,1089,14,325,6,130
Region IV-A (CALABARZON),PH040000000,Batangas,PH041000000,Alitagtag,PH041002000,5556,4760,40,0,735,3,18
Region IV-A (CALABARZON),PH040000000,Batangas,PH041000000,Balayan,PH041003000,22001,7579,7721,452,4827,843,579
Region IV-A (CALABARZON),PH040000000,Batangas,PH041000000,Balete,PH041004000,4732,4081,608,1,11,4,27
Region IV-A (CALABARZON),PH040000000,Batangas,PH041000000,Batangas City (Capital),PH041005000,77990,59930,4702,138,9181,3446,593
Region IV-A (CALABARZON),PH040000000,Batangas,PH041000000,Bauan,PH041006000,20694,13051,1229,16,4522,1835,41
Region IV-A (CALABARZON),PH040000000,Batangas,PH041000000,Calaca,PH041007000,18459,10937,4310,52,2355,449,356
Region IV-A (CALABARZON),PH040000000,Batangas,PH041000000,Calatagan,PH041008000,13717,1374,7061,168,4497,236,381
Region IV-A (CALABARZON),PH040000000,Batangas,PH041000000,City of Tanauan,PH041031000,38239,32389,1035,84,4323,215,193
Region IV-A (CALABARZON),PH040000000,Batangas,PH041000000,Cuenca,PH041009000,7213,4501,767,248,1565,129,3
Region IV-A (CALABARZON),PH040000000,Batangas,PH041000000,Ibaan,PH041010000,12307,6120,3589,176,2147,90,185
Region IV-A (CALABARZON),PH040000000,Batangas,PH041000000,Laurel,PH041011000,8563,4998,2782,142,39,135,467
Region IV-A (CALABARZON),PH040000000,Batangas,PH041000000,Lemery,PH041012000,20141,16567,882,12,2536,54,90
Region IV-A (CALABARZON),PH040000000,Batangas,PH041000000,Lian,PH041013000,12956,2842,5690,291,2766,236,1131
Region IV-A (CALABARZON),PH040000000,Batangas,PH041000000,City of Lipa,PH041014000,73607,50759,1931,342,19782,476,317
Region IV-A (CALABARZON),PH040000000,Batangas,PH041000000,Lobo,PH041015000,9052,4804,692,24,308,3211,13
Region IV-A (CALABARZON),PH040000000,Batangas,PH041000000,Mabini,PH041016000,9954,4376,381,23,3959,1205,10
Region IV-A (CALABARZON),PH040000000,Batangas,PH041000000,Malvar,PH041017000,13761,12083,179,0,1454,8,37
Region IV-A (CALABARZON),PH040000000,Batangas,PH041000000,Mataasnakahoy,PH041018000,6901,6414,157,0,327,2,1
Region IV-A (CALABARZON),PH040000000,Batangas,PH041000000,Nasugbu,PH041019000,30751,10942,8435,1822,8001,1277,274
Region IV-A (CALABARZON),PH040000000,Batangas,PH041000000,Padre Garcia,PH041020000,11109,9152,1018,1,862,12,64
Region IV-A (CALABARZON),PH040000000,Batangas,PH041000000,Rosario,PH041021000,26906,8949,12851,1805,1532,1631,138
Region IV-A (CALABARZON),PH040000000,Batangas,PH041000000,San Jose,PH041022000,18458,14902,240,12,3168,129,7
Region IV-A (CALABARZON),PH040000000,Batangas,PH041000000,San Juan,PH041023000,23911,6305,13062,81,3113,1322,28
Region IV-A (CALABARZON),PH040000000,Batangas,PH041000000,San Luis,PH041024000,7368,5907,597,58,472,51,283
Region IV-A (CALABARZON),PH040000000,Batangas,PH041000000,San Nicolas,PH041025000,4485,3120,1190,22,116,2,35
Region IV-A (CALABARZON),PH040000000,Batangas,PH041000000,San Pascual,PH041026000,15212,12249,780,10,2042,18,113
Region IV-A (CALABARZON),PH040000000,Batangas,PH041000000,Santa Teresita,PH041027000,4309,3785,103,0,403,2,16
Region IV-A (CALABARZON),PH040000000,Batangas,PH041000000,Santo Tomas,PH041028000,42629,32266,2248,18,6355,1209,533
Region IV-A (CALABARZON),PH040000000,Batangas,PH041000000,Taal,PH041029000,12293,10009,903,91,1128,117,45
Region IV-A (CALABARZON),PH040000000,Batangas,PH041000000,Talisay,PH041030000,9825,5072,4122,136,330,155,10
Region IV-A (CALABARZON),PH040000000,Batangas,PH041000000,Taysan,PH041032000,8512,5372,1848,127,524,617,24
Region IV-A (CALABARZON),PH040000000,Batangas,PH041000000,Tingloy,PH041033000,4315,1308,2489,68,437,9,4
Region IV-A (CALABARZON),PH040000000,Batangas,PH041000000,Tuy,PH041034000,10073,8439,1187,51,119,259,18
Region IV-A (CALABARZON),PH040000000,Cavite,PH042100000,Alfonso,PH042101000,11820,9050,556,86,1835,282,11
Region IV-A (CALABARZON),PH040000000,Cavite,PH042100000,Amadeo,PH042102000,8811,4445,61,5,3711,188,401
Region IV-A (CALABARZON),PH040000000,Cavite,PH042100000,City of Bacoor,PH042103000,149160,34140,4005,76,104330,974,5635
Region IV-A (CALABARZON),PH040000000,Cavite,PH042100000,Carmona,PH042104000,24427,5214,1097,14,17680,185,237
Region IV-A (CALABARZON),PH040000000,Cavite,PH042100000,City of Cavite,PH042105000,25997,4551,35,3,21010,17,381
Region IV-A (CALABARZON),PH040000000,Cavite,PH042100000,City of Dasmariñas,PH042106000,147799,77652,1787,52,63450,615,4243
Region IV-A (CALABARZON),PH040000000,Cavite,PH042100000,City of General Trias,PH042108000,80142,15698,1743,111,61922,253,415
Region IV-A (CALABARZON),PH040000000,Cavite,PH042100000,Gen. Mariano Alvarez,PH042123000,34773,27827,133,18,6130,33,632
Region IV-A (CALABARZON),PH040000000,Cavite,PH042100000,General Emilio Aguinaldo,PH042107000,4414,2415,36,11,1820,116,16
Region IV-A (CALABARZON),PH040000000,Cavite,PH042100000,City of Imus,PH042109000,97373,9096,2337,97,84796,756,291
Region IV-A (CALABARZON),PH040000000,Cavite,PH042100000,Indang,PH042110000,15016,10407,494,30,3332,683,70
Region IV-A (CALABARZON),PH040000000,Cavite,PH042100000,Kawit,PH042111000,21018,1924,1650,5,17129,18,292
Region IV-A (CALABARZON),PH040000000,Cavite,PH042100000,Magallanes,PH042112000,4777,3135,24,249,1254,112,3
Region IV-A (CALABARZON),PH040000000,Cavite,PH042100000,Maragondon,PH042113000,8339,2748,983,56,4418,45,89
Region IV-A (CALABARZON),PH040000000,Cavite,PH042100000,Mendez (Mendez-Nuñez),PH042114000,7179,4682,12,1,2190,22,272
Region IV-A (CALABARZON),PH040000000,Cavite,PH042100000,Naic,PH042115000,26131,1691,4579,50,19072,167,572
Region IV-A (CALABARZON),PH040000000,Cavite,PH042100000,Noveleta,PH042116000,11648,2047,578,8,8782,8,225
Region IV-A (CALABARZON),PH040000000,Cavite,PH042100000,Rosario,PH042117000,29316,3132,807,107,25220,27,23
Region IV-A (CALABARZON),PH040000000,Cavite,PH042100000,Silang,PH042118000,58196,40820,684,199,13441,828,2224
Region IV-A (CALABARZON),PH040000000,Cavite,PH042100000,City of Tagaytay,PH042119000,16095,12948,279,56,2125,98,589
Region IV-A (CALABARZON),PH040000000,Cavite,PH042100000,Tanza,PH042120000,54446,10976,4333,466,38286,297,88
Region IV-A (CALABARZON),PH040000000,Cavite,PH042100000,Ternate,PH042121000,5673,419,2896,65,2191,41,61
Region IV-A (CALABARZON),PH040000000,Cavite,PH042100000,City of Trece Martires (Capital),PH042122000,35193,11174,897,56,22383,58,625
Region IV-A (CALABARZON),PH040000000,Laguna,PH043400000,Alaminos,PH043401000,11154,9342,336,159,1264,47,6
Region IV-A (CALABARZON),PH040000000,Laguna,PH043400000,Bay,PH043402000,15149,8109,2168,8,4468,316,80
Region IV-A (CALABARZON),PH040000000,Laguna,PH043400000,City of Cabuyao,PH043404000,81573,11117,3287,172,62899,374,3724
Region IV-A (CALABARZON),PH040000000,Laguna,PH043400000,Calauan,PH043406000,17669,10469,4517,82,1240,1057,304
Region IV-A (CALABARZON),PH040000000,Laguna,PH043400000,Cavinti,PH043407000,5359,2582,514,186,1032,987,58
Region IV-A (CALABARZON),PH040000000,Laguna,PH043400000,City of Biñan,PH043403000,86752,12437,3944,83,69964,126,198
Region IV-A (CALABARZON),PH040000000,Laguna,PH043400000,City of Calamba,PH043405000,123071,65106,16666,245,38855,965,1234
Region IV-A (CALABARZON),PH040000000,Laguna,PH043400000,City of San Pedro,PH043425000,73030,18488,2190,21,51745,216,370
Region IV-A (CALABARZON),PH040000000,Laguna,PH043400000,City of Santa Rosa,PH043428000,101385,14264,4706,304,77228,549,4334
Region IV-A (CALABARZON),PH040000000,Laguna,PH043400000,Famy,PH043408000,4117,2413,1040,53,169,410,32
Region IV-A (CALABARZON),PH040000000,Laguna,PH043400000,Kalayaan,PH043409000,5147,3159,148,242,298,975,325
Region IV-A (CALABARZON),PH040000000,Laguna,PH043400000,Liliw,PH043410000,9309,7521,90,36,1621,38,3
Region IV-A (CALABARZON),PH040000000,Laguna,PH043400000,Los Baños,PH043411000,29020,24190,2384,205,1763,463,15
Region IV-A (CALABARZON),PH040000000,Laguna,PH043400000,Luisiana,PH043412000,4847,2372,317,76,1869,115,98
Region IV-A (CALABARZON),PH040000000,Laguna,PH043400000,Lumban,PH043413000,7350,1404,2356,12,2826,684,68
Region IV-A (CALABARZON),PH040000000,Laguna,PH043400000,Mabitac,PH043414000,4575,1018,2099,7,607,744,100
Region IV-A (CALABARZON),PH040000000,Laguna,PH043400000,Magdalena,PH043415000,5850,1067,1358,12,826,276,2311
Region IV-A (CALABARZON),PH040000000,Laguna,PH043400000,Majayjay,PH043416000,6624,4888,12,21,1266,373,64
Region IV-A (CALABARZON),PH040000000,Laguna,PH043400000,Nagcarlan,PH043417000,15692,13507,172,11,1616,367,19
Region IV-A (CALABARZON),PH040000000,Laguna,PH043400000,Paete,PH043418000,5602,1576,297,2,504,3214,9
Region IV-A (CALABARZON),PH040000000,Laguna,PH043400000,Pagsanjan,PH043419000,9747,3938,949,96,4241,384,139
Region IV-A (CALABARZON),PH040000000,Laguna,PH043400000,Pakil,PH043420000,4597,1955,1471,38,347,786,0
Region IV-A (CALABARZON),PH040000000,Laguna,PH043400000,Pangil,PH043421000,5492,3252,1249,110,642,151,88
Region IV-A (CALABARZON),PH040000000,Laguna,PH043400000,Pila,PH043422000,11447,561,4817,11,5035,966,57
Region IV-A (CALABARZON),PH040000000,Laguna,PH043400000,Rizal,PH043423000,4065,2492,82,5,1079,143,264
Region IV-A (CALABARZON),PH040000000,Laguna,PH043400000,City of San Pablo,PH043424000,62289,43565,13087,134,3337,1792,374
Region IV-A (CALABARZON),PH040000000,Laguna,PH043400000,Santa Cruz (Capital),PH043426000,27982,5218,6099,62,16244,112,247
Region IV-A (CALABARZON),PH040000000,Laguna,PH043400000,Santa Maria,PH043427000,7308,4915,1151,130,536,572,4
Region IV-A (CALABARZON),PH040000000,Laguna,PH043400000,Siniloan,PH043429000,8489,4372,1725,45,1359,949,39
Region IV-A (CALABARZON),PH040000000,Laguna,PH043400000,Victoria,PH043430000,10822,4657,2383,3,3755,23,1
Region IV-A (CALABARZON),PH040000000,Quezon,PH045600000,Agdangan,PH045601000,3171,669,1268,129,1022,43,40
Region IV-A (CALABARZON),PH040000000,Quezon,PH045600000,Alabat,PH045602000,3566,1305,924,102,1074,136,25
Region IV-A (CALABARZON),PH040000000,Quezon,PH045600000,Atimonan,PH045603000,15001,2524,3505,449,7294,1154,75
Region IV-A (CALABARZON),PH040000000,Quezon,PH045600000,Buenavista,PH045605000,6765,1363,1832,1450,1308,807,5
Region IV-A (CALABARZON),PH040000000,Quezon,PH045600000,Burdeos,PH045606000,5652,1894,526,2195,200,832,5
Region IV-A (CALABARZON),PH040000000,Quezon,PH045600000,Calauag,PH045607000,16881,3561,3724,4105,4046,507,938
Region IV-A (CALABARZON),PH040000000,Quezon,PH045600000,Candelaria,PH045608000,28055,8534,15229,319,3112,651,210
Region IV-A (CALABARZON),PH040000000,Quezon,PH045600000,Catanauan,PH045610000,15334,3247,3788,2835,3826,1537,101
Region IV-A (CALABARZON),PH040000000,Quezon,PH045600000,City of Tayabas,PH045647000,23837,16670,1681,734,2611,1814,327
Region IV-A (CALABARZON),PH040000000,Quezon,PH045600000,Dolores,PH045615000,6510,3018,1052,20,785,1595,40
Region IV-A (CALABARZON),PH040000000,Quezon,PH045600000,General Luna,PH045616000,5680,1073,550,1966,1297,542,252
Region IV-A (CALABARZON),PH040000000,Quezon,PH045600000,General Nakar,PH045617000,6451,2500,1382,102,143,2301,23
Region IV-A (CALABARZON),PH040000000,Quezon,PH045600000,Guinayangan,PH045618000,10304,3467,2347,1516,2312,655,7
Region IV-A (CALABARZON),PH040000000,Quezon,PH045600000,Gumaca,PH045619000,18445,1710,4885,1714,7953,1379,804
Region IV-A (CALABARZON),PH040000000,Quezon,PH045600000,Infanta,PH045620000,16449,8640,3973,588,1820,463,965
Region IV-A (CALABARZON),PH040000000,Quezon,PH045600000,Jomalig,PH045621000,1532,4,997,461,58,9,3
Region IV-A (CALABARZON),PH040000000,Quezon,PH045600000,Lopez,PH045622000,20863,2633,2703,5140,6290,2771,1326
Region IV-A (CALABARZON),PH040000000,Quezon,PH045600000,Lucban,PH045623000,11969,8827,592,108,1727,512,203
Region IV-A (CALABARZON),PH040000000,Quezon,PH045600000,City of Lucena (Capital),PH045624000,59836,40319,3755,94,8799,350,6519
Region IV-A (CALABARZON),PH040000000,Quezon,PH045600000,Macalelon,PH045625000,5931,1320,1085,1499,1488,435,104
Region IV-A (CALABARZON),PH040000000,Quezon,PH045600000,Mauban,PH045627000,15381,4649,5569,808,2694,1480,181
Region IV-A (CALABARZON),PH040000000,Quezon,PH045600000,Mulanay,PH045628000,11718,2040,3660,2224,3061,719,14
Region IV-A (CALABARZON),PH040000000,Quezon,PH045600000,Padre Burgos,PH045629000,5182,1063,2049,225,189,108,1548
Region IV-A (CALABARZON),PH040000000,Quezon,PH045600000,Pagbilao,PH045630000,17284,11810,528,589,1428,455,2474
Region IV-A (CALABARZON),PH040000000,Quezon,PH045600000,Panukulan,PH045631000,2891,752,369,1306,32,430,2
Region IV-A (CALABARZON),PH040000000,Quezon,PH045600000,Patnanungan,PH045632000,3287,83,284,1827,536,550,7
Region IV-A (CALABARZON),PH040000000,Quezon,PH045600000,Perez,PH045633000,2776,410,1762,425,156,19,4
Region IV-A (CALABARZON),PH040000000,Quezon,PH045600000,Pitogo,PH045634000,5222,1317,1109,622,1976,192,6
Region IV-A (CALABARZON),PH040000000,Quezon,PH045600000,Plaridel,PH045635000,2380,69,990,33,1248,38,2
Region IV-A (CALABARZON),PH040000000,Quezon,PH045600000,Polillo,PH045636000,6965,2278,1030,1423,173,1994,67
Region IV-A (CALABARZON),PH040000000,Quezon,PH045600000,Quezon,PH045637000,3681,458,1639,70,1419,95,0
Region IV-A (CALABARZON),PH040000000,Quezon,PH045600000,Real,PH045638000,8015,4104,913,160,1885,947,6
Region IV-A (CALABARZON),PH040000000,Quezon,PH045600000,Sampaloc,PH045639000,3035,2053,54,5,868,47,8
Region IV-A (CALABARZON),PH040000000,Quezon,PH045600000,San Andres,PH045640000,8745,2674,2618,1605,871,970,7
Region IV-A (CALABARZON),PH040000000,Quezon,PH045600000,San Antonio,PH045641000,7383,2733,3590,313,526,218,3
Region IV-A (CALABARZON),PH040000000,Quezon,PH045600000,San Francisco (Aurora),PH045642000,13903,7010,2899,1691,434,1856,13
Region IV-A (CALABARZON),PH040000000,Quezon,PH045600000,San Narciso,PH045644000,10700,2752,2983,1462,1944,1558,1
Region IV-A (CALABARZON),PH040000000,Quezon,PH045600000,Sariaya,PH045645000,34592,12772,17116,39,3066,801,798
Region IV-A (CALABARZON),PH040000000,Quezon,PH045600000,Tagkawayan,PH045646000,11645,4066,2629,2426,1512,794,218
Region IV-A (CALABARZON),PH040000000,Quezon,PH045600000,Tiaong,PH045648000,22366,7169,12483,115,2087,423,89
Region IV-A (CALABARZON),PH040000000,Quezon,PH045600000,Unisan,PH045649000,6290,555,1236,1562,1622,1008,307
Region IV-A (CALABARZON),PH040000000,Rizal,PH045800000,Angono,PH045801000,25325,13039,201,40,11578,217,250
Region IV-A (CALABARZON),PH040000000,Rizal,PH045800000,Baras,PH045803000,16706,3262,4071,94,7381,607,1291
Region IV-A (CALABARZON),PH040000000,Rizal,PH045800000,Binangonan,PH045804000,69786,49846,6381,59,12891,185,424
Region IV-A (CALABARZON),PH040000000,Rizal,PH045800000,Cainta,PH045805000,71463,43963,807,17,22873,232,3571
Region IV-A (CALABARZON),PH040000000,Rizal,PH045800000,Cardona,PH045806000,12114,7365,2666,47,1982,47,7
Region IV-A (CALABARZON),PH040000000,Rizal,PH045800000,City of Antipolo (Capital),PH045802000,170496,128865,6851,1513,24100,4024,5143
Region IV-A (CALABARZON),PH040000000,Rizal,PH045800000,Jala-Jala,PH045807000,6919,2155,2221,37,2067,270,169
Region IV-A (CALABARZON),PH040000000,Rizal,PH045800000,Morong,PH045809000,13180,10779,907,89,1266,118,21
Region IV-A (CALABARZON),PH040000000,Rizal,PH045800000,Pililla,PH045810000,14734,7378,2450,177,3029,767,933
Region IV-A (CALABARZON),PH040000000,Rizal,PH045800000,Rodriguez (Montalban),PH045808000,82348,33434,4808,2787,35731,3318,2270
Region IV-A (CALABARZON),PH040000000,Rizal,PH045800000,San Mateo,PH045811000,56379,30789,2807,409,20348,934,1092
Region IV-A (CALABARZON),PH040000000,Rizal,PH045800000,Tanay,PH045812000,25836,15433,1798,349,4061,3366,829
Region IV-A (CALABARZON),PH040000000,Rizal,PH045800000,Taytay,PH045813000,73835,48742,1291,103,20810,610,2279
Region IV-A (CALABARZON),PH040000000,Rizal,PH045800000,Teresa,PH045814000,13457,7736,772,19,3996,119,815
Mimaropa Region,PH170000000,Marinduque,PH174000000,Boac (Capital),PH174001000,12679,3897,2922,248,4556,1042,14
Mimaropa Region,PH170000000,Marinduque,PH174000000,Buenavista,PH174002000,5312,2677,1521,65,864,176,9
Mimaropa Region,PH170000000,Marinduque,PH174000000,Gasan,PH174003000,8070,2231,3080,65,2328,261,105
Mimaropa Region,PH170000000,Marinduque,PH174000000,Mogpog,PH174004000,8241,2052,1549,624,3025,968,23
Mimaropa Region,PH170000000,Marinduque,PH174000000,Santa Cruz,PH174005000,13340,4576,2435,699,4420,1177,33
Mimaropa Region,PH170000000,Marinduque,PH174000000,Torrijos,PH174006000,6866,4010,779,266,1462,349,0
Mimaropa Region,PH170000000,Occidental Mindoro,PH175100000,Abra De Ilog,PH175101000,7329,1535,4368,301,67,1051,7
Mimaropa Region,PH170000000,Occidental Mindoro,PH175100000,Calintaan,PH175102000,6451,457,4111,10,1435,432,6
Mimaropa Region,PH170000000,Occidental Mindoro,PH175100000,Looc,PH175103000,2421,1506,549,320,5,41,0
Mimaropa Region,PH170000000,Occidental Mindoro,PH175100000,Lubang,PH175104000,4777,1813,154,199,2146,461,4
Mimaropa Region,PH170000000,Occidental Mindoro,PH175100000,Magsaysay,PH175105000,7819,927,3386,61,2044,1341,60
Mimaropa Region,PH170000000,Occidental Mindoro,PH175100000,Mamburao (Capital),PH175106000,10025,1550,5689,22,2090,536,138
Mimaropa Region,PH170000000,Occidental Mindoro,PH175100000,Paluan,PH175107000,3603,766,1847,3,1,980,6
Mimaropa Region,PH170000000,Occidental Mindoro,PH175100000,Rizal,PH175108000,8468,950,6478,58,823,146,13
Mimaropa Region,PH170000000,Occidental Mindoro,PH175100000,Sablayan,PH175109000,18558,2390,10676,49,4276,1121,46
Mimaropa Region,PH170000000,Occidental Mindoro,PH175100000,San Jose,PH175110000,33208,5053,7819,1850,15783,1665,1038
Mimaropa Region,PH170000000,Occidental Mindoro,PH175100000,Santa Cruz,PH175111000,9055,818,6785,6,672,758,16
Mimaropa Region,PH170000000,Oriental Mindoro,PH175200000,Baco,PH175201000,8326,2985,4336,120,67,747,71
Mimaropa Region,PH170000000,Oriental Mindoro,PH175200000,Bansud,PH175202000,9250,1044,6677,68,32,1425,4
Mimaropa Region,PH170000000,Oriental Mindoro,PH175200000,Bongabong,PH175203000,16753,4635,8883,383,64,1796,992
Mimaropa Region,PH170000000,Oriental Mindoro,PH175200000,Bulalacao (San Pedro),PH175204000,8542,4356,1767,258,372,1730,59
Mimaropa Region,PH170000000,Oriental Mindoro,PH175200000,City of Calapan (Capital),PH175205000,30734,11087,10584,517,3776,134,4636
Mimaropa Region,PH170000000,Oriental Mindoro,PH175200000,Gloria,PH175206000,10366,2135,7688,49,78,248,168
Mimaropa Region,PH170000000,Oriental Mindoro,PH175200000,Mansalay,PH175207000,11286,2076,4245,726,136,1459,2644
Mimaropa Region,PH170000000,Oriental Mindoro,PH175200000,Naujan,PH175208000,23348,6450,14953,40,687,1007,211
Mimaropa Region,PH170000000,Oriental Mindoro,PH175200000,Pinamalayan,PH175209000,19551,3534,6157,71,944,1058,7787
Mimaropa Region,PH170000000,Oriental Mindoro,PH175200000,Pola,PH175210000,8192,4163,3051,147,33,755,43
Mimaropa Region,PH170000000,Oriental Mindoro,PH175200000,Puerto Galera,PH175211000,8322,4647,510,171,1405,501,1088
Mimaropa Region,PH170000000,Oriental Mindoro,PH175200000,Roxas,PH175212000,11719,2032,8748,405,278,162,94
Mimaropa Region,PH170000000,Oriental Mindoro,PH175200000,San Teodoro,PH175213000,4058,1443,836,127,168,1482,2
Mimaropa Region,PH170000000,Oriental Mindoro,PH175200000,Socorro,PH175214000,9108,2487,4951,219,560,743,148
Mimaropa Region,PH170000000,Oriental Mindoro,PH175200000,Victoria,PH175215000,11208,2661,6935,19,98,883,612
Mimaropa Region,PH170000000,Palawan,PH175300000,Aborlan,PH175301000,8294,3751,3621,458,183,267,14
Mimaropa Region,PH170000000,Palawan,PH175300000,Agutaya,PH175302000,3045,497,692,1835,15,0,6
Mimaropa Region,PH170000000,Palawan,PH175300000,Araceli,PH175303000,3294,602,91,1952,287,91,271
Mimaropa Region,PH170000000,Palawan,PH175300000,Balabac,PH175304000,8445,155,1765,4889,145,1162,329
Mimaropa Region,PH170000000,Palawan,PH175300000,Bataraza,PH175305000,17983,7982,5523,2657,616,1197,8
Mimaropa Region,PH170000000,Palawan,PH175300000,Brooke'S Point,PH175306000,15474,3631,8868,515,390,2058,12
Mimaropa Region,PH170000000,Palawan,PH175300000,Busuanga,PH175307000,5051,3150,415,796,39,651,0
Mimaropa Region,PH170000000,Palawan,PH175300000,Cagayancillo,PH175308000,1184,2,13,144,1,1024,0
Mimaropa Region,PH170000000,Palawan,PH175300000,Coron,PH175309000,11512,4889,1634,1987,2248,752,2
Mimaropa Region,PH170000000,Palawan,PH175300000,Culion,PH175322000,4652,1943,545,959,287,863,55
Mimaropa Region,PH170000000,Palawan,PH175300000,Cuyo,PH175310000,5103,1023,138,3373,70,1,498
Mimaropa Region,PH170000000,Palawan,PH175300000,Dumaran,PH175311000,5812,1688,1066,2965,10,60,23
Mimaropa Region,PH170000000,Palawan,PH175300000,El Nido (Bacuit),PH175312000,9490,2369,1680,3695,973,617,156
Mimaropa Region,PH170000000,Palawan,PH175300000,Kalayaan,PH175321000,31,1,0,0,30,0,0
Mimaropa Region,PH170000000,Palawan,PH175300000,Linapacan,PH175313000,3370,1452,74,1468,40,305,31
Mimaropa Region,PH170000000,Palawan,PH175300000,Magsaysay,PH175314000,2733,174,76,2292,3,0,188
Mimaropa Region,PH170000000,Palawan,PH175300000,Narra,PH175315000,16922,4033,11173,554,857,294,11
Mimaropa Region,PH170000000,Palawan,PH175300000,City of Puerto Princesa (Capital),PH175316000,62247,30944,6572,1748,20011,2591,381
Mimaropa Region,PH170000000,Palawan,PH175300000,Quezon,PH175317000,13941,2787,5000,2736,1932,1029,457
Mimaropa Region,PH170000000,Palawan,PH175300000,Rizal (Marcos),PH175323000,12826,1004,4745,2795,418,3844,20
Mimaropa Region,PH170000000,Palawan,PH175300000,Roxas,PH175318000,15377,5048,2555,4230,2331,686,527
Mimaropa Region,PH170000000,Palawan,PH175300000,San Vicente,PH175319000,6711,4622,606,577,119,760,27
Mimaropa Region,PH170000000,Palawan,PH175300000,Sofronio Española,PH175324000,7687,1675,3353,1577,290,756,36
Mimaropa Region,PH170000000,Palawan,PH175300000,Taytay,PH175320000,16137,7107,2140,5390,311,1078,111
Mimaropa Region,PH170000000,Romblon,PH175900000,Alcantara,PH175901000,3673,1209,1730,35,517,182,0
Mimaropa Region,PH170000000,Romblon,PH175900000,Banton,PH175902000,1420,137,391,4,4,883,1
Mimaropa Region,PH170000000,Romblon,PH175900000,Cajidiocan,PH175903000,4983,1879,1520,40,39,1494,11
Mimaropa Region,PH170000000,Romblon,PH175900000,Calatrava,PH175904000,2334,1270,197,4,707,155,1
Mimaropa Region,PH170000000,Romblon,PH175900000,Concepcion,PH175905000,1048,515,70,45,2,416,0
Mimaropa Region,PH170000000,Romblon,PH175900000,Corcuera,PH175906000,2471,892,724,293,26,473,63
Mimaropa Region,PH170000000,Romblon,PH175900000,Ferrol,PH175916000,1656,168,1221,11,153,102,1
Mimaropa Region,PH170000000,Romblon,PH175900000,Looc,PH175907000,5380,1663,1993,96,1417,210,1
Mimaropa Region,PH170000000,Romblon,PH175900000,Magdiwang,PH175908000,3079,1177,1134,82,59,604,23
Mimaropa Region,PH170000000,Romblon,PH175900000,Odiongan,PH175909000,11460,2469,4998,153,3261,570,9
Mimaropa Region,PH170000000,Romblon,PH175900000,Romblon (Capital),PH175910000,8997,5062,940,217,1399,1300,79
Mimaropa Region,PH170000000,Romblon,PH175900000,San Agustin,PH175911000,5273,2734,859,124,731,770,55
Mimaropa Region,PH170000000,Romblon,PH175900000,San Andres,PH175912000,3550,1195,1324,164,548,318,1
Mimaropa Region,PH170000000,Romblon,PH175900000,San Fernando,PH175913000,5055,3196,1139,45,131,543,1
Mimaropa Region,PH170000000,Romblon,PH175900000,San Jose,PH175914000,2392,1057,295,47,184,809,0
Mimaropa Region,PH170000000,Romblon,PH175900000,Santa Fe,PH175915000,3711,541,2420,316,310,102,22
Mimaropa Region,PH170000000,Romblon,PH175900000,Santa Maria (Imelda),PH175917000,1880,1139,303,13,172,253,0
Region IX (Zamboanga Peninsula),PH090000000,City Of Isabela (Not a Province),PH099700000,City of Isabela,PH099701000,22916,13193,3801,1132,1792,1011,1987
Region IX (Zamboanga Peninsula),PH090000000,Zamboanga Del Norte,PH097200000,Bacungan (Leon T. Postigo),PH097226000,5564,2075,870,529,389,1596,105
Region IX (Zamboanga Peninsula),PH090000000,Zamboanga Del Norte,PH097200000,Baliguian,PH097224000,5176,3114,687,404,19,952,0
Region IX (Zamboanga Peninsula),PH090000000,Zamboanga Del Norte,PH097200000,City of Dapitan,PH097201000,18108,6078,1694,1482,5090,3541,223
Region IX (Zamboanga Peninsula),PH090000000,Zamboanga Del Norte,PH097200000,City of Dipolog (Capital),PH097202000,29983,6525,3213,974,17837,729,705
Region IX (Zamboanga Peninsula),PH090000000,Zamboanga Del Norte,PH097200000,Godod,PH097225000,3802,1806,659,317,4,1013,3
Region IX (Zamboanga Peninsula),PH090000000,Zamboanga Del Norte,PH097200000,Gutalac,PH097223000,7584,1525,2350,2059,203,1446,1
Region IX (Zamboanga Peninsula),PH090000000,Zamboanga Del Norte,PH097200000,Jose Dalman (Ponot),PH097222000,6104,1490,1778,858,251,1727,0
Region IX (Zamboanga Peninsula),PH090000000,Zamboanga Del Norte,PH097200000,Kalawit,PH097227000,4830,1619,1784,987,61,369,10
Region IX (Zamboanga Peninsula),PH090000000,Zamboanga Del Norte,PH097200000,Katipunan,PH097203000,9803,2109,2327,537,1362,3290,178
Region IX (Zamboanga Peninsula),PH090000000,Zamboanga Del Norte,PH097200000,La Libertad,PH097204000,1871,261,210,411,91,897,1
Region IX (Zamboanga Peninsula),PH090000000,Zamboanga Del Norte,PH097200000,Labason,PH097205000,9186,4032,2335,354,1844,596,25
Region IX (Zamboanga Peninsula),PH090000000,Zamboanga Del Norte,PH097200000,Liloy,PH097206000,9369,4842,1389,585,2104,289,160
Region IX (Zamboanga Peninsula),PH090000000,Zamboanga Del Norte,PH097200000,Manukan,PH097207000,7823,1478,2502,1550,831,1432,30
Region IX (Zamboanga Peninsula),PH090000000,Zamboanga Del Norte,PH097200000,Mutia,PH097208000,2686,1901,215,27,34,509,0
Region IX (Zamboanga Peninsula),PH090000000,Zamboanga Del Norte,PH097200000,Piñan (New Piñan),PH097209000,4632,1191,1855,413,228,898,47
Region IX (Zamboanga Peninsula),PH090000000,Zamboanga Del Norte,PH097200000,Polanco,PH097210000,9198,2578,2793,1296,1602,920,9
Region IX (Zamboanga Peninsula),PH090000000,Zamboanga Del Norte,PH097200000,Pres. Manuel A. Roxas,PH097211000,8423,2216,1335,1997,820,2051,4
Region IX (Zamboanga Peninsula),PH090000000,Zamboanga Del Norte,PH097200000,Rizal,PH097212000,3521,1330,650,326,294,915,6
Region IX (Zamboanga Peninsula),PH090000000,Zamboanga Del Norte,PH097200000,Salug,PH097213000,7233,1577,3206,874,743,828,5
Region IX (Zamboanga Peninsula),PH090000000,Zamboanga Del Norte,PH097200000,Sergio Osmeña Sr.,PH097214000,6529,3052,317,255,155,2717,33
Region IX (Zamboanga Peninsula),PH090000000,Zamboanga Del Norte,PH097200000,Siayan,PH097215000,7319,1782,1488,1894,82,2033,40
Region IX (Zamboanga Peninsula),PH090000000,Zamboanga Del Norte,PH097200000,Sibuco,PH097216000,7229,3257,663,822,5,2480,2
Region IX (Zamboanga Peninsula),PH090000000,Zamboanga Del Norte,PH097200000,Sibutad,PH097217000,4322,3036,520,338,120,268,40
Region IX (Zamboanga Peninsula),PH090000000,Zamboanga Del Norte,PH097200000,Sindangan,PH097218000,22409,3523,8715,1616,2052,3558,2945
Region IX (Zamboanga Peninsula),PH090000000,Zamboanga Del Norte,PH097200000,Siocon,PH097219000,10613,3583,1659,1655,2019,1423,274
Region IX (Zamboanga Peninsula),PH090000000,Zamboanga Del Norte,PH097200000,Sirawai,PH097220000,5854,3617,1200,314,71,647,5
Region IX (Zamboanga Peninsula),PH090000000,Zamboanga Del Norte,PH097200000,Tampilisan,PH097221000,5657,1526,1143,1105,377,1155,351
Region IX (Zamboanga Peninsula),PH090000000,Zamboanga Del Sur,PH097300000,Aurora,PH097302000,11037,9171,275,546,318,677,50
Region IX (Zamboanga Peninsula),PH090000000,Zamboanga Del Sur,PH097300000,Bayog,PH097303000,6920,4466,1334,304,77,734,5
Region IX (Zamboanga Peninsula),PH090000000,Zamboanga Del Sur,PH097300000,Dimataling,PH097305000,6572,3448,2040,305,69,709,1
Region IX (Zamboanga Peninsula),PH090000000,Zamboanga Del Sur,PH097300000,Dinas,PH097306000,7702,4348,1452,1277,86,517,22
Region IX (Zamboanga Peninsula),PH090000000,Zamboanga Del Sur,PH097300000,Dumalinao,PH097307000,7097,3064,1086,337,640,1767,203
Region IX (Zamboanga Peninsula),PH090000000,Zamboanga Del Sur,PH097300000,Dumingag,PH097308000,9888,3540,3412,898,244,1791,3
Region IX (Zamboanga Peninsula),PH090000000,Zamboanga Del Sur,PH097300000,Guipos,PH097343000,4307,2947,326,202,157,649,26
Region IX (Zamboanga Peninsula),PH090000000,Zamboanga Del Sur,PH097300000,Josefina,PH097337000,2556,1975,178,232,0,171,0
Region IX (Zamboanga Peninsula),PH090000000,Zamboanga Del Sur,PH097300000,Kumalarang,PH097311000,6005,1505,199,130,75,4095,1
Region IX (Zamboanga Peninsula),PH090000000,Zamboanga Del Sur,PH097300000,Labangan,PH097312000,8767,2916,2847,652,1186,481,685
Region IX (Zamboanga Peninsula),PH090000000,Zamboanga Del Sur,PH097300000,Lakewood,PH097333000,4099,1117,149,84,32,2597,120
Region IX (Zamboanga Peninsula),PH090000000,Zamboanga Del Sur,PH097300000,Lapuyan,PH097313000,5793,4013,920,234,77,548,1
Region IX (Zamboanga Peninsula),PH090000000,Zamboanga Del Sur,PH097300000,Mahayag,PH097315000,9769,6219,2250,491,175,544,90
Region IX (Zamboanga Peninsula),PH090000000,Zamboanga Del Sur,PH097300000,Margosatubig,PH097317000,8823,4978,1167,933,165,1021,559
Region IX (Zamboanga Peninsula),PH090000000,Zamboanga Del Sur,PH097300000,Midsalip,PH097318000,6782,3459,784,341,85,2109,4
Region IX (Zamboanga Peninsula),PH090000000,Zamboanga Del Sur,PH097300000,Molave,PH097319000,11515,9200,709,441,182,933,50
Region IX (Zamboanga Peninsula),PH090000000,Zamboanga Del Sur,PH097300000,City of Pagadian (Capital),PH097322000,40872,28966,3215,1233,3801,2554,1103
Region IX (Zamboanga Peninsula),PH090000000,Zamboanga Del Sur,PH097300000,Pitogo,PH097338000,5881,2662,2025,270,433,478,13
Region IX (Zamboanga Peninsula),PH090000000,Zamboanga Del Sur,PH097300000,Ramon Magsaysay (Liargo),PH097323000,6158,4354,513,536,107,595,53
Region IX (Zamboanga Peninsula),PH090000000,Zamboanga Del Sur,PH097300000,San Miguel,PH097324000,4234,2036,543,793,238,624,0
Region IX (Zamboanga Peninsula),PH090000000,Zamboanga Del Sur,PH097300000,San Pablo,PH097325000,5812,3922,887,443,37,521,2
Region IX (Zamboanga Peninsula),PH090000000,Zamboanga Del Sur,PH097300000,Sominot (Don Mariano Marcos),PH097340000,4149,1274,1218,866,54,682,55
Region IX (Zamboanga Peninsula),PH090000000,Zamboanga Del Sur,PH097300000,Tabina,PH097327000,5627,3826,717,248,65,754,17
Region IX (Zamboanga Peninsula),PH090000000,Zamboanga Del Sur,PH097300000,Tambulig,PH097328000,7717,5996,711,220,107,663,20
Region IX (Zamboanga Peninsula),PH090000000,Zamboanga Del Sur,PH097300000,Tigbao,PH097344000,4601,2521,434,127,101,1391,27
Region IX (Zamboanga Peninsula),PH090000000,Zamboanga Del Sur,PH097300000,Tukuran,PH097330000,8498,2905,2530,513,1145,861,544
Region IX (Zamboanga Peninsula),PH090000000,Zamboanga Del Sur,PH097300000,Vincenzo A. Sagun,PH097341000,5061,3691,17,1066,99,185,3
Region IX (Zamboanga Peninsula),PH090000000,Zamboanga Del Sur,PH097300000,City of Zamboanga,PH097332000,190568,97722,15373,11719,44066,7063,14625
Region IX (Zamboanga Peninsula),PH090000000,Zamboanga Sibugay,PH098300000,Alicia,PH098301000,7766,4271,983,1914,415,131,52
Region IX (Zamboanga Peninsula),PH090000000,Zamboanga Sibugay,PH098300000,Buug,PH098302000,8344,3474,736,509,2269,1349,7
Region IX (Zamboanga Peninsula),PH090000000,Zamboanga Sibugay,PH098300000,Diplahan,PH098303000,7663,3876,916,234,754,1446,437
Region IX (Zamboanga Peninsula),PH090000000,Zamboanga Sibugay,PH098300000,Imelda,PH098304000,6540,3701,391,764,179,1264,241
Region IX (Zamboanga Peninsula),PH090000000,Zamboanga Sibugay,PH098300000,Ipil (Capital),PH098305000,18094,5322,3212,1164,5547,646,2203
Region IX (Zamboanga Peninsula),PH090000000,Zamboanga Sibugay,PH098300000,Kabasalan,PH098306000,9517,5834,652,343,1683,976,29
Region IX (Zamboanga Peninsula),PH090000000,Zamboanga Sibugay,PH098300000,Mabuhay,PH098307000,6986,2501,2439,1658,294,13,81
Region IX (Zamboanga Peninsula),PH090000000,Zamboanga Sibugay,PH098300000,Malangas,PH098308000,8067,3225,1768,1476,706,551,341
Region IX (Zamboanga Peninsula),PH090000000,Zamboanga Sibugay,PH098300000,Naga,PH098309000,8562,3525,755,1138,646,1105,1393
Region IX (Zamboanga Peninsula),PH090000000,Zamboanga Sibugay,PH098300000,Olutanga,PH098310000,6765,3805,1810,1047,4,89,10
Region IX (Zamboanga Peninsula),PH090000000,Zamboanga Sibugay,PH098300000,Payao,PH098311000,6943,1500,953,3693,64,650,83
Region IX (Zamboanga Peninsula),PH090000000,Zamboanga Sibugay,PH098300000,Roseller Lim,PH098312000,10513,4647,2779,1724,657,658,48
Region IX (Zamboanga Peninsula),PH090000000,Zamboanga Sibugay,PH098300000,Siay,PH098313000,9215,3580,1627,1347,1044,806,811
Region IX (Zamboanga Peninsula),PH090000000,Zamboanga Sibugay,PH098300000,Talusan,PH098314000,5191,2082,1738,951,302,95,23
Region IX (Zamboanga Peninsula),PH090000000,Zamboanga Sibugay,PH098300000,Titay,PH098315000,11138,3601,3145,2096,1081,1191,24
Region IX (Zamboanga Peninsula),PH090000000,Zamboanga Sibugay,PH098300000,Tungawan,PH098316000,9487,3053,3206,1768,444,848,168
Region V (Bicol Region),PH050000000,Albay,PH050500000,Bacacay,PH050501000,14365,6215,4184,1944,261,1710,51
Region V (Bicol Region),PH050000000,Albay,PH050500000,Camalig,PH050502000,14787,4362,6953,619,924,1721,208
Region V (Bicol Region),PH050000000,Albay,PH050500000,City of Ligao,PH050508000,22552,13724,5227,673,1306,1554,68
Region V (Bicol Region),PH050000000,Albay,PH050500000,City of Tabaco,PH050517000,27702,19343,4174,1218,925,1855,187
Region V (Bicol Region),PH050000000,Albay,PH050500000,Daraga (Locsin),PH050503000,27648,9748,10370,390,5177,1466,497
Region V (Bicol Region),PH050000000,Albay,PH050500000,Guinobatan,PH050504000,18239,6739,6754,731,1315,2482,218
Region V (Bicol Region),PH050000000,Albay,PH050500000,Jovellar,PH050505000,3812,869,1968,425,2,545,3
Region V (Bicol Region),PH050000000,Albay,PH050500000,City of Legazpi (Capital),PH050506000,41742,7983,10227,3113,16364,3023,1032
Region V (Bicol Region),PH050000000,Albay,PH050500000,Libon,PH050507000,15528,3868,5340,640,4288,392,1000
Region V (Bicol Region),PH050000000,Albay,PH050500000,Malilipot,PH050509000,8104,5525,944,5,281,1347,2
Region V (Bicol Region),PH050000000,Albay,PH050500000,Malinao,PH050510000,9765,7824,815,25,603,430,68
Region V (Bicol Region),PH050000000,Albay,PH050500000,Manito,PH050511000,5066,4324,208,322,2,210,0
Region V (Bicol Region),PH050000000,Albay,PH050500000,Oas,PH050512000,14068,3848,4549,467,3072,519,1613
Region V (Bicol Region),PH050000000,Albay,PH050500000,Pio Duran,PH050513000,9467,4749,3687,538,331,44,118
Region V (Bicol Region),PH050000000,Albay,PH050500000,Polangui,PH050514000,18313,6787,3607,790,6217,868,44
Region V (Bicol Region),PH050000000,Albay,PH050500000,Rapu-Rapu,PH050515000,7401,4484,1267,849,89,690,22
Region V (Bicol Region),PH050000000,Albay,PH050500000,Santo Domingo (Libog),PH050516000,7516,4810,1189,129,58,1064,266
Region V (Bicol Region),PH050000000,Albay,PH050500000,Tiwi,PH050518000,11016,8204,1403,80,976,333,20
Region V (Bicol Region),PH050000000,Camarines Norte,PH051600000,Basud,PH051601000,9123,3338,2015,1775,915,569,511
Region V (Bicol Region),PH050000000,Camarines Norte,PH051600000,Capalonga,PH051602000,7169,2401,953,1997,49,370,1399
Region V (Bicol Region),PH050000000,Camarines Norte,PH051600000,Daet (Capital),PH051603000,23270,20754,1476,226,568,61,185
Region V (Bicol Region),PH050000000,Camarines Norte,PH051600000,Jose Panganiban,PH051605000,13855,3408,3000,1063,2198,2967,1219
Region V (Bicol Region),PH050000000,Camarines Norte,PH051600000,Labo,PH051606000,22256,11281,3891,2467,486,2383,1748
Region V (Bicol Region),PH050000000,Camarines Norte,PH051600000,Mercedes,PH051607000,10899,8138,1256,839,39,217,410
Region V (Bicol Region),PH050000000,Camarines Norte,PH051600000,Paracale,PH051608000,13171,5145,2314,777,1167,1708,2060
Region V (Bicol Region),PH050000000,Camarines Norte,PH051600000,San Lorenzo Ruiz (Imelda),PH051604000,3184,2416,160,513,15,77,3
Region V (Bicol Region),PH050000000,Camarines Norte,PH051600000,San Vicente,PH051609000,2400,1826,407,16,96,55,0
Region V (Bicol Region),PH050000000,Camarines Norte,PH051600000,Santa Elena,PH051610000,9214,3311,1180,2016,1383,931,393
Region V (Bicol Region),PH050000000,Camarines Norte,PH051600000,Talisay,PH051611000,5803,4345,1143,103,196,11,5
Region V (Bicol Region),PH050000000,Camarines Norte,PH051600000,Vinzons,PH051612000,9650,6795,1593,1044,67,123,28
Region V (Bicol Region),PH050000000,Camarines Sur,PH051700000,Baao,PH051701000,11443,4443,4511,905,441,963,180
Region V (Bicol Region),PH050000000,Camarines Sur,PH051700000,Balatan,PH051702000,5881,841,4125,72,237,579,27
Region V (Bicol Region),PH050000000,Camarines Sur,PH051700000,Bato,PH051703000,9869,1175,5583,29,2338,738,6
Region V (Bicol Region),PH050000000,Camarines Sur,PH051700000,Bombon,PH051704000,3461,2130,762,35,426,106,2
Region V (Bicol Region),PH050000000,Camarines Sur,PH051700000,Buhi,PH051705000,16541,11453,3165,515,79,965,364
Region V (Bicol Region),PH050000000,Camarines Sur,PH051700000,Bula,PH051706000,13589,3300,8460,290,451,989,99
Region V (Bicol Region),PH050000000,Camarines Sur,PH051700000,Cabusao,PH051707000,3902,2116,609,10,133,10,1024
Region V (Bicol Region),PH050000000,Camarines Sur,PH051700000,Calabanga,PH051708000,17211,9722,3888,545,1015,1358,683
Region V (Bicol Region),PH050000000,Camarines Sur,PH051700000,Camaligan,PH051709000,4848,1445,144,0,749,3,2507
Region V (Bicol Region),PH050000000,Camarines Sur,PH051700000,Canaman,PH051710000,7103,1881,687,15,1717,30,2773
Region V (Bicol Region),PH050000000,Camarines Sur,PH051700000,Caramoan,PH051711000,9946,4570,2724,2054,42,547,9
Region V (Bicol Region),PH050000000,Camarines Sur,PH051700000,Del Gallego,PH051712000,5249,2868,1263,797,33,247,41
Region V (Bicol Region),PH050000000,Camarines Sur,PH051700000,Gainza,PH051713000,2251,1711,8,0,80,0,452
Region V (Bicol Region),PH050000000,Camarines Sur,PH051700000,Garchitorena,PH051714000,5216,2759,1089,1222,1,136,9
Region V (Bicol Region),PH050000000,Camarines Sur,PH051700000,Goa,PH051715000,12842,5784,3916,1039,373,1714,16
Region V (Bicol Region),PH050000000,Camarines Sur,PH051700000,City of Iriga,PH051716000,21840,14942,4684,761,350,960,143
Region V (Bicol Region),PH050000000,Camarines Sur,PH051700000,Lagonoy,PH051717000,11312,5367,4450,285,270,930,10
Region V (Bicol Region),PH050000000,Camarines Sur,PH051700000,Libmanan,PH051718000,23629,12026,8317,675,445,1982,184
Region V (Bicol Region),PH050000000,Camarines Sur,PH051700000,Lupi,PH051719000,7013,4221,1080,934,89,684,5
Region V (Bicol Region),PH050000000,Camarines Sur,PH051700000,Magarao,PH051720000,5333,3242,608,15,759,8,701
Region V (Bicol Region),PH050000000,Camarines Sur,PH051700000,Milaor,PH051721000,6324,900,1684,214,288,12,3226
Region V (Bicol Region),PH050000000,Camarines Sur,PH051700000,Minalabac,PH051722000,10313,2297,6215,79,256,338,1128
Region V (Bicol Region),PH050000000,Camarines Sur,PH051700000,Nabua,PH051723000,16625,7057,7930,27,1550,28,33
Region V (Bicol Region),PH050000000,Camarines Sur,PH051700000,City of Naga,PH051724000,42152,32195,2112,91,6876,369,509
Region V (Bicol Region),PH050000000,Camarines Sur,PH051700000,Ocampo,PH051725000,9322,1592,6744,130,110,737,9
Region V (Bicol Region),PH050000000,Camarines Sur,PH051700000,Pamplona,PH051726000,7583,951,4648,72,529,163,1220
Region V (Bicol Region),PH050000000,Camarines Sur,PH051700000,Pasacao,PH051727000,9948,4055,2952,573,1407,957,4
Region V (Bicol Region),PH050000000,Camarines Sur,PH051700000,Pili (Capital),PH051728000,18178,9779,6082,42,1471,647,157
Region V (Bicol Region),PH050000000,Camarines Sur,PH051700000,Presentacion (Parubcan),PH051729000,4048,3357,387,45,24,235,0
Region V (Bicol Region),PH050000000,Camarines Sur,PH051700000,Ragay,PH051730000,12496,4651,4068,1875,504,1130,268
Region V (Bicol Region),PH050000000,Camarines Sur,PH051700000,Sagñay,PH051731000,6981,3012,2300,440,40,1179,10
Region V (Bicol Region),PH050000000,Camarines Sur,PH051700000,San Fernando,PH051732000,7246,1983,3620,61,926,271,385
Region V (Bicol Region),PH050000000,Camarines Sur,PH051700000,San Jose,PH051733000,8684,2809,5387,193,175,110,10
Region V (Bicol Region),PH050000000,Camarines Sur,PH051700000,Sipocot,PH051734000,13531,5414,2820,1919,520,2768,90
Region V (Bicol Region),PH050000000,Camarines Sur,PH051700000,Siruma,PH051735000,3780,607,1058,1924,18,160,13
Region V (Bicol Region),PH050000000,Camarines Sur,PH051700000,Tigaon,PH051736000,11600,6034,3514,548,90,1387,27
Region V (Bicol Region),PH050000000,Camarines Sur,PH051700000,Tinambac,PH051737000,13325,7313,2261,2558,85,1105,3
Region V (Bicol Region),PH050000000,Catanduanes,PH052000000,Bagamanoc,PH052001000,2410,1350,681,108,180,87,4
Region V (Bicol Region),PH050000000,Catanduanes,PH052000000,Baras,PH052002000,2818,2171,173,0,126,347,1
Region V (Bicol Region),PH050000000,Catanduanes,PH052000000,Bato,PH052003000,4563,3239,393,12,440,476,3
Region V (Bicol Region),PH050000000,Catanduanes,PH052000000,Caramoran,PH052004000,5893,3563,1737,14,16,562,1
Region V (Bicol Region),PH050000000,Catanduanes,PH052000000,Gigmoto,PH052005000,1749,704,889,3,7,143,3
Region V (Bicol Region),PH050000000,Catanduanes,PH052000000,Pandan,PH052006000,4208,1193,2358,50,47,560,0
Region V (Bicol Region),PH050000000,Catanduanes,PH052000000,Panganiban (Payo),PH052007000,2011,941,646,6,67,351,0
Region V (Bicol Region),PH050000000,Catanduanes,PH052000000,San Andres (Calolbon),PH052008000,7710,2907,3784,25,767,227,0
Region V (Bicol Region),PH050000000,Catanduanes,PH052000000,San Miguel,PH052009000,3052,2242,34,18,131,626,1
Region V (Bicol Region),PH050000000,Catanduanes,PH052000000,Viga,PH052010000,4332,2275,952,153,117,834,1
Region V (Bicol Region),PH050000000,Catanduanes,PH052000000,Virac (Capital),PH052011000,15068,4682,4665,37,5279,393,12
Region V (Bicol Region),PH050000000,Masbate,PH054100000,Aroroy,PH054101000,17087,6805,2928,3319,2602,767,666
Region V (Bicol Region),PH050000000,Masbate,PH054100000,Baleno,PH054102000,5369,2162,1616,1067,139,343,42
Region V (Bicol Region),PH050000000,Masbate,PH054100000,Balud,PH054103000,7867,1152,1571,4225,305,148,466
Region V (Bicol Region),PH050000000,Masbate,PH054100000,Batuan,PH054104000,3625,661,1491,1048,188,220,17
Region V (Bicol Region),PH050000000,Masbate,PH054100000,Cataingan,PH054105000,10833,1340,1839,3931,1608,1456,659
Region V (Bicol Region),PH050000000,Masbate,PH054100000,Cawayan,PH054106000,15063,1781,1895,8360,2689,146,192
Region V (Bicol Region),PH050000000,Masbate,PH054100000,City of Masbate (Capital),PH054111000,19237,3244,4409,1971,7259,1140,1214
Region V (Bicol Region),PH050000000,Masbate,PH054100000,Claveria,PH054107000,9173,4212,2922,997,10,1022,10
Region V (Bicol Region),PH050000000,Masbate,PH054100000,Dimasalang,PH054108000,5430,1797,1005,1454,675,480,19
Region V (Bicol Region),PH050000000,Masbate,PH054100000,Esperanza,PH054109000,4097,330,472,2410,499,249,137
Region V (Bicol Region),PH050000000,Masbate,PH054100000,Mandaon,PH054110000,8741,383,1468,5461,519,57,853
Region V (Bicol Region),PH050000000,Masbate,PH054100000,Milagros,PH054112000,11494,1629,1503,4990,1101,498,1773
Region V (Bicol Region),PH050000000,Masbate,PH054100000,Mobo,PH054113000,7752,2637,1537,770,1067,1718,23
Region V (Bicol Region),PH050000000,Masbate,PH054100000,Monreal,PH054114000,5270,1499,965,1888,151,596,171
Region V (Bicol Region),PH050000000,Masbate,PH054100000,Palanas,PH054115000,5856,3154,809,505,190,1176,22
Region V (Bicol Region),PH050000000,Masbate,PH054100000,Pio V. Corpuz (Limbuhan),PH054116000,5285,933,940,1412,333,1565,102
Region V (Bicol Region),PH050000000,Masbate,PH054100000,Placer,PH054117000,11958,190,738,6493,3177,98,1262
Region V (Bicol Region),PH050000000,Masbate,PH054100000,San Fernando,PH054118000,5402,1693,1472,709,537,596,395
Region V (Bicol Region),PH050000000,Masbate,PH054100000,San Jacinto,PH054119000,7065,1990,2304,1224,906,639,2
Region V (Bicol Region),PH050000000,Masbate,PH054100000,San Pascual,PH054120000,9836,3036,5240,727,43,772,18
Region V (Bicol Region),PH050000000,Masbate,PH054100000,Uson,PH054121000,11573,2150,2196,5104,1306,792,25
Region V (Bicol Region),PH050000000,Sorsogon,PH056200000,Barcelona,PH056202000,4794,2158,223,68,98,2246,1
Region V (Bicol Region),PH050000000,Sorsogon,PH056200000,Bulan,PH056203000,20787,12074,4383,1599,1485,530,716
Region V (Bicol Region),PH050000000,Sorsogon,PH056200000,Bulusan,PH056204000,5307,4919,93,64,41,190,0
Region V (Bicol Region),PH050000000,Sorsogon,PH056200000,Casiguran,PH056205000,7107,6186,300,95,66,438,22
Region V (Bicol Region),PH050000000,Sorsogon,PH056200000,Castilla,PH056206000,12298,3925,5010,875,467,1843,178
Region V (Bicol Region),PH050000000,Sorsogon,PH056200000,City of Sorsogon (Capital),PH056216000,35394,13233,8999,1221,7614,3478,849
Region V (Bicol Region),PH050000000,Sorsogon,PH056200000,Donsol,PH056207000,10322,3911,4574,858,201,588,190
Region V (Bicol Region),PH050000000,Sorsogon,PH056200000,Gubat,PH056208000,13471,6463,2972,1232,1012,1266,526
Region V (Bicol Region),PH050000000,Sorsogon,PH056200000,Irosin,PH056209000,11418,8368,936,64,803,1186,61
Region V (Bicol Region),PH050000000,Sorsogon,PH056200000,Juban,PH056210000,6650,4549,1012,336,81,661,11
Region V (Bicol Region),PH050000000,Sorsogon,PH056200000,Magallanes,PH056211000,7497,5854,763,194,30,640,16
Region V (Bicol Region),PH050000000,Sorsogon,PH056200000,Matnog,PH056212000,8395,5941,488,287,390,667,622
Region V (Bicol Region),PH050000000,Sorsogon,PH056200000,Pilar,PH056213000,15032,3956,6779,2737,1168,383,9
Region V (Bicol Region),PH050000000,Sorsogon,PH056200000,Prieto Diaz,PH056214000,4781,1255,2351,408,514,248,5
Region V (Bicol Region),PH050000000,Sorsogon,PH056200000,Santa Magdalena,PH056215000,3589,2417,850,108,4,209,1
Region VI (Western Visayas),PH060000000,Aklan,PH060400000,Altavas,PH060401000,5991,196,3111,1693,799,192,0
Region VI (Western Visayas),PH060000000,Aklan,PH060400000,Balete,PH060402000,6999,2529,730,2860,220,660,0
Region VI (Western Visayas),PH060000000,Aklan,PH060400000,Banga,PH060403000,9250,2903,4219,941,632,555,0
Region VI (Western Visayas),PH060000000,Aklan,PH060400000,Batan,PH060404000,7967,1247,4286,561,1613,260,0
Region VI (Western Visayas),PH060000000,Aklan,PH060400000,Buruanga,PH060405000,4239,2378,769,271,78,743,0
Region VI (Western Visayas),PH060000000,Aklan,PH060400000,Ibajay,PH060406000,11019,1123,6199,122,1645,1930,0
Region VI (Western Visayas),PH060000000,Aklan,PH060400000,Kalibo (Capital),PH060407000,17930,10612,1357,47,5797,117,0
Region VI (Western Visayas),PH060000000,Aklan,PH060400000,Lezo,PH060408000,3590,543,2281,27,679,60,0
Region VI (Western Visayas),PH060000000,Aklan,PH060400000,Libacao,PH060409000,6575,1192,1493,1466,19,2405,0
Region VI (Western Visayas),PH060000000,Aklan,PH060400000,Madalag,PH060410000,4260,825,716,648,421,1650,0
Region VI (Western Visayas),PH060000000,Aklan,PH060400000,Makato,PH060411000,6581,998,3745,80,1206,552,0
Region VI (Western Visayas),PH060000000,Aklan,PH060400000,Malay,PH060412000,12664,8449,1370,207,1952,686,0
Region VI (Western Visayas),PH060000000,Aklan,PH060400000,Malinao,PH060413000,5419,1401,2395,558,506,559,0
Region VI (Western Visayas),PH060000000,Aklan,PH060400000,Nabas,PH060414000,7918,1231,3727,540,1162,1258,0
Region VI (Western Visayas),PH060000000,Aklan,PH060400000,New Washington,PH060415000,10853,7459,1299,343,1696,56,0
Region VI (Western Visayas),PH060000000,Aklan,PH060400000,Numancia,PH060416000,7433,1110,2383,68,3853,19,0
Region VI (Western Visayas),PH060000000,Aklan,PH060400000,Tangalan,PH060417000,4991,562,3156,37,577,659,0
Region VI (Western Visayas),PH060000000,Antique,PH060600000,Anini-Y,PH060601000,4641,976,2866,22,606,170,1
Region VI (Western Visayas),PH060000000,Antique,PH060600000,Barbaza,PH060602000,5504,2560,1937,23,202,730,52
Region VI (Western Visayas),PH060000000,Antique,PH060600000,Belison,PH060603000,3083,178,2174,7,608,116,0
Region VI (Western Visayas),PH060000000,Antique,PH060600000,Bugasong,PH060604000,7386,2584,2489,56,298,1826,133
Region VI (Western Visayas),PH060000000,Antique,PH060600000,Caluya,PH060605000,7993,1746,1772,566,2385,1078,446
Region VI (Western Visayas),PH060000000,Antique,PH060600000,Culasi,PH060606000,9689,4707,3422,492,364,664,40
Region VI (Western Visayas),PH060000000,Antique,PH060600000,Hamtic,PH060608000,10535,772,4899,37,2271,2432,124
Region VI (Western Visayas),PH060000000,Antique,PH060600000,Laua-An,PH060609000,6080,1183,3199,114,232,1347,5
Region VI (Western Visayas),PH060000000,Antique,PH060600000,Libertad,PH060610000,3639,780,1983,1,355,489,31
Region VI (Western Visayas),PH060000000,Antique,PH060600000,Pandan,PH060611000,7825,3344,2245,148,1301,674,113
Region VI (Western Visayas),PH060000000,Antique,PH060600000,Patnongon,PH060612000,8593,863,3197,64,386,4044,39
Region VI (Western Visayas),PH060000000,Antique,PH060600000,San Jose (Capital),PH060613000,13561,6891,4097,29,1738,192,614
Region VI (Western Visayas),PH060000000,Antique,PH060600000,San Remigio,PH060614000,6590,1109,1361,100,50,3905,65
Region VI (Western Visayas),PH060000000,Antique,PH060600000,Sebaste,PH060615000,4029,1194,1451,5,621,744,14
Region VI (Western Visayas),PH060000000,Antique,PH060600000,Sibalom,PH060616000,13213,6270,4297,400,870,1280,96
Region VI (Western Visayas),PH060000000,Antique,PH060600000,Tibiao,PH060617000,6348,2480,2539,5,673,631,20
Region VI (Western Visayas),PH060000000,Antique,PH060600000,Tobias Fornier (Dao),PH060607000,6868,2527,2306,178,512,1085,260
Region VI (Western Visayas),PH060000000,Antique,PH060600000,Valderrama,PH060618000,4194,1764,1192,18,211,967,42
Region VI (Western Visayas),PH060000000,Capiz,PH061900000,Cuartero,PH061901000,6446,212,3858,1207,1049,78,42
Region VI (Western Visayas),PH060000000,Capiz,PH061900000,Dao,PH061902000,7750,221,3883,1942,1609,92,3
Region VI (Western Visayas),PH060000000,Capiz,PH061900000,Dumalag,PH061903000,7081,1072,1889,1453,1067,1195,405
Region VI (Western Visayas),PH060000000,Capiz,PH061900000,Dumarao,PH061904000,11067,682,5296,2152,1414,1473,50
Region VI (Western Visayas),PH060000000,Capiz,PH061900000,Ivisan,PH061905000,6738,1309,2274,397,1583,652,523
Region VI (Western Visayas),PH060000000,Capiz,PH061900000,Jamindan,PH061906000,8576,548,2150,4233,445,827,373
Region VI (Western Visayas),PH060000000,Capiz,PH061900000,Ma-Ayon,PH061907000,9280,450,5732,1241,505,1264,88
Region VI (Western Visayas),PH060000000,Capiz,PH061900000,Mambusao,PH061908000,9702,817,4342,1905,2213,194,231
Region VI (Western Visayas),PH060000000,Capiz,PH061900000,Panay,PH061909000,11088,3683,603,176,3015,1006,2605
Region VI (Western Visayas),PH060000000,Capiz,PH061900000,Panitan,PH061910000,9719,1103,6914,338,1257,35,72
Region VI (Western Visayas),PH060000000,Capiz,PH061900000,Pilar,PH061911000,10757,933,5022,2838,519,886,559
Region VI (Western Visayas),PH060000000,Capiz,PH061900000,Pontevedra,PH061912000,11298,1307,4838,1189,2543,1076,345
Region VI (Western Visayas),PH060000000,Capiz,PH061900000,President Roxas,PH061913000,6986,368,1300,2289,1473,726,830
Region VI (Western Visayas),PH060000000,Capiz,PH061900000,City of Roxas (Capital),PH061914000,37701,17616,4250,417,12746,678,1994
Region VI (Western Visayas),PH060000000,Capiz,PH061900000,Sapi-An,PH061915000,6197,523,3460,1376,599,195,44
Region VI (Western Visayas),PH060000000,Capiz,PH061900000,Sigma,PH061916000,7418,1454,2749,2099,718,196,202
Region VI (Western Visayas),PH060000000,Capiz,PH061900000,Tapaz,PH061917000,12179,1293,4375,3580,1106,1823,2
Region VI (Western Visayas),PH060000000,Guimaras,PH067900000,Buenavista,PH067901000,12115,3932,3344,1797,2417,596,29
Region VI (Western Visayas),PH060000000,Guimaras,PH067900000,Jordan (Capital),PH067902000,8311,925,1944,1993,2622,722,105
Region VI (Western Visayas),PH060000000,Guimaras,PH067900000,Nueva Valencia,PH067903000,9173,1054,2817,2547,2299,411,45
Region VI (Western Visayas),PH060000000,Guimaras,PH067900000,San Lorenzo,PH067904000,5995,142,466,4744,628,8,7
Region VI (Western Visayas),PH060000000,Guimaras,PH067900000,Sibunag,PH067905000,4981,412,2557,967,781,205,59
Region VI (Western Visayas),PH060000000,Iloilo,PH063000000,Ajuy,PH063001000,12221,1697,6220,903,784,1954,663
Region VI (Western Visayas),PH060000000,Iloilo,PH063000000,Alimodian,PH063002000,8067,631,2121,748,2038,2509,20
Region VI (Western Visayas),PH060000000,Iloilo,PH063000000,Anilao,PH063003000,6561,1429,3014,716,813,450,139
Region VI (Western Visayas),PH060000000,Iloilo,PH063000000,Badiangan,PH063004000,5897,2002,2699,603,507,4,82
Region VI (Western Visayas),PH060000000,Iloilo,PH063000000,Balasan,PH063005000,8090,875,4170,1214,1811,10,10
Region VI (Western Visayas),PH060000000,Iloilo,PH063000000,Banate,PH063006000,7993,366,2815,892,1635,181,2104
Region VI (Western Visayas),PH060000000,Iloilo,PH063000000,Barotac Nuevo,PH063007000,11991,465,3793,1100,6413,213,7
Region VI (Western Visayas),PH060000000,Iloilo,PH063000000,Barotac Viejo,PH063008000,11091,1427,4498,510,2523,1763,370
Region VI (Western Visayas),PH060000000,Iloilo,PH063000000,Batad,PH063009000,5154,1010,2621,727,697,93,6
Region VI (Western Visayas),PH060000000,Iloilo,PH063000000,Bingawan,PH063010000,3467,214,514,2012,380,187,160
Region VI (Western Visayas),PH060000000,Iloilo,PH063000000,Cabatuan,PH063012000,12715,2010,6737,519,3063,316,70
Region VI (Western Visayas),PH060000000,Iloilo,PH063000000,Calinog,PH063013000,13155,1387,4174,2953,1188,1919,1534
Region VI (Western Visayas),PH060000000,Iloilo,PH063000000,Carles,PH063014000,15278,1638,2833,4865,2160,3227,555
Region VI (Western Visayas),PH060000000,Iloilo,PH063000000,City of Passi,PH063035000,19288,1955,9352,2088,4445,1216,232
Region VI (Western Visayas),PH060000000,Iloilo,PH063000000,Concepcion,PH063015000,10069,2804,5342,588,345,790,200
Region VI (Western Visayas),PH060000000,Iloilo,PH063000000,Dingle,PH063016000,10414,2319,5060,335,1721,772,207
Region VI (Western Visayas),PH060000000,Iloilo,PH063000000,Dueñas,PH063017000,7822,781,3455,1965,1197,377,47
Region VI (Western Visayas),PH060000000,Iloilo,PH063000000,Dumangas,PH063018000,15793,654,4985,229,9769,45,111
Region VI (Western Visayas),PH060000000,Iloilo,PH063000000,Estancia,PH063019000,11163,1079,4542,1322,3685,24,511
Region VI (Western Visayas),PH060000000,Iloilo,PH063000000,Guimbal,PH063020000,7470,528,2917,1615,2238,135,37
Region VI (Western Visayas),PH060000000,Iloilo,PH063000000,Igbaras,PH063021000,7022,531,2700,205,241,3335,10
Region VI (Western Visayas),PH060000000,Iloilo,PH063000000,City of Iloilo (Capital),PH063022000,95100,7850,3950,333,76396,11,6560
Region VI (Western Visayas),PH060000000,Iloilo,PH063000000,Janiuay,PH063023000,13865,2828,6587,1039,2038,1162,211
Region VI (Western Visayas),PH060000000,Iloilo,PH063000000,Lambunao,PH063025000,15934,2403,8723,1958,925,846,1079
Region VI (Western Visayas),PH060000000,Iloilo,PH063000000,Leganes,PH063026000,7033,189,921,95,5493,14,321
Region VI (Western Visayas),PH060000000,Iloilo,PH063000000,Lemery,PH063027000,7839,1203,5691,496,26,402,21
Region VI (Western Visayas),PH060000000,Iloilo,PH063000000,Leon,PH063028000,10755,1470,4130,995,2084,1935,141
Region VI (Western Visayas),PH060000000,Iloilo,PH063000000,Maasin,PH063029000,7384,661,4162,186,1280,859,236
Region VI (Western Visayas),PH060000000,Iloilo,PH063000000,Miagao,PH063030000,14124,3402,7147,403,2332,833,7
Region VI (Western Visayas),PH060000000,Iloilo,PH063000000,Mina,PH063031000,4992,604,3284,20,1077,3,4
Region VI (Western Visayas),PH060000000,Iloilo,PH063000000,New Lucena,PH063032000,5006,506,2102,164,1754,130,350
Region VI (Western Visayas),PH060000000,Iloilo,PH063000000,Oton,PH063034000,20460,597,5869,1623,11702,215,454
Region VI (Western Visayas),PH060000000,Iloilo,PH063000000,Pavia,PH063036000,12825,1533,940,22,10060,223,47
Region VI (Western Visayas),PH060000000,Iloilo,PH063000000,Pototan,PH063037000,16000,1201,8182,236,4830,20,1531
Region VI (Western Visayas),PH060000000,Iloilo,PH063000000,San Dionisio,PH063038000,9013,3152,4704,432,307,409,9
Region VI (Western Visayas),PH060000000,Iloilo,PH063000000,San Enrique,PH063039000,7638,821,4668,352,607,1185,5
Region VI (Western Visayas),PH060000000,Iloilo,PH063000000,San Joaquin,PH063040000,11163,3066,3098,792,811,3374,22
Region VI (Western Visayas),PH060000000,Iloilo,PH063000000,San Miguel,PH063041000,6046,124,949,1428,3534,8,3
Region VI (Western Visayas),PH060000000,Iloilo,PH063000000,San Rafael,PH063042000,3837,214,3227,209,27,156,4
Region VI (Western Visayas),PH060000000,Iloilo,PH063000000,Santa Barbara,PH063043000,13608,1586,5741,843,4590,77,771
Region VI (Western Visayas),PH060000000,Iloilo,PH063000000,Sara,PH063044000,13246,1307,10169,379,309,730,352
Region VI (Western Visayas),PH060000000,Iloilo,PH063000000,Tigbauan,PH063045000,13359,717,5591,1795,4999,213,44
Region VI (Western Visayas),PH060000000,Iloilo,PH063000000,Tubungan,PH063046000,4848,1542,1389,324,282,1311,0
Region VI (Western Visayas),PH060000000,Iloilo,PH063000000,Zarraga,PH063047000,5853,350,1117,19,3954,6,407
Region VII (Central Visayas),PH070000000,Bohol,PH071200000,Alburquerque,PH071201000,2422,651,95,47,1583,40,6
Region VII (Central Visayas),PH070000000,Bohol,PH071200000,Alicia,PH071202000,5105,2150,1150,351,1255,196,3
Region VII (Central Visayas),PH070000000,Bohol,PH071200000,Anda,PH071203000,3764,1858,3,40,1579,283,1
Region VII (Central Visayas),PH070000000,Bohol,PH071200000,Antequera,PH071204000,3482,763,299,37,1585,797,1
Region VII (Central Visayas),PH070000000,Bohol,PH071200000,Baclayon,PH071205000,4397,1091,21,0,2962,321,2
Region VII (Central Visayas),PH070000000,Bohol,PH071200000,Balilihan,PH071206000,4084,1666,18,14,1024,1360,2
Region VII (Central Visayas),PH070000000,Bohol,PH071200000,Batuan,PH071207000,2853,1510,442,5,613,283,0
Region VII (Central Visayas),PH070000000,Bohol,PH071200000,Bien Unido,PH071248000,5725,301,20,1337,3099,965,3
Region VII (Central Visayas),PH070000000,Bohol,PH071200000,Bilar,PH071208000,3768,2318,109,49,1180,74,38
Region VII (Central Visayas),PH070000000,Bohol,PH071200000,Buenavista,PH071209000,6034,1149,455,1601,1740,474,615
Region VII (Central Visayas),PH070000000,Bohol,PH071200000,Calape,PH071210000,7404,1651,480,21,4149,1015,88
Region VII (Central Visayas),PH070000000,Bohol,PH071200000,Candijay,PH071211000,6771,3292,569,53,2210,647,0
Region VII (Central Visayas),PH070000000,Bohol,PH071200000,Carmen,PH071212000,10306,2328,2385,1006,2919,1613,55
Region VII (Central Visayas),PH070000000,Bohol,PH071200000,Catigbian,PH071213000,5124,732,729,730,1212,1716,5
Region VII (Central Visayas),PH070000000,Bohol,PH071200000,Clarin,PH071214000,4623,1378,441,334,1976,387,107
Region VII (Central Visayas),PH070000000,Bohol,PH071200000,Corella,PH071215000,1908,945,4,4,953,2,0
Region VII (Central Visayas),PH070000000,Bohol,PH071200000,Cortes,PH071216000,3630,1254,34,9,2070,261,2
Region VII (Central Visayas),PH070000000,Bohol,PH071200000,Dagohoy,PH071217000,4176,201,868,1368,1401,338,0
Region VII (Central Visayas),PH070000000,Bohol,PH071200000,Danao,PH071218000,3921,690,753,872,1129,475,2
Region VII (Central Visayas),PH070000000,Bohol,PH071200000,Dauis,PH071219000,9900,2035,42,15,7675,132,1
Region VII (Central Visayas),PH070000000,Bohol,PH071200000,Dimiao,PH071220000,3227,1083,14,1,1350,779,0
Region VII (Central Visayas),PH070000000,Bohol,PH071200000,Duero,PH071221000,4017,1343,473,13,1760,427,1
Region VII (Central Visayas),PH070000000,Bohol,PH071200000,Garcia Hernandez,PH071222000,4993,2466,83,2,2172,266,4
Region VII (Central Visayas),PH070000000,Bohol,PH071200000,Getafe,PH071226000,6487,800,772,1079,2967,429,440
Region VII (Central Visayas),PH070000000,Bohol,PH071200000,Guindulman,PH071223000,7234,4395,561,111,1726,252,189
Region VII (Central Visayas),PH070000000,Bohol,PH071200000,Inabanga,PH071224000,9896,1851,1723,1191,3895,887,349
Region VII (Central Visayas),PH070000000,Bohol,PH071200000,Jagna,PH071225000,7506,3490,76,5,3796,132,7
Region VII (Central Visayas),PH070000000,Bohol,PH071200000,Lila,PH071227000,2090,1053,1,0,988,48,0
Region VII (Central Visayas),PH070000000,Bohol,PH071200000,Loay,PH071228000,3578,1073,216,9,2190,88,2
Region VII (Central Visayas),PH070000000,Bohol,PH071200000,Loboc,PH071229000,3483,1113,76,46,2089,152,7
Region VII (Central Visayas),PH070000000,Bohol,PH071200000,Loon,PH071230000,9952,2794,201,24,4005,2490,438
Region VII (Central Visayas),PH070000000,Bohol,PH071200000,Mabini,PH071231000,6254,2654,1342,156,1479,618,5
Region VII (Central Visayas),PH070000000,Bohol,PH071200000,Maribojoc,PH071232000,4748,2225,36,43,2246,196,2
Region VII (Central Visayas),PH070000000,Bohol,PH071200000,Panglao,PH071233000,7020,656,155,220,5861,111,17
Region VII (Central Visayas),PH070000000,Bohol,PH071200000,Pilar,PH071234000,5975,2883,937,374,1384,392,5
Region VII (Central Visayas),PH070000000,Bohol,PH071200000,Pres. Carlos P. Garcia (Pitogo),PH071235000,5164,120,44,3593,795,576,36
Region VII (Central Visayas),PH070000000,Bohol,PH071200000,Sagbayan (Borja),PH071236000,5157,1438,1219,99,2294,72,35
Region VII (Central Visayas),PH070000000,Bohol,PH071200000,San Isidro,PH071237000,2198,600,18,79,460,1041,0
Region VII (Central Visayas),PH070000000,Bohol,PH071200000,San Miguel,PH071238000,5396,299,475,2557,1796,259,10
Region VII (Central Visayas),PH070000000,Bohol,PH071200000,Sevilla,PH071239000,2240,394,86,338,913,508,1
Region VII (Central Visayas),PH070000000,Bohol,PH071200000,Sierra Bullones,PH071240000,5412,3613,135,77,1304,174,109
Region VII (Central Visayas),PH070000000,Bohol,PH071200000,Sikatuna,PH071241000,1515,698,86,59,597,75,0
Region VII (Central Visayas),PH070000000,Bohol,PH071200000,City of Tagbilaran (Capital),PH071242000,21863,4285,85,0,17436,22,35
Region VII (Central Visayas),PH070000000,Bohol,PH071200000,Talibon,PH071243000,14335,555,1079,4546,6793,1347,15
Region VII (Central Visayas),PH070000000,Bohol,PH071200000,Trinidad,PH071244000,6857,248,92,3502,1780,39,1196
Region VII (Central Visayas),PH070000000,Bohol,PH071200000,Tubigon,PH071245000,10356,3303,810,68,5009,1024,142
Region VII (Central Visayas),PH070000000,Bohol,PH071200000,Ubay,PH071246000,16578,1131,4052,5053,6135,150,57
Region VII (Central Visayas),PH070000000,Bohol,PH071200000,Valencia,PH071247000,5587,2411,303,5,2710,155,3
Region VII (Central Visayas),PH070000000,Cebu,PH072200000,Alcantara,PH072201000,3444,1361,537,16,706,642,182
Region VII (Central Visayas),PH070000000,Cebu,PH072200000,Alcoy,PH072202000,3388,2059,4,26,939,228,132
Region VII (Central Visayas),PH070000000,Cebu,PH072200000,Alegria,PH072203000,5028,2050,163,9,1112,1692,2
Region VII (Central Visayas),PH070000000,Cebu,PH072200000,Aloguinsan,PH072204000,6901,3599,808,851,1220,416,7
Region VII (Central Visayas),PH070000000,Cebu,PH072200000,Argao,PH072205000,16574,5460,1121,147,5586,4138,122
Region VII (Central Visayas),PH070000000,Cebu,PH072200000,Asturias,PH072206000,10222,3772,2128,346,3135,710,131
Region VII (Central Visayas),PH070000000,Cebu,PH072200000,Badian,PH072207000,8218,5814,500,39,999,770,96
Region VII (Central Visayas),PH070000000,Cebu,PH072200000,Balamban,PH072208000,19614,7462,3321,341,6173,2156,161
Region VII (Central Visayas),PH070000000,Cebu,PH072200000,Bantayan,PH072209000,18494,4662,364,2878,6806,1471,2313
Region VII (Central Visayas),PH070000000,Cebu,PH072200000,Barili,PH072210000,15778,8437,1049,1304,3148,1649,191
Region VII (Central Visayas),PH070000000,Cebu,PH072200000,Boljoon,PH072212000,3374,1754,176,26,937,423,58
Region VII (Central Visayas),PH070000000,Cebu,PH072200000,Borbon,PH072213000,8420,2340,677,1047,2990,847,519
Region VII (Central Visayas),PH070000000,Cebu,PH072200000,Carmen,PH072215000,11265,3926,2255,189,4262,625,8
Region VII (Central Visayas),PH070000000,Cebu,PH072200000,Catmon,PH072216000,6940,3074,565,643,1951,652,55
Region VII (Central Visayas),PH070000000,Cebu,PH072200000,City of Cebu (Capital),PH072217000,213738,40221,7228,1165,153647,9434,2043
Region VII (Central Visayas),PH070000000,Cebu,PH072200000,City of Bogo,PH072211000,19360,7558,1861,1134,8299,106,402
Region VII (Central Visayas),PH070000000,Cebu,PH072200000,City of Carcar,PH072214000,27149,11743,2049,650,9578,2618,511
Region VII (Central Visayas),PH070000000,Cebu,PH072200000,City of Naga,PH072234000,26177,3845,4661,2369,11814,3452,36
Region VII (Central Visayas),PH070000000,Cebu,PH072200000,City of Talisay,PH072250000,51239,9804,5934,728,33340,1306,127
Region VII (Central Visayas),PH070000000,Cebu,PH072200000,Compostela,PH072218000,10880,802,1463,404,7345,709,157
Region VII (Central Visayas),PH070000000,Cebu,PH072200000,Consolacion,PH072219000,30625,4000,641,480,24894,122,488
Region VII (Central Visayas),PH070000000,Cebu,PH072200000,Cordova,PH072220000,13324,494,873,471,10750,607,129
Region VII (Central Visayas),PH070000000,Cebu,PH072200000,Daanbantayan,PH072221000,19790,4936,2909,2620,8719,583,23
Region VII (Central Visayas),PH070000000,Cebu,PH072200000,Dalaguete,PH072222000,14433,5149,209,95,4378,4134,468
Region VII (Central Visayas),PH070000000,Cebu,PH072200000,Danao City,PH072223000,31611,6968,1768,1386,19668,1612,209
Region VII (Central Visayas),PH070000000,Cebu,PH072200000,Dumanjug,PH072224000,10960,6456,675,110,2710,845,164
Region VII (Central Visayas),PH070000000,Cebu,PH072200000,Ginatilan,PH072225000,3380,2255,180,38,564,337,6
Region VII (Central Visayas),PH070000000,Cebu,PH072200000,City of Lapu-Lapu (Opon),PH072226000,99573,3928,4260,702,88150,878,1655
Region VII (Central Visayas),PH070000000,Cebu,PH072200000,Liloan,PH072227000,27847,2221,1821,37,22793,251,724
Region VII (Central Visayas),PH070000000,Cebu,PH072200000,Madridejos,PH072228000,8113,3110,283,465,4171,6,78
Region VII (Central Visayas),PH070000000,Cebu,PH072200000,Malabuyoc,PH072229000,3817,2060,535,125,360,655,82
Region VII (Central Visayas),PH070000000,Cebu,PH072200000,City of Mandaue,PH072230000,94547,8828,1497,9,83244,162,807
Region VII (Central Visayas),PH070000000,Cebu,PH072200000,Medellin,PH072231000,12836,3395,498,284,8060,111,488
Region VII (Central Visayas),PH070000000,Cebu,PH072200000,Minglanilla,PH072232000,30599,5987,2954,271,19134,1849,404
Region VII (Central Visayas),PH070000000,Cebu,PH072200000,Moalboal,PH072233000,7284,2828,371,15,2355,1518,197
Region VII (Central Visayas),PH070000000,Cebu,PH072200000,Oslob,PH072235000,5998,4804,283,20,398,490,3
Region VII (Central Visayas),PH070000000,Cebu,PH072200000,Pilar,PH072236000,2989,2685,1,1,298,0,4
Region VII (Central Visayas),PH070000000,Cebu,PH072200000,Pinamungahan,PH072237000,13874,5422,532,1844,3084,2781,211
Region VII (Central Visayas),PH070000000,Cebu,PH072200000,Poro,PH072238000,6104,4790,309,32,225,661,87
Region VII (Central Visayas),PH070000000,Cebu,PH072200000,Ronda,PH072239000,4823,2403,357,102,977,852,132
Region VII (Central Visayas),PH070000000,Cebu,PH072200000,Samboan,PH072240000,4510,3980,64,28,278,150,10
Region VII (Central Visayas),PH070000000,Cebu,PH072200000,San Fernando,PH072241000,14258,5412,2458,468,3523,1207,1190
Region VII (Central Visayas),PH070000000,Cebu,PH072200000,San Francisco,PH072242000,12278,8883,634,224,1056,322,1159
Region VII (Central Visayas),PH070000000,Cebu,PH072200000,San Remigio,PH072243000,14470,4624,1002,1515,6340,680,309
Region VII (Central Visayas),PH070000000,Cebu,PH072200000,Santa Fe,PH072244000,6779,1661,746,648,2860,512,352
Region VII (Central Visayas),PH070000000,Cebu,PH072200000,Santander,PH072245000,4256,2734,45,124,1242,108,3
Region VII (Central Visayas),PH070000000,Cebu,PH072200000,Sibonga,PH072246000,11350,3417,1116,898,3876,1934,109
Region VII (Central Visayas),PH070000000,Cebu,PH072200000,Sogod,PH072247000,8452,2268,289,1766,3007,647,475
Region VII (Central Visayas),PH070000000,Cebu,PH072200000,Tabogon,PH072248000,9628,5090,869,351,3170,145,3
Region VII (Central Visayas),PH070000000,Cebu,PH072200000,Tabuelan,PH072249000,6415,3576,121,32,2370,132,184
Region VII (Central Visayas),PH070000000,Cebu,PH072200000,City of Toledo,PH072251000,38259,7777,5426,4936,13840,5655,625
Region VII (Central Visayas),PH070000000,Cebu,PH072200000,Tuburan,PH072252000,15028,2950,2985,1899,5370,1723,101
Region VII (Central Visayas),PH070000000,Cebu,PH072200000,Tudela,PH072253000,2767,1924,420,81,299,43,0
Region VII (Central Visayas),PH070000000,Siquijor,PH076100000,Enrique Villanueva,PH076101000,1476,1089,23,2,322,9,31
Region VII (Central Visayas),PH070000000,Siquijor,PH076100000,Larena,PH076102000,3115,1817,37,22,1037,201,1
Region VII (Central Visayas),PH070000000,Siquijor,PH076100000,Lazi,PH076103000,5011,3029,427,159,959,431,6
Region VII (Central Visayas),PH070000000,Siquijor,PH076100000,Maria,PH076104000,3164,1477,700,82,823,79,3
Region VII (Central Visayas),PH070000000,Siquijor,PH076100000,San Juan,PH076105000,3579,2280,576,2,578,121,22
Region VII (Central Visayas),PH070000000,Siquijor,PH076100000,Siquijor (Capital),PH076106000,6392,4405,386,33,1321,179,68
Region VIII (Eastern Visayas),PH080000000,Biliran,PH087800000,Almeria,PH087801000,4043,3960,5,0,45,33,0
Region VIII (Eastern Visayas),PH080000000,Biliran,PH087800000,Biliran,PH087802000,3866,3711,17,9,103,24,2
Region VIII (Eastern Visayas),PH080000000,Biliran,PH087800000,Cabucgayan,PH087803000,4751,3375,618,280,365,111,2
Region VIII (Eastern Visayas),PH080000000,Biliran,PH087800000,Caibiran,PH087804000,4808,3631,114,18,797,157,91
Region VIII (Eastern Visayas),PH080000000,Biliran,PH087800000,Culaba,PH087805000,2727,2368,48,123,18,169,1
Region VIII (Eastern Visayas),PH080000000,Biliran,PH087800000,Kawayan,PH087806000,4631,4113,279,6,132,31,70
Region VIII (Eastern Visayas),PH080000000,Biliran,PH087800000,Maripipi,PH087807000,1668,473,872,30,4,288,1
Region VIII (Eastern Visayas),PH080000000,Biliran,PH087800000,Naval (Capital),PH087808000,12024,10950,90,64,485,394,41
Region VIII (Eastern Visayas),PH080000000,Eastern Samar,PH082600000,Arteche,PH082601000,3505,932,1560,374,370,240,29
Region VIII (Eastern Visayas),PH080000000,Eastern Samar,PH082600000,Balangiga,PH082602000,3277,2174,627,16,312,148,0
Region VIII (Eastern Visayas),PH080000000,Eastern Samar,PH082600000,Balangkayan,PH082603000,2375,1053,822,0,225,275,0
Region VIII (Eastern Visayas),PH080000000,Eastern Samar,PH082600000,Can-Avid,PH082605000,4505,840,2022,257,368,1016,2
Region VIII (Eastern Visayas),PH080000000,Eastern Samar,PH082600000,City of Borongan (Capital),PH082604000,15120,2482,5323,31,5781,1470,33
Region VIII (Eastern Visayas),PH080000000,Eastern Samar,PH082600000,Dolores,PH082606000,9451,2689,4182,164,1463,953,0
Region VIII (Eastern Visayas),PH080000000,Eastern Samar,PH082600000,General Macarthur,PH082607000,3034,1787,81,3,844,319,0
Region VIII (Eastern Visayas),PH080000000,Eastern Samar,PH082600000,Giporlos,PH082608000,3224,1035,1691,67,275,154,2
Region VIII (Eastern Visayas),PH080000000,Eastern Samar,PH082600000,Guiuan,PH082609000,12448,2019,1207,346,7547,1315,14
Region VIII (Eastern Visayas),PH080000000,Eastern Samar,PH082600000,Hernani,PH082610000,2060,683,464,0,98,814,1
Region VIII (Eastern Visayas),PH080000000,Eastern Samar,PH082600000,Jipapad,PH082611000,1728,1449,167,2,7,103,0
Region VIII (Eastern Visayas),PH080000000,Eastern Samar,PH082600000,Lawaan,PH082612000,3021,563,997,157,1270,34,0
Region VIII (Eastern Visayas),PH080000000,Eastern Samar,PH082600000,Llorente,PH082613000,4768,1184,3008,1,332,242,1
Region VIII (Eastern Visayas),PH080000000,Eastern Samar,PH082600000,Maslog,PH082614000,1077,912,12,0,8,145,0
Region VIII (Eastern Visayas),PH080000000,Eastern Samar,PH082600000,Maydolong,PH082615000,3247,1183,365,8,1315,353,23
Region VIII (Eastern Visayas),PH080000000,Eastern Samar,PH082600000,Mercedes,PH082616000,1530,261,157,9,692,3,408
Region VIII (Eastern Visayas),PH080000000,Eastern Samar,PH082600000,Oras,PH082617000,8618,1840,5608,68,488,614,0
Region VIII (Eastern Visayas),PH080000000,Eastern Samar,PH082600000,Quinapondan,PH082618000,3388,2209,134,161,225,651,8
Region VIII (Eastern Visayas),PH080000000,Eastern Samar,PH082600000,Salcedo,PH082619000,5211,1864,1042,299,1429,540,37
Region VIII (Eastern Visayas),PH080000000,Eastern Samar,PH082600000,San Julian,PH082620000,3369,1313,780,247,775,254,0
Region VIII (Eastern Visayas),PH080000000,Eastern Samar,PH082600000,San Policarpo,PH082621000,3271,964,1867,9,244,179,8
Region VIII (Eastern Visayas),PH080000000,Eastern Samar,PH082600000,Sulat,PH082622000,3677,1354,1545,34,545,198,1
Region VIII (Eastern Visayas),PH080000000,Eastern Samar,PH082600000,Taft,PH082623000,4388,1837,1863,21,445,212,10
Region VIII (Eastern Visayas),PH080000000,Leyte,PH083700000,Abuyog,PH083701000,13508,3929,3339,1803,1809,2486,142
Region VIII (Eastern Visayas),PH080000000,Leyte,PH083700000,Alangalang,PH083702000,12768,1100,7412,2034,1706,506,10
Region VIII (Eastern Visayas),PH080000000,Leyte,PH083700000,Albuera,PH083703000,11067,4615,4835,212,603,675,127
Region VIII (Eastern Visayas),PH080000000,Leyte,PH083700000,Babatngon,PH083705000,6108,2588,1874,595,713,320,18
Region VIII (Eastern Visayas),PH080000000,Leyte,PH083700000,Barugo,PH083706000,6919,3296,2004,579,522,360,158
Region VIII (Eastern Visayas),PH080000000,Leyte,PH083700000,Bato,PH083707000,8691,2496,2667,232,1055,1741,500
Region VIII (Eastern Visayas),PH080000000,Leyte,PH083700000,Burauen,PH083710000,12577,9857,1702,428,18,562,10
Region VIII (Eastern Visayas),PH080000000,Leyte,PH083700000,Calubian,PH083713000,7858,1121,1902,2009,760,337,1729
Region VIII (Eastern Visayas),PH080000000,Leyte,PH083700000,Capoocan,PH083714000,7332,5300,261,48,183,1363,177
Region VIII (Eastern Visayas),PH080000000,Leyte,PH083700000,Carigara,PH083715000,11303,6076,1289,1701,907,1328,2
Region VIII (Eastern Visayas),PH080000000,Leyte,PH083700000,City of Baybay,PH083708000,26180,20940,2056,582,977,1300,325
Region VIII (Eastern Visayas),PH080000000,Leyte,PH083700000,Dagami,PH083717000,8433,4957,1904,986,31,520,35
Region VIII (Eastern Visayas),PH080000000,Leyte,PH083700000,Dulag,PH083718000,11838,348,10034,392,781,73,210
Region VIII (Eastern Visayas),PH080000000,Leyte,PH083700000,Hilongos,PH083719000,14394,3612,6800,317,2947,700,18
Region VIII (Eastern Visayas),PH080000000,Leyte,PH083700000,Hindang,PH083720000,4994,1827,2224,122,218,592,11
Region VIII (Eastern Visayas),PH080000000,Leyte,PH083700000,Inopacan,PH083721000,4912,3561,550,24,296,479,2
Region VIII (Eastern Visayas),PH080000000,Leyte,PH083700000,Isabel,PH083722000,11201,6709,1603,164,2232,460,33
Region VIII (Eastern Visayas),PH080000000,Leyte,PH083700000,Jaro,PH083723000,9747,4172,2240,800,172,2341,22
Region VIII (Eastern Visayas),PH080000000,Leyte,PH083700000,Javier (Bugho),PH083724000,6024,2501,2629,432,204,255,3
Region VIII (Eastern Visayas),PH080000000,Leyte,PH083700000,Julita,PH083725000,3840,637,2814,223,135,26,5
Region VIII (Eastern Visayas),PH080000000,Leyte,PH083700000,Kananga,PH083726000,12921,8579,1723,964,725,848,82
Region VIII (Eastern Visayas),PH080000000,Leyte,PH083700000,La Paz,PH083728000,4980,2471,1913,237,91,238,30
Region VIII (Eastern Visayas),PH080000000,Leyte,PH083700000,Leyte,PH083729000,9101,5260,2193,1226,158,181,83
Region VIII (Eastern Visayas),PH080000000,Leyte,PH083700000,Macarthur,PH083730000,5109,2272,2159,93,333,235,17
Region VIII (Eastern Visayas),PH080000000,Leyte,PH083700000,Mahaplag,PH083731000,6238,5752,194,105,51,101,35
Region VIII (Eastern Visayas),PH080000000,Leyte,PH083700000,Matag-Ob,PH083733000,4570,3165,181,177,510,501,36
Region VIII (Eastern Visayas),PH080000000,Leyte,PH083700000,Matalom,PH083734000,7537,4023,1334,972,336,752,120
Region VIII (Eastern Visayas),PH080000000,Leyte,PH083700000,Mayorga,PH083735000,4236,500,3128,500,100,4,4
Region VIII (Eastern Visayas),PH080000000,Leyte,PH083700000,Merida,PH083736000,7923,5441,1034,524,613,218,93
Region VIII (Eastern Visayas),PH080000000,Leyte,PH083700000,Ormoc City,PH083738000,49906,33177,5838,1155,5224,2464,2048
Region VIII (Eastern Visayas),PH080000000,Leyte,PH083700000,Palo,PH083739000,15730,12731,163,317,1790,80,649
Region VIII (Eastern Visayas),PH080000000,Leyte,PH083700000,Palompon,PH083740000,14514,4383,3115,645,4372,1821,178
Region VIII (Eastern Visayas),PH080000000,Leyte,PH083700000,Pastrana,PH083741000,4331,3548,363,390,23,1,6
Region VIII (Eastern Visayas),PH080000000,Leyte,PH083700000,San Isidro,PH083742000,7882,389,773,4738,1927,16,39
Region VIII (Eastern Visayas),PH080000000,Leyte,PH083700000,San Miguel,PH083743000,4309,1579,1070,682,296,380,302
Region VIII (Eastern Visayas),PH080000000,Leyte,PH083700000,Santa Fe,PH083744000,4741,2653,1022,835,130,70,31
Region VIII (Eastern Visayas),PH080000000,Leyte,PH083700000,Tabango,PH083745000,8227,2015,2217,1856,1885,56,198
Region VIII (Eastern Visayas),PH080000000,Leyte,PH083700000,Tabontabon,PH083746000,2780,1829,780,111,54,6,0
Region VIII (Eastern Visayas),PH080000000,Leyte,PH083700000,City of Tacloban (Capital),PH083747000,50451,27111,2446,1227,15181,1169,3317
Region VIII (Eastern Visayas),PH080000000,Leyte,PH083700000,Tanauan,PH083748000,13518,8950,2843,1072,608,21,24
Region VIII (Eastern Visayas),PH080000000,Leyte,PH083700000,Tolosa,PH083749000,5073,665,3031,625,732,5,15
Region VIII (Eastern Visayas),PH080000000,Leyte,PH083700000,Tunga,PH083750000,1597,886,533,52,101,25,0
Region VIII (Eastern Visayas),PH080000000,Leyte,PH083700000,Villaba,PH083751000,10521,5296,1922,1137,1807,313,46
Region VIII (Eastern Visayas),PH080000000,Northern Samar,PH084800000,Allen,PH084801000,5543,1838,1258,591,1543,230,83
Region VIII (Eastern Visayas),PH080000000,Northern Samar,PH084800000,Biri,PH084802000,2269,1220,335,538,96,79,1
Region VIII (Eastern Visayas),PH080000000,Northern Samar,PH084800000,Bobon,PH084803000,4873,1597,1969,367,714,48,178
Region VIII (Eastern Visayas),PH080000000,Northern Samar,PH084800000,Capul,PH084804000,2504,778,1309,125,82,210,0
Region VIII (Eastern Visayas),PH080000000,Northern Samar,PH084800000,Catarman (Capital),PH084805000,19091,3204,7706,1904,4582,947,748
Region VIII (Eastern Visayas),PH080000000,Northern Samar,PH084800000,Catubig,PH084806000,6514,3687,183,86,349,1870,339
Region VIII (Eastern Visayas),PH080000000,Northern Samar,PH084800000,Gamay,PH084807000,5263,627,2775,34,172,1038,617
Region VIII (Eastern Visayas),PH080000000,Northern Samar,PH084800000,Laoang,PH084808000,12283,2056,3959,3985,1624,537,122
Region VIII (Eastern Visayas),PH080000000,Northern Samar,PH084800000,Lapinig,PH084809000,2483,489,1880,18,5,91,0
Region VIII (Eastern Visayas),PH080000000,Northern Samar,PH084800000,Las Navas,PH084810000,7133,3619,490,658,439,1834,93
Region VIII (Eastern Visayas),PH080000000,Northern Samar,PH084800000,Lavezares,PH084811000,6133,2555,1869,78,370,924,337
Region VIII (Eastern Visayas),PH080000000,Northern Samar,PH084800000,Lope De Vega,PH084824000,2847,1373,358,9,76,1030,1
Region VIII (Eastern Visayas),PH080000000,Northern Samar,PH084800000,Mapanas,PH084812000,2785,345,1824,1,9,606,0
Region VIII (Eastern Visayas),PH080000000,Northern Samar,PH084800000,Mondragon,PH084813000,7593,911,4395,1036,505,490,256
Region VIII (Eastern Visayas),PH080000000,Northern Samar,PH084800000,Palapag,PH084814000,6957,1568,3949,310,248,869,13
Region VIII (Eastern Visayas),PH080000000,Northern Samar,PH084800000,Pambujan,PH084815000,6115,676,3942,190,551,754,2
Region VIII (Eastern Visayas),PH080000000,Northern Samar,PH084800000,Rosario,PH084816000,2080,1018,361,387,196,4,114
Region VIII (Eastern Visayas),PH080000000,Northern Samar,PH084800000,San Antonio,PH084817000,1880,609,291,60,402,60,458
Region VIII (Eastern Visayas),PH080000000,Northern Samar,PH084800000,San Isidro,PH084818000,5666,4175,494,8,486,403,100
Region VIII (Eastern Visayas),PH080000000,Northern Samar,PH084800000,San Jose,PH084819000,3907,1275,833,483,1297,16,3
Region VIII (Eastern Visayas),PH080000000,Northern Samar,PH084800000,San Roque,PH084820000,5106,1212,3159,404,300,25,6
Region VIII (Eastern Visayas),PH080000000,Northern Samar,PH084800000,San Vicente,PH084821000,1644,421,528,56,366,54,219
Region VIII (Eastern Visayas),PH080000000,Northern Samar,PH084800000,Silvino Lobos,PH084822000,2735,1281,72,7,1,1374,0
Region VIII (Eastern Visayas),PH080000000,Northern Samar,PH084800000,Victoria,PH084823000,3215,2001,399,80,537,114,84
Region VIII (Eastern Visayas),PH080000000,Samar (Western Samar),PH086000000,Almagro,PH086001000,2101,762,393,258,18,411,259
Region VIII (Eastern Visayas),PH080000000,Samar (Western Samar),PH086000000,Basey,PH086002000,12648,5303,2584,1532,1946,1150,133
Region VIII (Eastern Visayas),PH080000000,Samar (Western Samar),PH086000000,City of Calbayog,PH086003000,38411,26755,2179,924,3363,3979,1211
Region VIII (Eastern Visayas),PH080000000,Samar (Western Samar),PH086000000,Calbiga,PH086004000,5160,3607,323,295,410,502,23
Region VIII (Eastern Visayas),PH080000000,Samar (Western Samar),PH086000000,City of Catbalogan (Capital),PH086005000,21162,9178,3040,637,6811,1308,188
Region VIII (Eastern Visayas),PH080000000,Samar (Western Samar),PH086000000,Daram,PH086006000,8716,5293,2239,447,289,336,112
Region VIII (Eastern Visayas),PH080000000,Samar (Western Samar),PH086000000,Gandara,PH086007000,7121,4366,755,60,693,661,586
Region VIII (Eastern Visayas),PH080000000,Samar (Western Samar),PH086000000,Hinabangan,PH086008000,2791,1932,218,12,83,524,22
Region VIII (Eastern Visayas),PH080000000,Samar (Western Samar),PH086000000,Jiabong,PH086009000,3896,2340,835,6,116,548,51
Region VIII (Eastern Visayas),PH080000000,Samar (Western Samar),PH086000000,Marabut,PH086010000,3980,3422,151,114,47,92,154
Region VIII (Eastern Visayas),PH080000000,Samar (Western Samar),PH086000000,Matuguinao,PH086011000,1523,1181,0,0,0,342,0
Region VIII (Eastern Visayas),PH080000000,Samar (Western Samar),PH086000000,Motiong,PH086012000,3043,2344,507,28,1,162,1
Region VIII (Eastern Visayas),PH080000000,Samar (Western Samar),PH086000000,Pagsanghan,PH086026000,1824,1400,300,5,75,39,5
Region VIII (Eastern Visayas),PH080000000,Samar (Western Samar),PH086000000,Paranas (Wright),PH086022000,6349,4954,350,9,90,733,213
Region VIII (Eastern Visayas),PH080000000,Samar (Western Samar),PH086000000,Pinabacdao,PH086013000,3769,1881,521,518,62,123,664
Region VIII (Eastern Visayas),PH080000000,Samar (Western Samar),PH086000000,San Jorge,PH086025000,3486,1556,885,15,452,577,1
Region VIII (Eastern Visayas),PH080000000,Samar (Western Samar),PH086000000,San Jose De Buan,PH086014000,1649,1121,8,1,13,503,3
Region VIII (Eastern Visayas),PH080000000,Samar (Western Samar),PH086000000,San Sebastian,PH086015000,1696,1296,27,46,58,220,49
Region VIII (Eastern Visayas),PH080000000,Samar (Western Samar),PH086000000,Santa Margarita,PH086016000,5833,3305,555,62,997,557,357
Region VIII (Eastern Visayas),PH080000000,Samar (Western Samar),PH086000000,Santa Rita,PH086017000,8865,3046,2615,1810,974,135,285
Region VIII (Eastern Visayas),PH080000000,Samar (Western Samar),PH086000000,Santo Niño,PH086018000,2742,2283,446,5,6,2,0
Region VIII (Eastern Visayas),PH080000000,Samar (Western Samar),PH086000000,Tagapul-An,PH086024000,1955,610,182,328,17,817,1
Region VIII (Eastern Visayas),PH080000000,Samar (Western Samar),PH086000000,Talalora,PH086019000,1676,950,323,254,119,3,27
Region VIII (Eastern Visayas),PH080000000,Samar (Western Samar),PH086000000,Tarangnan,PH086020000,5580,3420,1658,69,150,252,31
Region VIII (Eastern Visayas),PH080000000,Samar (Western Samar),PH086000000,Villareal,PH086021000,5986,2077,1215,985,1460,244,5
Region VIII (Eastern Visayas),PH080000000,Samar (Western Samar),PH086000000,Zumarraga,PH086023000,3302,872,1652,145,56,575,2
Region VIII (Eastern Visayas),PH080000000,Southern Leyte,PH086400000,Anahawan,PH086401000,1788,1696,10,1,6,5,70
Region VIII (Eastern Visayas),PH080000000,Southern Leyte,PH086400000,Bontoc,PH086402000,6599,3334,1194,148,1658,262,3
Region VIII (Eastern Visayas),PH080000000,Southern Leyte,PH086400000,City of Maasin (Capital),PH086407000,18619,9176,2662,136,4938,1666,41
Region VIII (Eastern Visayas),PH080000000,Southern Leyte,PH086400000,Hinunangan,PH086403000,6940,5453,108,14,1239,125,1
Region VIII (Eastern Visayas),PH080000000,Southern Leyte,PH086400000,Hinundayan,PH086404000,3054,2905,35,0,113,1,0
Region VIII (Eastern Visayas),PH080000000,Southern Leyte,PH086400000,Libagon,PH086405000,3178,1894,523,2,124,634,1
Region VIII (Eastern Visayas),PH080000000,Southern Leyte,PH086400000,Liloan,PH086406000,5090,4383,32,3,571,98,3
Region VIII (Eastern Visayas),PH080000000,Southern Leyte,PH086400000,Limasawa,PH086419000,1366,17,848,0,328,173,0
Region VIII (Eastern Visayas),PH080000000,Southern Leyte,PH086400000,Macrohon,PH086408000,6058,2428,572,28,2788,219,23
Region VIII (Eastern Visayas),PH080000000,Southern Leyte,PH086400000,Malitbog,PH086409000,4329,2409,562,1,966,384,7
Region VIII (Eastern Visayas),PH080000000,Southern Leyte,PH086400000,Padre Burgos,PH086410000,2387,1089,467,1,661,169,0
Region VIII (Eastern Visayas),PH080000000,Southern Leyte,PH086400000,Pintuyan,PH086411000,2218,1876,4,0,328,9,1
Region VIII (Eastern Visayas),PH080000000,Southern Leyte,PH086400000,Saint Bernard,PH086412000,5919,4461,55,33,1120,154,96
Region VIII (Eastern Visayas),PH080000000,Southern Leyte,PH086400000,San Francisco,PH086413000,2972,2605,60,42,158,100,7
Region VIII (Eastern Visayas),PH080000000,Southern Leyte,PH086400000,San Juan (Cabalian),PH086414000,3356,1966,48,0,1335,7,0
Region VIII (Eastern Visayas),PH080000000,Southern Leyte,PH086400000,San Ricardo,PH086415000,2213,2059,22,3,124,5,0
Region VIII (Eastern Visayas),PH080000000,Southern Leyte,PH086400000,Silago,PH086416000,3105,2957,22,3,112,11,0
Region VIII (Eastern Visayas),PH080000000,Southern Leyte,PH086400000,Sogod,PH086417000,9954,5544,1809,27,1779,791,4
Region VIII (Eastern Visayas),PH080000000,Southern Leyte,PH086400000,Tomas Oppus,PH086418000,3691,2249,322,58,670,392,0
Region X (Northern Mindanao),PH100000000,Bukidnon,PH101300000,Baungon,PH101301000,7598,3635,285,480,529,2635,34
Region X (Northern Mindanao),PH100000000,Bukidnon,PH101300000,Cabanglasan,PH101322000,6948,4459,322,80,319,1768,0
Region X (Northern Mindanao),PH100000000,Bukidnon,PH101300000,City of Malaybalay (Capital),PH101312000,38971,24144,3429,207,6066,4508,617
Region X (Northern Mindanao),PH100000000,Bukidnon,PH101300000,City of Valencia,PH101321000,44137,27819,8194,885,2829,3972,438
Region X (Northern Mindanao),PH100000000,Bukidnon,PH101300000,Damulog,PH101302000,6783,1919,1552,370,481,2460,1
Region X (Northern Mindanao),PH100000000,Bukidnon,PH101300000,Dangcagan,PH101303000,5168,3260,241,510,517,633,7
Region X (Northern Mindanao),PH100000000,Bukidnon,PH101300000,Don Carlos,PH101304000,14399,4161,2984,2200,1573,2536,945
Region X (Northern Mindanao),PH100000000,Bukidnon,PH101300000,Impasug-Ong,PH101305000,9858,8675,334,70,110,665,4
Region X (Northern Mindanao),PH100000000,Bukidnon,PH101300000,Kadingilan,PH101306000,7454,4070,527,330,126,2397,4
Region X (Northern Mindanao),PH100000000,Bukidnon,PH101300000,Kalilangan,PH101307000,8869,4411,1202,406,109,2731,10
Region X (Northern Mindanao),PH100000000,Bukidnon,PH101300000,Kibawe,PH101308000,8872,4164,1075,1082,701,1730,120
Region X (Northern Mindanao),PH100000000,Bukidnon,PH101300000,Kitaotao,PH101309000,10897,6200,1352,431,283,2607,24
Region X (Northern Mindanao),PH100000000,Bukidnon,PH101300000,Lantapan,PH101310000,12967,8832,665,129,807,1548,986
Region X (Northern Mindanao),PH100000000,Bukidnon,PH101300000,Libona,PH101311000,9957,5587,994,454,462,1922,538
Region X (Northern Mindanao),PH100000000,Bukidnon,PH101300000,Malitbog,PH101313000,4999,3872,124,146,65,784,8
Region X (Northern Mindanao),PH100000000,Bukidnon,PH101300000,Manolo Fortich,PH101314000,21248,15710,333,512,2659,1982,52
Region X (Northern Mindanao),PH100000000,Bukidnon,PH101300000,Maramag,PH101315000,23004,17237,1289,468,1249,2419,342
Region X (Northern Mindanao),PH100000000,Bukidnon,PH101300000,Pangantucan,PH101316000,11396,8341,294,433,90,2138,100
Region X (Northern Mindanao),PH100000000,Bukidnon,PH101300000,Quezon,PH101317000,22996,11224,4207,696,1670,4709,490
Region X (Northern Mindanao),PH100000000,Bukidnon,PH101300000,San Fernando,PH101318000,12394,7161,1755,203,232,3043,0
Region X (Northern Mindanao),PH100000000,Bukidnon,PH101300000,Sumilao,PH101319000,5638,4317,54,164,293,802,8
Region X (Northern Mindanao),PH100000000,Bukidnon,PH101300000,Talakag,PH101320000,14174,4483,529,628,576,7678,280
Region X (Northern Mindanao),PH100000000,Camiguin,PH101800000,Catarman,PH101801000,4060,3748,33,1,22,256,0
Region X (Northern Mindanao),PH100000000,Camiguin,PH101800000,Guinsiliban,PH101802000,1459,1355,97,0,0,7,0
Region X (Northern Mindanao),PH100000000,Camiguin,PH101800000,Mahinog,PH101803000,3135,2975,23,2,110,25,0
Region X (Northern Mindanao),PH100000000,Camiguin,PH101800000,Mambajao (Capital),PH101804000,8547,7862,87,0,400,196,2
Region X (Northern Mindanao),PH100000000,Camiguin,PH101800000,Sagay,PH101805000,2879,2833,13,0,3,30,0
Region X (Northern Mindanao),PH100000000,Lanao Del Norte,PH103500000,Bacolod,PH103501000,5199,3816,286,208,233,646,10
Region X (Northern Mindanao),PH100000000,Lanao Del Norte,PH103500000,Baloi,PH103502000,10084,3653,2771,2436,195,868,161
Region X (Northern Mindanao),PH100000000,Lanao Del Norte,PH103500000,Baroy,PH103503000,5601,1233,2666,80,622,928,72
Region X (Northern Mindanao),PH100000000,Lanao Del Norte,PH103500000,City of Iligan,PH103504000,76593,34814,5551,1294,24790,9557,587
Region X (Northern Mindanao),PH100000000,Lanao Del Norte,PH103500000,Kapatagan,PH103505000,14998,10272,3144,202,151,753,476
Region X (Northern Mindanao),PH100000000,Lanao Del Norte,PH103500000,Kauswagan,PH103507000,5916,3941,410,149,253,946,217
Region X (Northern Mindanao),PH100000000,Lanao Del Norte,PH103500000,Kolambugan,PH103508000,6446,2706,1838,183,183,1535,1
Region X (Northern Mindanao),PH100000000,Lanao Del Norte,PH103500000,Lala,PH103509000,15443,1994,10314,49,1853,449,784
Region X (Northern Mindanao),PH100000000,Lanao Del Norte,PH103500000,Linamon,PH103510000,4473,2443,608,6,547,869,0
Region X (Northern Mindanao),PH100000000,Lanao Del Norte,PH103500000,Magsaysay,PH103511000,3839,1738,574,908,13,605,1
Region X (Northern Mindanao),PH100000000,Lanao Del Norte,PH103500000,Maigo,PH103512000,5008,2890,625,163,534,796,0
Region X (Northern Mindanao),PH100000000,Lanao Del Norte,PH103500000,Matungao,PH103513000,2206,700,781,10,25,689,1
Region X (Northern Mindanao),PH100000000,Lanao Del Norte,PH103500000,Munai,PH103514000,6020,3215,334,241,0,2229,1
Region X (Northern Mindanao),PH100000000,Lanao Del Norte,PH103500000,Nunungan,PH103515000,3508,329,373,83,0,2722,1
Region X (Northern Mindanao),PH100000000,Lanao Del Norte,PH103500000,Pantao Ragat,PH103516000,4143,2155,95,48,122,1704,19
Region X (Northern Mindanao),PH100000000,Lanao Del Norte,PH103500000,Pantar,PH103523000,3427,2313,267,2,3,841,1
Region X (Northern Mindanao),PH100000000,Lanao Del Norte,PH103500000,Poona Piagapo,PH103517000,4414,2008,35,5,8,2358,0
Region X (Northern Mindanao),PH100000000,Lanao Del Norte,PH103500000,Salvador,PH103518000,7028,732,4488,554,17,1237,0
Region X (Northern Mindanao),PH100000000,Lanao Del Norte,PH103500000,Sapad,PH103519000,4716,1487,2346,266,47,503,67
Region X (Northern Mindanao),PH100000000,Lanao Del Norte,PH103500000,Sultan Naga Dimaporo (Karomatan),PH103506000,11616,5967,3421,858,443,923,4
Region X (Northern Mindanao),PH100000000,Lanao Del Norte,PH103500000,Tagoloan,PH103520000,2768,636,915,245,39,866,67
Region X (Northern Mindanao),PH100000000,Lanao Del Norte,PH103500000,Tangcal,PH103521000,2405,1578,173,53,1,600,0
Region X (Northern Mindanao),PH100000000,Lanao Del Norte,PH103500000,Tubod (Capital),PH103522000,11092,6138,1725,1066,811,1329,23
Region X (Northern Mindanao),PH100000000,Misamis Occidental,PH104200000,Aloran,PH104201000,6383,3584,938,59,412,1373,17
Region X (Northern Mindanao),PH100000000,Misamis Occidental,PH104200000,Baliangao,PH104202000,3877,270,1869,882,148,150,558
Region X (Northern Mindanao),PH100000000,Misamis Occidental,PH104200000,Bonifacio,PH104203000,7308,3149,308,244,429,2783,395
Region X (Northern Mindanao),PH100000000,Misamis Occidental,PH104200000,Calamba,PH104204000,5052,3391,159,224,143,1067,68
Region X (Northern Mindanao),PH100000000,Misamis Occidental,PH104200000,Clarin,PH104205000,8374,3964,3214,91,400,616,89
Region X (Northern Mindanao),PH100000000,Misamis Occidental,PH104200000,Concepcion,PH104206000,2460,502,10,71,33,1844,0
Region X (Northern Mindanao),PH100000000,Misamis Occidental,PH104200000,Don Victoriano Chiongbian  (Don Mariano Marcos),PH104217000,2491,1764,200,26,9,492,0
Region X (Northern Mindanao),PH100000000,Misamis Occidental,PH104200000,Jimenez,PH104207000,6362,3745,980,12,630,994,1
Region X (Northern Mindanao),PH100000000,Misamis Occidental,PH104200000,Lopez Jaena,PH104208000,5830,4475,358,134,111,573,179
Region X (Northern Mindanao),PH100000000,Misamis Occidental,PH104200000,City of Oroquieta (Capital),PH104209000,16498,12318,1906,55,1150,1040,29
Region X (Northern Mindanao),PH100000000,Misamis Occidental,PH104200000,City of Ozamiz,PH104210000,30304,17045,6349,635,2393,2931,951
Region X (Northern Mindanao),PH100000000,Misamis Occidental,PH104200000,Panaon,PH104211000,2420,1902,27,46,38,407,0
Region X (Northern Mindanao),PH100000000,Misamis Occidental,PH104200000,Plaridel,PH104212000,9195,7318,451,353,883,81,109
Region X (Northern Mindanao),PH100000000,Misamis Occidental,PH104200000,Sapang Dalaga,PH104213000,4557,1585,503,256,107,1973,133
Region X (Northern Mindanao),PH100000000,Misamis Occidental,PH104200000,Sinacaban,PH104214000,4146,2537,469,76,167,895,2
Region X (Northern Mindanao),PH100000000,Misamis Occidental,PH104200000,City of Tangub,PH104215000,13040,6355,3116,304,1080,2101,84
Region X (Northern Mindanao),PH100000000,Misamis Occidental,PH104200000,Tudela,PH104216000,6573,5096,534,92,276,523,52
Region X (Northern Mindanao),PH100000000,Misamis Oriental,PH104300000,Alubijid,PH104301000,7743,5137,819,142,1117,519,9
Region X (Northern Mindanao),PH100000000,Misamis Oriental,PH104300000,Balingasag,PH104302000,14790,8092,4420,147,234,1880,17
Region X (Northern Mindanao),PH100000000,Misamis Oriental,PH104300000,Balingoan,PH104303000,2320,1698,43,154,337,74,14
Region X (Northern Mindanao),PH100000000,Misamis Oriental,PH104300000,Binuangan,PH104304000,1556,1153,8,2,41,330,22
Region X (Northern Mindanao),PH100000000,Misamis Oriental,PH104300000,City of Cagayan De Oro (Capital),PH104305000,163174,81828,3165,361,69347,4403,4070
Region X (Northern Mindanao),PH100000000,Misamis Oriental,PH104300000,City of El Salvador,PH104307000,11940,8550,493,26,2595,114,162
Region X (Northern Mindanao),PH100000000,Misamis Oriental,PH104300000,Claveria,PH104306000,11085,7425,432,119,519,2576,14
Region X (Northern Mindanao),PH100000000,Misamis Oriental,PH104300000,City of Gingoog,PH104308000,26534,15267,6101,132,383,4585,66
Region X (Northern Mindanao),PH100000000,Misamis Oriental,PH104300000,Gitagum,PH104309000,3895,3301,85,7,404,93,5
Region X (Northern Mindanao),PH100000000,Misamis Oriental,PH104300000,Initao,PH104310000,7555,3873,1157,623,1437,147,318
Region X (Northern Mindanao),PH100000000,Misamis Oriental,PH104300000,Jasaan,PH104311000,12184,9899,508,507,764,440,66
Region X (Northern Mindanao),PH100000000,Misamis Oriental,PH104300000,Kinoguitan,PH104312000,3046,2511,299,137,83,15,1
Region X (Northern Mindanao),PH100000000,Misamis Oriental,PH104300000,Lagonglong,PH104313000,4584,2695,1471,104,103,211,0
Region X (Northern Mindanao),PH100000000,Misamis Oriental,PH104300000,Laguindingan,PH104314000,5614,3653,274,0,1593,89,5
Region X (Northern Mindanao),PH100000000,Misamis Oriental,PH104300000,Libertad,PH104315000,2718,2047,206,18,396,44,7
Region X (Northern Mindanao),PH100000000,Misamis Oriental,PH104300000,Lugait,PH104316000,4650,2004,748,21,1607,266,4
Region X (Northern Mindanao),PH100000000,Misamis Oriental,PH104300000,Magsaysay (Linugos),PH104317000,6985,2899,1500,908,1164,462,52
Region X (Northern Mindanao),PH100000000,Misamis Oriental,PH104300000,Manticao,PH104318000,6460,1820,2073,436,1088,1019,24
Region X (Northern Mindanao),PH100000000,Misamis Oriental,PH104300000,Medina,PH104319000,7145,4647,733,264,575,738,188
Region X (Northern Mindanao),PH100000000,Misamis Oriental,PH104300000,Naawan,PH104320000,4726,2501,935,84,842,312,52
Region X (Northern Mindanao),PH100000000,Misamis Oriental,PH104300000,Opol,PH104321000,14097,5434,1082,70,4499,1518,1494
Region X (Northern Mindanao),PH100000000,Misamis Oriental,PH104300000,Salay,PH104322000,6350,4860,397,2,705,362,24
Region X (Northern Mindanao),PH100000000,Misamis Oriental,PH104300000,Sugbongcogon,PH104323000,1914,1719,5,0,190,0,0
Region X (Northern Mindanao),PH100000000,Misamis Oriental,PH104300000,Tagoloan,PH104324000,16999,7551,3139,736,3893,310,1370
Region X (Northern Mindanao),PH100000000,Misamis Oriental,PH104300000,Talisayan,PH104325000,5391,3144,1732,9,146,326,34
Region X (Northern Mindanao),PH100000000,Misamis Oriental,PH104300000,Villanueva,PH104326000,8739,7029,596,197,626,269,22
Region XI (Davao Region),PH110000000,Compostela Valley,PH118200000,Compostela,PH118201000,19093,6181,10637,136,399,1593,147
Region XI (Davao Region),PH110000000,Compostela Valley,PH118200000,Laak (San Vicente),PH118202000,17537,7182,2846,3856,141,3340,172
Region XI (Davao Region),PH110000000,Compostela Valley,PH118200000,Mabini (Doña Alicia),PH118203000,9654,2059,4408,114,546,2343,184
Region XI (Davao Region),PH110000000,Compostela Valley,PH118200000,Maco,PH118204000,19150,9648,3870,520,1290,2799,1023
Region XI (Davao Region),PH110000000,Compostela Valley,PH118200000,Maragusan (San Mariano),PH118205000,14349,12893,1045,114,156,130,11
Region XI (Davao Region),PH110000000,Compostela Valley,PH118200000,Mawab,PH118206000,8334,2812,2957,385,339,971,870
Region XI (Davao Region),PH110000000,Compostela Valley,PH118200000,Monkayo,PH118207000,21451,8636,4476,1488,529,4955,1367
Region XI (Davao Region),PH110000000,Compostela Valley,PH118200000,Montevista,PH118208000,10067,3734,1612,1792,1509,1363,57
Region XI (Davao Region),PH110000000,Compostela Valley,PH118200000,Nabunturan (Capital),PH118209000,18894,5638,4205,650,2964,3181,2256
Region XI (Davao Region),PH110000000,Compostela Valley,PH118200000,New Bataan,PH118210000,11637,8200,1591,20,56,1756,14
Region XI (Davao Region),PH110000000,Compostela Valley,PH118200000,Pantukan,PH118211000,19275,5490,9218,481,827,3087,172
Region XI (Davao Region),PH110000000,Davao Del Norte,PH112300000,Asuncion (Saug),PH112301000,13801,4013,5000,502,730,1143,2413
Region XI (Davao Region),PH110000000,Davao Del Norte,PH112300000,Braulio E. Dujali,PH112323000,5404,78,327,281,735,435,3548
Region XI (Davao Region),PH110000000,Davao Del Norte,PH112300000,Carmen,PH112303000,16743,421,1001,491,1995,1986,10849
Region XI (Davao Region),PH110000000,Davao Del Norte,PH112300000,City of Panabo,PH112315000,42489,3533,5526,446,10503,1231,21250
Region XI (Davao Region),PH110000000,Davao Del Norte,PH112300000,City of Tagum (Capital),PH112319000,59989,16520,1878,649,31349,4233,5360
Region XI (Davao Region),PH110000000,Davao Del Norte,PH112300000,Island Garden City of Samal,PH112317000,26245,15041,1469,110,5222,2959,1444
Region XI (Davao Region),PH110000000,Davao Del Norte,PH112300000,Kapalong,PH112305000,17265,3428,7992,298,715,1825,3007
Region XI (Davao Region),PH110000000,Davao Del Norte,PH112300000,New Corella,PH112314000,12403,4968,3019,229,771,1245,2171
Region XI (Davao Region),PH110000000,Davao Del Norte,PH112300000,San Isidro,PH112324000,6460,2778,432,1006,33,1947,264
Region XI (Davao Region),PH110000000,Davao Del Norte,PH112300000,Santo Tomas,PH112318000,26291,7546,5124,1136,2285,562,9638
Region XI (Davao Region),PH110000000,Davao Del Norte,PH112300000,Talaingod,PH112322000,6142,785,659,19,20,4655,4
Region XI (Davao Region),PH110000000,Davao Del Sur,PH112400000,Bansalan,PH112401000,14913,9521,1990,66,1001,2221,114
Region XI (Davao Region),PH110000000,Davao Del Sur,PH112400000,City of Digos (Capital),PH112403000,41550,24993,9870,257,3602,2200,628
Region XI (Davao Region),PH110000000,Davao Del Sur,PH112400000,City of Davao,PH112402000,409951,302329,26117,5250,32970,16824,26461
Region XI (Davao Region),PH110000000,Davao Del Sur,PH112400000,Hagonoy,PH112404000,13198,3636,7678,12,1745,41,86
Region XI (Davao Region),PH110000000,Davao Del Sur,PH112400000,Kiblawan,PH112406000,13474,8843,1763,1653,253,959,3
Region XI (Davao Region),PH110000000,Davao Del Sur,PH112400000,Magsaysay,PH112407000,13571,5455,5920,483,68,1645,0
Region XI (Davao Region),PH110000000,Davao Del Sur,PH112400000,Malalag,PH112408000,10367,5094,3270,447,314,1236,6
Region XI (Davao Region),PH110000000,Davao Del Sur,PH112400000,Matanao,PH112410000,13861,7747,5113,403,125,358,115
Region XI (Davao Region),PH110000000,Davao Del Sur,PH112400000,Padada,PH112411000,6915,2385,1245,16,3266,0,3
Region XI (Davao Region),PH110000000,Davao Del Sur,PH112400000,Santa Cruz,PH112412000,22341,12623,5178,830,1035,2580,95
Region XI (Davao Region),PH110000000,Davao Del Sur,PH112400000,Sulop,PH112414000,8606,3312,3359,1120,533,213,69
Region XI (Davao Region),PH110000000,Davao Occidental,PH118600000,Don Marcelino,PH118601000,11207,3847,2698,1036,38,3448,140
Region XI (Davao Region),PH110000000,Davao Occidental,PH118600000,Jose Abad Santos (Trinidad),PH118602000,18117,3461,4995,1481,22,8155,3
Region XI (Davao Region),PH110000000,Davao Occidental,PH118600000,Malita (Capital),PH118603000,28627,9023,6197,2276,962,9887,282
Region XI (Davao Region),PH110000000,Davao Occidental,PH118600000,Santa Maria,PH118604000,13638,1719,8699,604,20,2585,11
Region XI (Davao Region),PH110000000,Davao Occidental,PH118600000,Sarangani,PH118605000,5842,2700,1420,506,21,1001,194
Region XI (Davao Region),PH110000000,Davao Oriental,PH112500000,Baganga,PH112501000,13339,3721,5266,811,944,2445,152
Region XI (Davao Region),PH110000000,Davao Oriental,PH112500000,Banaybanay,PH112502000,9321,3391,5382,14,312,207,15
Region XI (Davao Region),PH110000000,Davao Oriental,PH112500000,Boston,PH112503000,3216,2189,452,12,23,534,6
Region XI (Davao Region),PH110000000,Davao Oriental,PH112500000,Caraga,PH112504000,9239,6122,1105,256,95,1592,69
Region XI (Davao Region),PH110000000,Davao Oriental,PH112500000,Cateel,PH112505000,9711,1286,5481,282,127,2487,48
Region XI (Davao Region),PH110000000,Davao Oriental,PH112500000,City of Mati (Capital),PH112509000,32492,14731,6173,968,6404,3822,394
Region XI (Davao Region),PH110000000,Davao Oriental,PH112500000,Governor Generoso,PH112506000,12738,5834,4980,258,424,1231,11
Region XI (Davao Region),PH110000000,Davao Oriental,PH112500000,Lupon,PH112507000,15250,4650,7165,382,1625,1412,16
Region XI (Davao Region),PH110000000,Davao Oriental,PH112500000,Manay,PH112508000,9666,3296,1108,963,702,3585,12
Region XI (Davao Region),PH110000000,Davao Oriental,PH112500000,San Isidro,PH112510000,7821,2514,3358,265,374,1293,17
Region XI (Davao Region),PH110000000,Davao Oriental,PH112500000,Tarragona,PH112511000,5765,2372,773,73,447,2098,2
Region XII (SOCCSKSARGEN),PH120000000,Cotabato City (Not a Province),PH129800000,City of Cotabato,PH129804000,58866,47195,2979,1953,3419,40,3280
Region XII (SOCCSKSARGEN),PH120000000,Cotabato (North Cotabato),PH124700000,Alamada,PH124701000,14993,6437,1670,1648,24,5197,17
Region XII (SOCCSKSARGEN),PH120000000,Cotabato (North Cotabato),PH124700000,Aleosan,PH124717000,8845,2005,3899,2027,418,354,142
Region XII (SOCCSKSARGEN),PH120000000,Cotabato (North Cotabato),PH124700000,Antipas,PH124715000,6071,3663,695,175,11,1524,3
Region XII (SOCCSKSARGEN),PH120000000,Cotabato (North Cotabato),PH124700000,Arakan,PH124718000,10723,6829,1963,746,89,1069,27
Region XII (SOCCSKSARGEN),PH120000000,Cotabato (North Cotabato),PH124700000,Banisilan,PH124716000,9649,2372,2842,1762,186,2306,181
Region XII (SOCCSKSARGEN),PH120000000,Cotabato (North Cotabato),PH124700000,Carmen,PH124702000,21905,7702,7535,2386,401,3863,18
Region XII (SOCCSKSARGEN),PH120000000,Cotabato (North Cotabato),PH124700000,City of Kidapawan (Capital),PH124704000,33250,28690,1867,559,451,1223,460
Region XII (SOCCSKSARGEN),PH120000000,Cotabato (North Cotabato),PH124700000,Kabacan,PH124703000,20094,5617,11125,504,1501,1334,13
Region XII (SOCCSKSARGEN),PH120000000,Cotabato (North Cotabato),PH124700000,Libungan,PH124705000,11476,1873,5765,992,1244,1221,381
Region XII (SOCCSKSARGEN),PH120000000,Cotabato (North Cotabato),PH124700000,Magpet,PH124706000,11181,9014,849,374,13,911,20
Region XII (SOCCSKSARGEN),PH120000000,Cotabato (North Cotabato),PH124700000,Makilala,PH124707000,19356,13246,2434,816,93,2552,215
Region XII (SOCCSKSARGEN),PH120000000,Cotabato (North Cotabato),PH124700000,Matalam,PH124708000,18816,6339,8571,1125,224,2549,8
Region XII (SOCCSKSARGEN),PH120000000,Cotabato (North Cotabato),PH124700000,Midsayap,PH124709000,34198,3573,12128,6776,3190,469,8062
Region XII (SOCCSKSARGEN),PH120000000,Cotabato (North Cotabato),PH124700000,M'Lang,PH124710000,23645,9379,11822,250,1229,566,399
Region XII (SOCCSKSARGEN),PH120000000,Cotabato (North Cotabato),PH124700000,Pigkawayan,PH124711000,15826,2040,9532,1509,1854,882,9
Region XII (SOCCSKSARGEN),PH120000000,Cotabato (North Cotabato),PH124700000,Pikit,PH124712000,36099,1561,17586,13290,832,613,2217
Region XII (SOCCSKSARGEN),PH120000000,Cotabato (North Cotabato),PH124700000,President Roxas,PH124713000,10927,3904,2433,1984,209,2322,75
Region XII (SOCCSKSARGEN),PH120000000,Cotabato (North Cotabato),PH124700000,Tulunan,PH124714000,13513,2979,8568,322,1437,204,3
Region XII (SOCCSKSARGEN),PH120000000,Sarangani,PH128000000,Alabel (Capital),PH128001000,17929,8059,5587,638,689,2953,3
Region XII (SOCCSKSARGEN),PH120000000,Sarangani,PH128000000,Glan,PH128002000,28366,6849,9668,2694,2289,6846,20
Region XII (SOCCSKSARGEN),PH120000000,Sarangani,PH128000000,Kiamba,PH128003000,13588,4277,6548,366,180,2178,39
Region XII (SOCCSKSARGEN),PH120000000,Sarangani,PH128000000,Maasim,PH128004000,13260,3655,4639,178,2816,1381,591
Region XII (SOCCSKSARGEN),PH120000000,Sarangani,PH128000000,Maitum,PH128005000,10631,3766,4894,522,355,1086,8
Region XII (SOCCSKSARGEN),PH120000000,Sarangani,PH128000000,Malapatan,PH128006000,15958,5545,5449,567,468,3879,50
Region XII (SOCCSKSARGEN),PH120000000,Sarangani,PH128000000,Malungon,PH128007000,24581,11194,4227,4361,260,4514,25
Region XII (SOCCSKSARGEN),PH120000000,South Cotabato,PH126300000,Banga,PH126302000,21100,4626,11493,515,2410,2002,54
Region XII (SOCCSKSARGEN),PH120000000,South Cotabato,PH126300000,City of Koronadal (Capital),PH126306000,42902,8983,17297,322,13767,1636,897
Region XII (SOCCSKSARGEN),PH120000000,South Cotabato,PH126300000,City of General Santos (Dadiangas),PH126303000,144332,88759,25774,871,22134,2779,4015
Region XII (SOCCSKSARGEN),PH120000000,South Cotabato,PH126300000,Lake Sebu,PH126319000,18578,6673,3044,3297,128,5373,63
Region XII (SOCCSKSARGEN),PH120000000,South Cotabato,PH126300000,Norala,PH126311000,10601,1714,7295,138,776,445,233
Region XII (SOCCSKSARGEN),PH120000000,South Cotabato,PH126300000,Polomolok,PH126312000,36720,27127,5229,454,1110,2194,606
Region XII (SOCCSKSARGEN),PH120000000,South Cotabato,PH126300000,Santo Niño,PH126318000,9719,1756,5424,46,2325,97,71
Region XII (SOCCSKSARGEN),PH120000000,South Cotabato,PH126300000,Surallah,PH126313000,20330,7351,6413,996,2845,2522,203
Region XII (SOCCSKSARGEN),PH120000000,South Cotabato,PH126300000,Tampakan,PH126314000,9444,4529,3144,81,368,1314,8
Region XII (SOCCSKSARGEN),PH120000000,South Cotabato,PH126300000,Tantangan,PH126315000,10396,4099,4077,304,1691,149,76
Region XII (SOCCSKSARGEN),PH120000000,South Cotabato,PH126300000,T'Boli,PH126316000,21441,13393,3565,776,222,3445,40
Region XII (SOCCSKSARGEN),PH120000000,South Cotabato,PH126300000,Tupi,PH126317000,16695,8001,4866,291,181,3266,90
Region XII (SOCCSKSARGEN),PH120000000,Sultan Kudarat,PH126500000,Bagumbayan,PH126501000,15440,4476,6412,1656,346,2539,11
Region XII (SOCCSKSARGEN),PH120000000,Sultan Kudarat,PH126500000,City of Tacurong,PH126511000,21814,4075,8460,239,8915,108,17
Region XII (SOCCSKSARGEN),PH120000000,Sultan Kudarat,PH126500000,Columbio,PH126502000,8134,1477,4422,602,64,1569,0
Region XII (SOCCSKSARGEN),PH120000000,Sultan Kudarat,PH126500000,Esperanza,PH126503000,15868,2182,8116,241,2147,2917,265
Region XII (SOCCSKSARGEN),PH120000000,Sultan Kudarat,PH126500000,Isulan (Capital),PH126504000,20332,2249,9984,38,6842,1116,103
Region XII (SOCCSKSARGEN),PH120000000,Sultan Kudarat,PH126500000,Kalamansig,PH126505000,10957,4343,2584,271,33,3601,125
Region XII (SOCCSKSARGEN),PH120000000,Sultan Kudarat,PH126500000,Lambayong (Mariano Marcos),PH126508000,17815,696,13711,7,1817,1495,89
Region XII (SOCCSKSARGEN),PH120000000,Sultan Kudarat,PH126500000,Lebak,PH126506000,20388,3907,6775,2668,1159,5869,10
Region XII (SOCCSKSARGEN),PH120000000,Sultan Kudarat,PH126500000,Lutayan,PH126507000,13092,2118,9780,488,457,231,18
Region XII (SOCCSKSARGEN),PH120000000,Sultan Kudarat,PH126500000,Palimbang,PH126509000,19121,2170,9313,2108,6,5499,25
Region XII (SOCCSKSARGEN),PH120000000,Sultan Kudarat,PH126500000,President Quirino,PH126510000,9966,582,7392,67,1394,523,8
Region XII (SOCCSKSARGEN),PH120000000,Sultan Kudarat,PH126500000,Sen. Ninoy Aquino,PH126512000,11723,2780,2351,2430,113,4044,5
Region XIII (Caraga),PH160000000,Agusan Del Norte,PH160200000,Buenavista,PH160201000,13924,1599,4406,194,6386,1278,61
Region XIII (Caraga),PH160000000,Agusan Del Norte,PH160200000,City of Butuan (Capital),PH160202000,76206,17920,15562,584,31049,3828,7263
Region XIII (Caraga),PH160000000,Agusan Del Norte,PH160200000,Carmen,PH160204000,4711,661,2839,119,843,94,155
Region XIII (Caraga),PH160000000,Agusan Del Norte,PH160200000,City of Cabadbaran,PH160203000,16698,6347,8587,18,1291,384,71
Region XIII (Caraga),PH160000000,Agusan Del Norte,PH160200000,Jabonga,PH160205000,5155,3829,699,4,192,425,6
Region XIII (Caraga),PH160000000,Agusan Del Norte,PH160200000,Kitcharao,PH160206000,4326,2140,1321,0,683,182,0
Region XIII (Caraga),PH160000000,Agusan Del Norte,PH160200000,Las Nieves,PH160207000,5717,3225,1301,491,145,495,60
Region XIII (Caraga),PH160000000,Agusan Del Norte,PH160200000,Magallanes,PH160208000,4481,2310,139,12,530,81,1409
Region XIII (Caraga),PH160000000,Agusan Del Norte,PH160200000,Nasipit,PH160209000,9155,1352,2587,38,4583,449,146
Region XIII (Caraga),PH160000000,Agusan Del Norte,PH160200000,Remedios T. Romualdez,PH160212000,3507,1889,904,35,289,384,6
Region XIII (Caraga),PH160000000,Agusan Del Norte,PH160200000,Santiago,PH160210000,4681,2835,527,2,846,320,151
Region XIII (Caraga),PH160000000,Agusan Del Norte,PH160200000,Tubay,PH160211000,5254,2276,1827,3,502,613,33
Region XIII (Caraga),PH160000000,Agusan Del Sur,PH160300000,Bunawan,PH160302000,10530,3514,247,533,1914,3706,616
Region XIII (Caraga),PH160000000,Agusan Del Sur,PH160300000,City of Bayugan,PH160301000,22658,5822,7004,313,5489,3743,287
Region XIII (Caraga),PH160000000,Agusan Del Sur,PH160300000,Esperanza,PH160303000,11654,3319,5311,197,788,2012,27
Region XIII (Caraga),PH160000000,Agusan Del Sur,PH160300000,La Paz,PH160304000,5297,1219,281,423,288,2359,727
Region XIII (Caraga),PH160000000,Agusan Del Sur,PH160300000,Loreto,PH160305000,9028,1330,3101,1420,216,2857,104
Region XIII (Caraga),PH160000000,Agusan Del Sur,PH160300000,Prosperidad (Capital),PH160306000,18423,5585,2566,1941,4512,2948,871
Region XIII (Caraga),PH160000000,Agusan Del Sur,PH160300000,Rosario,PH160307000,10097,4010,1778,164,1689,1327,1129
Region XIII (Caraga),PH160000000,Agusan Del Sur,PH160300000,San Francisco,PH160308000,17151,8170,1145,669,5377,1670,120
Region XIII (Caraga),PH160000000,Agusan Del Sur,PH160300000,San Luis,PH160309000,6700,2385,2315,484,33,1482,1
Region XIII (Caraga),PH160000000,Agusan Del Sur,PH160300000,Santa Josefa,PH160310000,5860,1106,1523,331,520,1478,902
Region XIII (Caraga),PH160000000,Agusan Del Sur,PH160300000,Sibagat,PH160314000,6644,1492,806,177,495,3651,23
Region XIII (Caraga),PH160000000,Agusan Del Sur,PH160300000,Talacogon,PH160311000,8285,1479,1490,340,1444,2386,1146
Region XIII (Caraga),PH160000000,Agusan Del Sur,PH160300000,Trento,PH160312000,11931,1850,3019,889,800,1692,3681
Region XIII (Caraga),PH160000000,Agusan Del Sur,PH160300000,Veruela,PH160313000,9395,3782,865,1222,765,2754,7
Region XIII (Caraga),PH160000000,Dinagat Islands,PH168500000,Basilisa (Rizal),PH168501000,8588,6137,1299,244,164,744,0
Region XIII (Caraga),PH160000000,Dinagat Islands,PH168500000,Cagdianao,PH168502000,3777,2795,209,35,159,388,191
Region XIII (Caraga),PH160000000,Dinagat Islands,PH168500000,Dinagat,PH168503000,2220,582,616,305,202,513,2
Region XIII (Caraga),PH160000000,Dinagat Islands,PH168500000,Libjo (Albor),PH168504000,4103,3745,257,22,37,38,4
Region XIII (Caraga),PH160000000,Dinagat Islands,PH168500000,Loreto,PH168505000,2259,2097,74,34,17,36,1
Region XIII (Caraga),PH160000000,Dinagat Islands,PH168500000,San Jose (Capital),PH168506000,5765,4014,832,21,266,454,178
Region XIII (Caraga),PH160000000,Dinagat Islands,PH168500000,Tubajon,PH168507000,1845,1616,48,10,35,136,0
Region XIII (Caraga),PH160000000,Surigao Del Norte,PH166700000,Alegria,PH166701000,3415,2023,733,23,475,152,9
Region XIII (Caraga),PH160000000,Surigao Del Norte,PH166700000,Bacuag,PH166702000,3107,2363,220,8,394,92,30
Region XIII (Caraga),PH160000000,Surigao Del Norte,PH166700000,Burgos,PH166704000,919,306,91,2,476,40,4
Region XIII (Caraga),PH160000000,Surigao Del Norte,PH166700000,Claver,PH166706000,7357,2475,669,126,3906,175,6
Region XIII (Caraga),PH160000000,Surigao Del Norte,PH166700000,Dapa,PH166707000,5139,1759,465,12,1140,310,1453
Region XIII (Caraga),PH160000000,Surigao Del Norte,PH166700000,Del Carmen,PH166708000,3973,1346,161,126,2090,197,53
Region XIII (Caraga),PH160000000,Surigao Del Norte,PH166700000,General Luna,PH166710000,3847,726,910,317,1771,102,21
Region XIII (Caraga),PH160000000,Surigao Del Norte,PH166700000,Gigaquit,PH166711000,4532,1183,814,312,1520,697,6
Region XIII (Caraga),PH160000000,Surigao Del Norte,PH166700000,Mainit,PH166714000,5975,4157,93,4,1339,377,5
Region XIII (Caraga),PH160000000,Surigao Del Norte,PH166700000,Malimono,PH166715000,3995,3310,19,59,550,23,34
Region XIII (Caraga),PH160000000,Surigao Del Norte,PH166700000,Pilar,PH166716000,2401,747,464,29,444,711,6
Region XIII (Caraga),PH160000000,Surigao Del Norte,PH166700000,Placer,PH166717000,5922,4118,279,4,934,555,32
Region XIII (Caraga),PH160000000,Surigao Del Norte,PH166700000,San Benito,PH166718000,1222,599,9,1,298,158,157
Region XIII (Caraga),PH160000000,Surigao Del Norte,PH166700000,San Francisco (Anao-Aon),PH166719000,3256,2306,109,1,547,289,4
Region XIII (Caraga),PH160000000,Surigao Del Norte,PH166700000,San Isidro,PH166720000,1625,675,55,2,594,298,1
Region XIII (Caraga),PH160000000,Surigao Del Norte,PH166700000,Santa Monica (Sapao),PH166721000,1986,1432,51,0,388,115,0
Region XIII (Caraga),PH160000000,Surigao Del Norte,PH166700000,Sison,PH166722000,2920,2207,26,5,592,85,5
Region XIII (Caraga),PH160000000,Surigao Del Norte,PH166700000,Socorro,PH166723000,4417,3720,532,20,67,78,0
Region XIII (Caraga),PH160000000,Surigao Del Norte,PH166700000,City of Surigao (Capital),PH166724000,35784,21432,2762,201,9977,1317,95
Region XIII (Caraga),PH160000000,Surigao Del Norte,PH166700000,Tagana-An,PH166725000,3779,2818,105,64,592,115,85
Region XIII (Caraga),PH160000000,Surigao Del Norte,PH166700000,Tubod,PH166727000,3243,2394,18,20,295,304,212
Region XIII (Caraga),PH160000000,Surigao Del Sur,PH166800000,Barobo,PH166801000,10690,3910,1180,150,3853,1354,243
Region XIII (Caraga),PH160000000,Surigao Del Sur,PH166800000,Bayabas,PH166802000,1738,969,304,54,357,53,1
Region XIII (Caraga),PH160000000,Surigao Del Sur,PH166800000,Cagwait,PH166804000,4359,1831,337,39,1370,754,28
Region XIII (Caraga),PH160000000,Surigao Del Sur,PH166800000,Cantilan,PH166805000,7058,1519,2793,87,2395,95,169
Region XIII (Caraga),PH160000000,Surigao Del Sur,PH166800000,Carmen,PH166806000,2330,846,1324,7,55,57,41
Region XIII (Caraga),PH160000000,Surigao Del Sur,PH166800000,Carrascal,PH166807000,5018,2109,697,1,1930,278,3
Region XIII (Caraga),PH160000000,Surigao Del Sur,PH166800000,City of Bislig,PH166803000,21314,7321,1626,83,5129,5099,2056
Region XIII (Caraga),PH160000000,Surigao Del Sur,PH166800000,City of Tandag (Capital),PH166819000,12043,2753,2412,314,5808,745,11
Region XIII (Caraga),PH160000000,Surigao Del Sur,PH166800000,Cortes,PH166808000,3530,2451,366,148,143,165,257
Region XIII (Caraga),PH160000000,Surigao Del Sur,PH166800000,Hinatuan,PH166809000,8867,5531,726,223,1207,1174,6
Region XIII (Caraga),PH160000000,Surigao Del Sur,PH166800000,Lanuza,PH166810000,2783,1129,985,0,241,428,0
Region XIII (Caraga),PH160000000,Surigao Del Sur,PH166800000,Lianga,PH166811000,6302,2759,595,13,2207,726,2
Region XIII (Caraga),PH160000000,Surigao Del Sur,PH166800000,Lingig,PH166812000,7094,2502,545,157,361,2448,1081
Region XIII (Caraga),PH160000000,Surigao Del Sur,PH166800000,Madrid,PH166813000,3504,944,2222,3,335,0,0
Region XIII (Caraga),PH160000000,Surigao Del Sur,PH166800000,Marihatag,PH166814000,3699,2323,734,0,463,179,0
Region XIII (Caraga),PH160000000,Surigao Del Sur,PH166800000,San Agustin,PH166815000,4584,641,2361,68,842,671,1
Region XIII (Caraga),PH160000000,Surigao Del Sur,PH166800000,San Miguel,PH166816000,7980,3884,1636,243,1062,1141,14
Region XIII (Caraga),PH160000000,Surigao Del Sur,PH166800000,Tagbina,PH166817000,8368,4958,1078,248,829,1205,50
Region XIII (Caraga),PH160000000,Surigao Del Sur,PH166800000,Tago,PH166818000,7898,2140,3190,142,1435,967,24