cyclone_name,year,province,province_psgc,category,category_ordinal,total_houses,province_housing_units,province_households,structural_vuln_frac,unimproved_water_frac,damage_rate,affected,deaths,houses_damaged,houses_destroyed
Conson,2010,Aurora,PH037700000,Strong typhoon,3,0,49066,49410,0.4004,0.0823,0.0,187,0,0,0
Conson,2010,Bataan,PH030800000,Strong typhoon,3,2927,170152,173212,0.1275,0.0695,0.9207,68692,10,2695,232
Conson,2010,Batangas,PH041000000,Strong typhoon,3,1240,597758,613825,0.1329,0.0416,0.9177,11605,4,1138,102
Conson,2010,Bulacan,PH031400000,Strong typhoon,3,0,741737,760964,0.0931,0.0168,0.0,189,3,0,0
Conson,2010,Camarines Norte,PH051600000,Strong typhoon,3,7939,128679,129994,0.4591,0.1341,0.9395,52561,18,7459,480
Conson,2010,Camarines Sur,PH051700000,Strong typhoon,3,120,396642,400615,0.478,0.102,0.9917,14845,2,119,1
Conson,2010,Catanduanes,PH052000000,Strong typhoon,3,569,53482,53814,0.4668,0.0861,0.9561,12885,0,544,25
Conson,2010,Cavite,PH042100000,Strong typhoon,3,35293,851871,877743,0.1109,0.0265,0.9275,247537,12,32735,2558
Conson,2010,Laguna,PH043400000,Strong typhoon,3,10052,731892,765513,0.1165,0.0428,0.8492,87977,10,8536,1516
Conson,2010,Metro Manila,PH137600000,Strong typhoon,3,62,2558664,2660330,0.1101,0.0268,0.0,2802,2,0,62
Conson,2010,Nueva Ecija,PH034900000,Strong typhoon,3,0,488461,496977,0.1968,0.0238,0.0,0,1,0,0
Conson,2010,Pampanga,PH035400000,Strong typhoon,3,0,561214,575301,0.0811,0.0175,0.0,221,0,0,0
Conson,2010,Quezon,PH045600000,Strong typhoon,3,1897,475649,485673,0.3965,0.1048,0.9299,19204,35,1764,133
Conson,2010,Rizal,PH045800000,Strong typhoon,3,13186,639940,652578,0.1486,0.052,0.8279,66678,3,10917,2269
Conson,2010,Zambales,PH037100000,Strong typhoon,3,1,195109,198666,0.1688,0.0601,1.0,0,0,1,0
Megi,2010,Abra,PH140100000,Violent typhoon,5,212,51593,52929,0.2792,0.338,0.9858,8726,0,209,3
Megi,2010,Apayao,PH148100000,Violent typhoon,5,1147,25418,25560,0.4634,0.2828,0.9494,35461,0,1089,58
Megi,2010,Aurora,PH037700000,Violent typhoon,5,9,49066,49410,0.4004,0.0823,1.0,2394,0,9,0
Megi,2010,Bataan,PH030800000,Violent typhoon,5,22,170152,173212,0.1275,0.0695,0.9091,20560,0,20,2
Megi,2010,Benguet,PH141100000,Violent typhoon,5,304,193848,196825,0.0649,0.2411,0.9342,30222,2,284,20
Megi,2010,Bulacan,PH031400000,Violent typhoon,5,0,741737,760964,0.0931,0.0168,0.0,120,0,0,0
Megi,2010,Cagayan,PH021500000,Violent typhoon,5,15785,267472,271967,0.2809,0.0237,0.9336,158267,1,14737,1048
Megi,2010,Cavite,PH042100000,Violent typhoon,5,0,851871,877743,0.1109,0.0265,0.0,372,0,0,0
Megi,2010,Ifugao,PH142700000,Violent typhoon,5,391,43217,43281,0.4509,0.374,0.8235,5797,2,322,69
Megi,2010,Ilocos Norte,PH012800000,Violent typhoon,5,85,131413,139336,0.1246,0.0415,1.0,7982,0,85,0
Megi,2010,Ilocos Sur,PH012900000,Violent typhoon,5,237,151238,157043,0.1684,0.062,0.9494,8771,2,225,12
Megi,2010,Isabela,PH023100000,Violent typhoon,5,98014,365099,372950,0.2136,0.0305,0.743,710460,2,72828,25186
Megi,2010,Kalinga,PH143200000,Violent typhoon,5,14531,41990,42115,0.3816,0.3494,0.8776,214637,1,12753,1778
Megi,2010,La Union,PH013300000,Violent typhoon,5,6105,174096,180675,0.1948,0.1305,0.9107,57543,2,5560,545
Megi,2010,Metro Manila,PH137600000,Violent typhoon,5,0,2558664,2660330,0.1101,0.0268,0.0,877,1,0,0
Megi,2010,Mountain Province,PH144400000,Violent typhoon,5,1237,34857,35038,0.2662,0.79,0.8723,25077,0,1079,158
Megi,2010,Nueva Ecija,PH034900000,Violent typhoon,5,26,488461,496977,0.1968,0.0238,0.8462,27247,1,22,4
Megi,2010,Nueva Vizcaya,PH025000000,Violent typhoon,5,37,108828,111340,0.3194,0.2707,0.973,6975,0,36,1
Megi,2010,Pampanga,PH035400000,Violent typhoon,5,23,561214,575301,0.0811,0.0175,0.4348,100664,0,10,13
Megi,2010,Pangasinan,PH015500000,Violent typhoon,5,9473,654240,674575,0.244,0.0196,0.8844,482392,10,8378,1095
Megi,2010,Quirino,PH025700000,Violent typhoon,5,23,43161,43506,0.344,0.1835,1.0,17142,0,23,0
Megi,2010,Rizal,PH045800000,Violent typhoon,5,0,639940,652578,0.1486,0.052,0.0,411,0,0,0
Megi,2010,Tarlac,PH036900000,Violent typhoon,5,130,306044,311994,0.1496,0.0144,0.9,74621,2,117,13
Megi,2010,Zambales,PH037100000,Violent typhoon,5,431,195109,198666,0.1688,0.0601,0.9002,12266,5,388,43
Aere,2011,Albay,PH050500000,Tropical storm,1,0,275601,277091,0.3791,0.0926,0.0,85077,6,0,0
Aere,2011,Bulacan,PH031400000,Tropical storm,1,41,741737,760964,0.0931,0.0168,0.9024,465,1,37,4
Aere,2011,Camarines Norte,PH051600000,Tropical storm,1,888,128679,129994,0.4591,0.1341,0.9775,21275,0,868,20
Aere,2011,Camarines Sur,PH051700000,Tropical storm,1,1092,396642,400615,0.478,0.102,0.989,196904,16,1080,12
Aere,2011,Catanduanes,PH052000000,Tropical storm,1,0,53482,53814,0.4668,0.0861,0.0,0,2,0,0
Aere,2011,Cebu,PH072200000,Tropical storm,1,0,1058512,1077180,0.395,0.0779,0.0,39,0,0,0
Aere,2011,Eastern Samar,PH082600000,Tropical storm,1,45,105653,106292,0.6288,0.1017,1.0,14250,0,45,0
Aere,2011,Leyte,PH083700000,Tropical storm,1,5,451667,455889,0.5322,0.0808,0.8,6860,1,4,1
Aere,2011,Masbate,PH054100000,Tropical storm,1,11,187299,188013,0.6686,0.1199,1.0,6932,2,11,0
Aere,2011,Metro Manila,PH137600000,Tropical storm,1,0,2558664,2660330,0.1101,0.0268,0.0,535,1,0,0
Aere,2011,Negros Oriental,PH074600000,Tropical storm,1,0,307894,310626,0.6078,0.1506,0.0,0,1,0,0
Aere,2011,Northern Samar,PH084800000,Tropical storm,1,1373,124909,126619,0.6455,0.1373,0.9934,66366,3,1364,9
Aere,2011,Rizal,PH045800000,Tropical storm,1,0,639940,652578,0.1486,0.052,0.0,45,0,0,0
Aere,2011,Samar,PH086000000,Tropical storm,1,147,162886,165264,0.6584,0.116,0.8776,3020,1,129,18
Aere,2011,Sorsogon,PH056200000,Tropical storm,1,6596,166106,166842,0.5304,0.1066,1.0,29781,1,6596,0
Aere,2011,Zambales,PH037100000,Tropical storm,1,0,195109,198666,0.1688,0.0601,0.0,288,0,0,0
Banyan,2011,Agusan del Norte,PH160200000,Tropical storm,1,0,151197,153815,0.6199,0.1163,0.0,0,1,0,0
Banyan,2011,Capiz,PH061900000,Tropical storm,1,2,178303,179983,0.5324,0.1154,0.0,38621,0,0,2
Banyan,2011,Cebu,PH072200000,Tropical storm,1,3,1058512,1077180,0.395,0.0779,0.6667,11390,2,2,1
Banyan,2011,Dinagat Islands,PH168500000,Tropical storm,1,0,27902,28557,0.5835,0.094,0.0,184,0,0,0
Banyan,2011,Iloilo,PH063000000,Tropical storm,1,4,524258,530649,0.503,0.1004,0.0,1546,5,0,4
Banyan,2011,Misamis Oriental,PH104300000,Tropical storm,1,0,353856,362194,0.4574,0.0805,0.0,1229,0,0,0
Banyan,2011,Negros Occidental,PH064500000,Tropical storm,1,0,690110,701650,0.5036,0.1468,0.0,15,0,0,0
Banyan,2011,Occidental Mindoro,PH175100000,Tropical storm,1,0,110275,111714,0.4695,0.0883,0.0,657,0,0,0
Banyan,2011,Oriental Mindoro,PH175200000,Tropical storm,1,17,188988,190763,0.4002,0.1714,0.4118,1740,0,7,10
Banyan,2011,Romblon,PH175900000,Tropical storm,1,31,67971,68362,0.4938,0.1383,0.6129,5305,2,19,12
Banyan,2011,South Cotabato,PH126300000,Tropical storm,1,0,359332,362258,0.4419,0.0872,0.0,232,0,0,0
Banyan,2011,Southern Leyte,PH086400000,Tropical storm,1,0,92405,92836,0.4088,0.0588,0.0,1832,0,0,0
Dodong,2011,Batangas,PH041000000,Tropical storm,1,336,597758,613825,0.1329,0.0416,0.8929,1086,1,300,36
Dodong,2011,Cavite,PH042100000,Tropical storm,1,0,851871,877743,0.1109,0.0265,0.0,40,0,0,0
Dodong,2011,Metro Manila,PH137600000,Tropical storm,1,0,2558664,2660330,0.1101,0.0268,0.0,25,0,0,0
Dodong,2011,Romblon,PH175900000,Tropical storm,1,0,67971,68362,0.4938,0.1383,0.0,0,1,0,0
Dodong,2011,Zambales,PH037100000,Tropical storm,1,0,195109,198666,0.1688,0.0601,0.0,0,0,0,0
Egay,2011,Bataan,PH030800000,Tropical storm,1,0,170152,173212,0.1275,0.0695,0.0,0,2,0,0
Egay,2011,Zambales,PH037100000,Tropical storm,1,5,195109,198666,0.1688,0.0601,1.0,2478,0,5,0
Juaning,2011,Albay,PH050500000,Severe tropical storm,2,530,275601,277091,0.3791,0.0926,0.6604,557448,14,350,180
Juaning,2011,Aurora,PH037700000,Severe tropical storm,2,330,49066,49410,0.4004,0.0823,0.8061,6848,0,266,64
Juaning,2011,Batangas,PH041000000,Severe tropical storm,2,202,597758,613825,0.1329,0.0416,0.9901,1230,0,200,2
Juaning,2011,Benguet,PH141100000,Severe tropical storm,2,0,193848,196825,0.0649,0.2411,0.0,0,1,0,0
Juaning,2011,Bulacan,PH031400000,Severe tropical storm,2,0,741737,760964,0.0931,0.0168,0.0,179,0,0,0
Juaning,2011,Camarines Norte,PH051600000,Severe tropical storm,2,4910,128679,129994,0.4591,0.1341,0.9358,37136,7,4595,315
Juaning,2011,Camarines Sur,PH051700000,Severe tropical storm,2,2,396642,400615,0.478,0.102,0.0,319084,8,0,2
Juaning,2011,Catanduanes,PH052000000,Severe tropical storm,2,0,53482,53814,0.4668,0.0861,0.0,227,6,0,0
Juaning,2011,Cavite,PH042100000,Severe tropical storm,2,0,851871,877743,0.1109,0.0265,0.0,0,2,0,0
Juaning,2011,Cebu,PH072200000,Severe tropical storm,2,4,1058512,1077180,0.395,0.0779,1.0,0,0,4,0
Juaning,2011,Ifugao,PH142700000,Severe tropical storm,2,25,43217,43281,0.4509,0.374,0.8,212,4,20,5
Juaning,2011,Iloilo,PH063000000,Severe tropical storm,2,0,524258,530649,0.503,0.1004,0.0,0,1,0,0
Juaning,2011,Isabela,PH023100000,Severe tropical storm,2,6,365099,372950,0.2136,0.0305,1.0,1304,0,6,0
Juaning,2011,Kalinga,PH143200000,Severe tropical storm,2,49,41990,42115,0.3816,0.3494,0.8776,3379,0,43,6
Juaning,2011,La Union,PH013300000,Severe tropical storm,2,0,174096,180675,0.1948,0.1305,0.0,5,0,0,0
Juaning,2011,Lanao del Norte,PH103500000,Severe tropical storm,2,0,201777,216943,0.575,0.168,0.0,3115,0,0,0
Juaning,2011,Leyte,PH083700000,Severe tropical storm,2,0,451667,455889,0.5322,0.0808,0.0,0,1,0,0
Juaning,2011,Marinduque,PH174000000,Severe tropical storm,2,0,54341,54508,0.3564,0.0763,0.0,0,3,0,0
Juaning,2011,Masbate,PH054100000,Severe tropical storm,2,0,187299,188013,0.6686,0.1199,0.0,740,12,0,0
Juaning,2011,Metro Manila,PH137600000,Severe tropical storm,2,0,2558664,2660330,0.1101,0.0268,0.0,370,1,0,0
Juaning,2011,Nueva Ecija,PH034900000,Severe tropical storm,2,0,488461,496977,0.1968,0.0238,0.0,4603,1,0,0
Juaning,2011,Nueva Vizcaya,PH025000000,Severe tropical storm,2,8,108828,111340,0.3194,0.2707,1.0,425,0,8,0
Juaning,2011,Pampanga,PH035400000,Severe tropical storm,2,5,561214,575301,0.0811,0.0175,0.0,7358,0,0,5
Juaning,2011,Pangasinan,PH015500000,Severe tropical storm,2,0,654240,674575,0.244,0.0196,0.0,1130,0,0,0
Juaning,2011,Quezon,PH045600000,Severe tropical storm,2,34,475649,485673,0.3965,0.1048,0.9706,1338,2,33,1
Juaning,2011,Quirino,PH025700000,Severe tropical storm,2,104,43161,43506,0.344,0.1835,0.9231,20253,0,96,8
Juaning,2011,Rizal,PH045800000,Severe tropical storm,2,6,639940,652578,0.1486,0.052,1.0,0,0,6,0
Juaning,2011,Siquijor,PH076100000,Severe tropical storm,2,0,22634,22737,0.4522,0.0506,0.0,0,1,0,0
Juaning,2011,Sorsogon,PH056200000,Severe tropical storm,2,5,166106,166842,0.5304,0.1066,0.8,14782,2,4,1
Meari,2011,Albay,PH050500000,Severe tropical storm,2,29,275601,277091,0.3791,0.0926,0.8621,107253,0,25,4
Meari,2011,Bataan,PH030800000,Severe tropical storm,2,33,170152,173212,0.1275,0.0695,0.7576,190134,4,25,8
Meari,2011,Batangas,PH041000000,Severe tropical storm,2,1071,597758,613825,0.1329,0.0416,0.9664,4512,0,1035,36
Meari,2011,Bulacan,PH031400000,Severe tropical storm,2,94,741737,760964,0.0931,0.0168,0.3511,511207,2,33,61
Meari,2011,Camarines Sur,PH051700000,Severe tropical storm,2,0,396642,400615,0.478,0.102,0.0,2820,0,0,0
Meari,2011,Cavite,PH042100000,Severe tropical storm,2,0,851871,877743,0.1109,0.0265,0.0,8870,0,0,0
Meari,2011,Iloilo,PH063000000,Severe tropical storm,2,49,524258,530649,0.503,0.1004,0.4898,0,0,24,25
Meari,2011,Metro Manila,PH137600000,Severe tropical storm,2,22,2558664,2660330,0.1101,0.0268,1.0,72687,0,22,0
Meari,2011,Mountain Province,PH144400000,Severe tropical storm,2,0,34857,35038,0.2662,0.79,0.0,0,1,0,0
Meari,2011,Nueva Ecija,PH034900000,Severe tropical storm,2,0,488461,496977,0.1968,0.0238,0.0,40085,0,0,0
Meari,2011,Pampanga,PH035400000,Severe tropical storm,2,14,561214,575301,0.0811,0.0175,0.9286,592172,3,13,1
Meari,2011,Pangasinan,PH015500000,Severe tropical storm,2,0,654240,674575,0.244,0.0196,0.0,78580,0,0,0
Meari,2011,Rizal,PH045800000,Severe tropical storm,2,0,639940,652578,0.1486,0.052,0.0,91042,1,0,0
Meari,2011,Tarlac,PH036900000,Severe tropical storm,2,11,306044,311994,0.1496,0.0144,0.6364,67100,0,7,4
Meari,2011,Zambales,PH037100000,Severe tropical storm,2,57,195109,198666,0.1688,0.0601,0.5439,25914,1,31,26
Nalgae,2011,Apayao,PH148100000,Very strong typhoon,4,1,25418,25560,0.4634,0.2828,1.0,102,0,1,0
Nalgae,2011,Aurora,PH037700000,Very strong typhoon,4,0,49066,49410,0.4004,0.0823,0.0,14673,0,0,0
Nalgae,2011,Bataan,PH030800000,Very strong typhoon,4,0,170152,173212,0.1275,0.0695,0.0,0,3,0,0
Nalgae,2011,Benguet,PH141100000,Very strong typhoon,4,29,193848,196825,0.0649,0.2411,0.931,139,1,27,2
Nalgae,2011,Bulacan,PH031400000,Very strong typhoon,4,589,741737,760964,0.0931,0.0168,0.8234,68402,0,485,104
Nalgae,2011,Cagayan,PH021500000,Very strong typhoon,4,6,267472,271967,0.2809,0.0237,0.5,34498,1,3,3
Nalgae,2011,Ifugao,PH142700000,Very strong typhoon,4,88,43217,43281,0.4509,0.374,0.8864,211,0,78,10
Nalgae,2011,Ilocos Sur,PH012900000,Very strong typhoon,4,0,151238,157043,0.1684,0.062,0.0,20,1,0,0
Nalgae,2011,Isabela,PH023100000,Very strong typhoon,4,12604,365099,372950,0.2136,0.0305,0.8163,260904,0,10289,2315
Nalgae,2011,Kalinga,PH143200000,Very strong typhoon,4,11,41990,42115,0.3816,0.3494,0.8182,2954,0,9,2
Nalgae,2011,La Union,PH013300000,Very strong typhoon,4,589,174096,180675,0.1948,0.1305,0.9406,8671,0,554,35
Nalgae,2011,Mountain Province,PH144400000,Very strong typhoon,4,14,34857,35038,0.2662,0.79,0.7857,29,0,11,3
Nalgae,2011,Nueva Ecija,PH034900000,Very strong typhoon,4,564,488461,496977,0.1968,0.0238,0.8422,100633,0,475,89
Nalgae,2011,Nueva Vizcaya,PH025000000,Very strong typhoon,4,0,108828,111340,0.3194,0.2707,0.0,52742,0,0,0
Nalgae,2011,Pampanga,PH035400000,Very strong typhoon,4,578,561214,575301,0.0811,0.0175,0.9827,89651,2,568,10
Nalgae,2011,Pangasinan,PH015500000,Very strong typhoon,4,2678,654240,674575,0.244,0.0196,0.9683,231932,3,2593,85
Nalgae,2011,Quirino,PH025700000,Very strong typhoon,4,209,43161,43506,0.344,0.1835,0.6507,55163,0,136,73
Nalgae,2011,Tarlac,PH036900000,Very strong typhoon,4,148,306044,311994,0.1496,0.0144,0.7297,173739,7,108,40
Nalgae,2011,Zambales,PH037100000,Very strong typhoon,4,133,195109,198666,0.1688,0.0601,0.4211,19300,0,56,77
Nanmadol,2011,Abra,PH140100000,Very strong typhoon,4,118,51593,52929,0.2792,0.338,0.9661,15814,5,114,4
Nanmadol,2011,Albay,PH050500000,Very strong typhoon,4,0,275601,277091,0.3791,0.0926,0.0,760,0,0,0
Nanmadol,2011,Apayao,PH148100000,Very strong typhoon,4,300,25418,25560,0.4634,0.2828,0.9867,20475,0,296,4
Nanmadol,2011,Benguet,PH141100000,Very strong typhoon,4,216,193848,196825,0.0649,0.2411,0.8657,3570,10,187,29
Nanmadol,2011,Bulacan,PH031400000,Very strong typhoon,4,0,741737,760964,0.0931,0.0168,0.0,0,2,0,0
Nanmadol,2011,Cagayan,PH021500000,Very strong typhoon,4,1866,267472,271967,0.2809,0.0237,0.977,127775,0,1823,43
Nanmadol,2011,Catanduanes,PH052000000,Very strong typhoon,4,0,53482,53814,0.4668,0.0861,0.0,0,1,0,0
Nanmadol,2011,Ilocos Norte,PH012800000,Very strong typhoon,4,178,131413,139336,0.1246,0.0415,0.8034,92641,3,143,35
Nanmadol,2011,Ilocos Sur,PH012900000,Very strong typhoon,4,20,151238,157043,0.1684,0.062,0.8,5154,4,16,4
Nanmadol,2011,Iloilo,PH063000000,Very strong typhoon,4,3,524258,530649,0.503,0.1004,0.0,20061,1,0,3
Nanmadol,2011,Isabela,PH023100000,Very strong typhoon,4,20,365099,372950,0.2136,0.0305,1.0,11908,0,20,0
Nanmadol,2011,Kalinga,PH143200000,Very strong typhoon,4,42,41990,42115,0.3816,0.3494,0.9762,3089,0,41,1
Nanmadol,2011,La Union,PH013300000,Very strong typhoon,4,108,174096,180675,0.1948,0.1305,0.9074,17606,1,98,10
Nanmadol,2011,Metro Manila,PH137600000,Very strong typhoon,4,0,2558664,2660330,0.1101,0.0268,0.0,275,0,0,0
Nanmadol,2011,Mountain Province,PH144400000,Very strong typhoon,4,128,34857,35038,0.2662,0.79,0.9844,12298,1,126,2
Nanmadol,2011,Negros Occidental,PH064500000,Very strong typhoon,4,10,690110,701650,0.5036,0.1468,0.0,9524,0,0,10
Nanmadol,2011,Nueva Vizcaya,PH025000000,Very strong typhoon,4,34,108828,111340,0.3194,0.2707,1.0,155,0,34,0
Nanmadol,2011,Pangasinan,PH015500000,Very strong typhoon,4,23,654240,674575,0.244,0.0196,0.5652,69939,2,13,10
Nanmadol,2011,Quezon,PH045600000,Very strong typhoon,4,0,475649,485673,0.3965,0.1048,0.0,0,1,0,0
Nanmadol,2011,Tarlac,PH036900000,Very strong typhoon,4,0,306044,311994,0.1496,0.0144,0.0,210,0,0,0
Nanmadol,2011,Zambales,PH037100000,Very strong typhoon,4,11,195109,198666,0.1688,0.0601,0.6364,214,4,7,4
Nanmadol,2011,Zamboanga del Sur,PH097300000,Very strong typhoon,4,0,399598,406810,0.6434,0.1327,0.0,0,1,0,0
Nesat,2011,Abra,PH140100000,Strong typhoon,3,37,51593,52929,0.2792,0.338,0.9459,129,0,35,2
Nesat,2011,Albay,PH050500000,Strong typhoon,3,8,275601,277091,0.3791,0.0926,1.0,73324,0,8,0
Nesat,2011,Antique,PH060600000,Strong typhoon,3,1,128753,129771,0.5388,0.1886,0.0,12,0,0,1
Nesat,2011,Apayao,PH148100000,Strong typhoon,3,10,25418,25560,0.4634,0.2828,1.0,10178,0,10,0
Nesat,2011,Aurora,PH037700000,Strong typhoon,3,6288,49066,49410,0.4004,0.0823,0.9133,57146,0,5743,545
Nesat,2011,Bataan,PH030800000,Strong typhoon,3,2774,170152,173212,0.1275,0.0695,0.8486,240659,1,2354,420
Nesat,2011,Batangas,PH041000000,Strong typhoon,3,90,597758,613825,0.1329,0.0416,0.9,4792,1,81,9
Nesat,2011,Benguet,PH141100000,Strong typhoon,3,50,193848,196825,0.0649,0.2411,0.72,961,1,36,14
Nesat,2011,Bulacan,PH031400000,Strong typhoon,3,3306,741737,760964,0.0931,0.0168,0.7347,587440,24,2429,877
Nesat,2011,Cagayan,PH021500000,Strong typhoon,3,0,267472,271967,0.2809,0.0237,0.0,72979,1,0,0
Nesat,2011,Camarines Norte,PH051600000,Strong typhoon,3,0,128679,129994,0.4591,0.1341,0.0,95,0,0,0
Nesat,2011,Camarines Sur,PH051700000,Strong typhoon,3,791,396642,400615,0.478,0.102,0.9937,38535,2,786,5
Nesat,2011,Catanduanes,PH052000000,Strong typhoon,3,54,53482,53814,0.4668,0.0861,0.7778,2812,1,42,12
Nesat,2011,Cavite,PH042100000,Strong typhoon,3,361,851871,877743,0.1109,0.0265,0.7784,18048,0,281,80
Nesat,2011,Ifugao,PH142700000,Strong typhoon,3,1247,43217,43281,0.4509,0.374,0.9278,6347,4,1157,90
Nesat,2011,Ilocos Norte,PH012800000,Strong typhoon,3,9,131413,139336,0.1246,0.0415,0.0,45,0,0,9
Nesat,2011,Ilocos Sur,PH012900000,Strong typhoon,3,0,151238,157043,0.1684,0.062,0.0,1580,0,0,0
Nesat,2011,Iloilo,PH063000000,Strong typhoon,3,76,524258,530649,0.503,0.1004,0.8421,309,0,64,12
Nesat,2011,Isabela,PH023100000,Strong typhoon,3,11842,365099,372950,0.2136,0.0305,0.876,191871,1,10374,1468
Nesat,2011,Kalinga,PH143200000,Strong typhoon,3,330,41990,42115,0.3816,0.3494,0.9758,22457,0,322,8
Nesat,2011,La Union,PH013300000,Strong typhoon,3,1148,174096,180675,0.1948,0.1305,0.9826,10730,1,1128,20
Nesat,2011,Laguna,PH043400000,Strong typhoon,3,3,731892,765513,0.1165,0.0428,1.0,195,0,3,0
Nesat,2011,Metro Manila,PH137600000,Strong typhoon,3,0,2558664,2660330,0.1101,0.0268,0.0,77096,6,0,0
Nesat,2011,Mountain Province,PH144400000,Strong typhoon,3,114,34857,35038,0.2662,0.79,0.9737,1809,0,111,3
Nesat,2011,Negros Occidental,PH064500000,Strong typhoon,3,6,690110,701650,0.5036,0.1468,0.6667,0,0,4,2
Nesat,2011,Nueva Ecija,PH034900000,Strong typhoon,3,2130,488461,496977,0.1968,0.0238,0.8305,513320,11,1769,361
Nesat,2011,Nueva Vizcaya,PH025000000,Strong typhoon,3,1111,108828,111340,0.3194,0.2707,0.8623,36541,5,958,153
Nesat,2011,Occidental Mindoro,PH175100000,Strong typhoon,3,4,110275,111714,0.4695,0.0883,0.25,10178,3,1,3
Nesat,2011,Oriental Mindoro,PH175200000,Strong typhoon,3,0,188988,190763,0.4002,0.1714,0.0,236,0,0,0
Nesat,2011,Palawan,PH175300000,Strong typhoon,3,0,255726,257321,0.6892,0.0904,0.0,0,2,0,0
Nesat,2011,Pampanga,PH035400000,Strong typhoon,3,1181,561214,575301,0.0811,0.0175,0.9255,492763,8,1093,88
Nesat,2011,Pangasinan,PH015500000,Strong typhoon,3,3455,654240,674575,0.244,0.0196,0.9763,99931,2,3373,82
Nesat,2011,Quezon,PH045600000,Strong typhoon,3,0,475649,485673,0.3965,0.1048,0.0,90,0,0,0
Nesat,2011,Quirino,PH025700000,Strong typhoon,3,10166,43161,43506,0.344,0.1835,0.8353,115747,0,8492,1674
Nesat,2011,Rizal,PH045800000,Strong typhoon,3,14,639940,652578,0.1486,0.052,0.8571,109541,1,12,2
Nesat,2011,Romblon,PH175900000,Strong typhoon,3,6,67971,68362,0.4938,0.1383,0.8333,185,0,5,1
Nesat,2011,Sorsogon,PH056200000,Strong typhoon,3,17,166106,166842,0.5304,0.1066,0.8824,0,0,15,2
Nesat,2011,Tarlac,PH036900000,Strong typhoon,3,97,306044,311994,0.1496,0.0144,0.732,111868,0,71,26
Nesat,2011,Zambales,PH037100000,Strong typhoon,3,6617,195109,198666,0.1688,0.0601,0.812,120806,8,5373,1244
Songda,2011,Albay,PH050500000,Violent typhoon,5,0,275601,277091,0.3791,0.0926,0.0,223110,0,0,0
Songda,2011,Benguet,PH141100000,Violent typhoon,5,0,193848,196825,0.0649,0.2411,0.0,0,2,0,0
Songda,2011,Bukidnon,PH101300000,Violent typhoon,5,99,305995,308727,0.5877,0.1965,0.4343,596,0,43,56
Songda,2011,Camarines Norte,PH051600000,Violent typhoon,5,0,128679,129994,0.4591,0.1341,0.0,2710,1,0,0
Songda,2011,Camarines Sur,PH051700000,Violent typhoon,5,0,396642,400615,0.478,0.102,0.0,146697,0,0,0
Songda,2011,Catanduanes,PH052000000,Violent typhoon,5,0,53482,53814,0.4668,0.0861,0.0,13349,1,0,0
Songda,2011,Davao Oriental,PH112500000,Violent typhoon,5,0,126969,128558,0.6659,0.1668,0.0,40,0,0,0
Songda,2011,Davao del Norte,PH112300000,Violent typhoon,5,27,230520,233232,0.4832,0.3523,0.0,48015,0,0,27
Songda,2011,Isabela,PH023100000,Violent typhoon,5,0,365099,372950,0.2136,0.0305,0.0,126,0,0,0
Songda,2011,Lanao del Sur,PH153600000,Violent typhoon,5,5,121372,160132,0.5982,0.4104,1.0,0,0,5,0
Songda,2011,Metro Manila,PH137600000,Violent typhoon,5,0,2558664,2660330,0.1101,0.0268,0.0,2725,0,0,0
Songda,2011,Sorsogon,PH056200000,Violent typhoon,5,0,166106,166842,0.5304,0.1066,0.0,1281,0,0,0
Songda,2011,Zamboanga del Sur,PH097300000,Violent typhoon,5,0,399598,406810,0.6434,0.1327,0.0,8258,0,0,0
Washi,2011,Agusan del Sur,PH160300000,Severe tropical storm,2,15,151934,153653,0.7653,0.2844,0.0,320,0,0,15
Washi,2011,Bohol,PH071200000,Severe tropical storm,2,0,286768,288515,0.4281,0.0975,0.0,10000,0,0,0
Washi,2011,Bukidnon,PH101300000,Severe tropical storm,2,454,305995,308727,0.5877,0.1965,0.2467,14531,42,112,342
Washi,2011,Camarines Sur,PH051700000,Severe tropical storm,2,0,396642,400615,0.478,0.102,0.0,0,2,0,0
Washi,2011,Cebu,PH072200000,Severe tropical storm,2,0,1058512,1077180,0.395,0.0779,0.0,0,1,0,0
Washi,2011,Davao de Oro,PH118200000,Severe tropical storm,2,18,167532,169441,0.5769,0.1876,0.1111,2510,5,2,16
Washi,2011,Davao del Norte,PH112300000,Severe tropical storm,2,0,230520,233232,0.4832,0.3523,0.0,2570,0,0,0
Washi,2011,Lanao del Norte,PH103500000,Severe tropical storm,2,20123,201777,216943,0.575,0.168,0.7392,483165,490,14874,5249
Washi,2011,Lanao del Sur,PH153600000,Severe tropical storm,2,207,121372,160132,0.5982,0.4104,0.7295,139879,4,151,56
Washi,2011,Misamis Occidental,PH104200000,Severe tropical storm,2,87,133123,134870,0.6098,0.1669,0.7241,0,0,63,24
Washi,2011,Misamis Oriental,PH104300000,Severe tropical storm,2,20528,353856,362194,0.4574,0.0805,0.6362,423920,674,13059,7469
Washi,2011,Negros Oriental,PH074600000,Severe tropical storm,2,8082,307894,310626,0.6078,0.1506,0.8145,72556,38,6583,1499
Washi,2011,Surigao del Sur,PH166800000,Severe tropical storm,2,2912,127802,129159,0.7409,0.1667,0.9299,14328,1,2708,204
Washi,2011,Zamboanga del Norte,PH097200000,Severe tropical storm,2,9,223221,224828,0.7239,0.1934,0.0,4947,11,0,9
Bopha,2012,Agusan del Norte,PH160200000,Very strong typhoon,4,547,151197,153815,0.6199,0.1163,0.9013,7022,0,493,54
Bopha,2012,Agusan del Sur,PH160300000,Very strong typhoon,4,37644,151934,153653,0.7653,0.2844,0.5124,239063,13,19290,18354
Bopha,2012,Biliran,PH087800000,Very strong typhoon,4,0,38105,38518,0.4685,0.0367,0.0,0,1,0,0
Bopha,2012,Bohol,PH071200000,Very strong typhoon,4,105,286768,288515,0.4281,0.0975,0.8095,7869,0,85,20
Bopha,2012,Bukidnon,PH101300000,Very strong typhoon,4,6007,305995,308727,0.5877,0.1965,0.827,230947,6,4968,1039
Bopha,2012,Camiguin,PH101800000,Very strong typhoon,4,187,20063,20080,0.4488,0.0257,0.8877,1552,0,166,21
Bopha,2012,Capiz,PH061900000,Very strong typhoon,4,0,178303,179983,0.5324,0.1154,0.0,0,1,0,0
Bopha,2012,Cebu,PH072200000,Very strong typhoon,4,2612,1058512,1077180,0.395,0.0779,0.8381,21459,6,2189,423
Bopha,2012,Cotabato,PH124700000,Very strong typhoon,4,0,316177,320567,0.6216,0.1292,0.0,40955,0,0,0
Bopha,2012,Davao Oriental,PH112500000,Very strong typhoon,4,30245,126969,128558,0.6659,0.1668,0.2734,530098,395,8270,21975
Bopha,2012,Davao de Oro,PH118200000,Very strong typhoon,4,95054,167532,169441,0.5769,0.1876,0.5934,655373,612,56401,38653
Bopha,2012,Davao del Norte,PH112300000,Very strong typhoon,4,3089,230520,233232,0.4832,0.3523,0.9265,848798,0,2862,227
Bopha,2012,Davao del Sur,PH112400000,Very strong typhoon,4,389,558091,568747,0.441,0.0982,0.7404,2812181,0,288,101
Bopha,2012,Dinagat Islands,PH168500000,Very strong typhoon,4,6,27902,28557,0.5835,0.094,0.8333,2814,0,5,1
Bopha,2012,Guimaras,PH067900000,Very strong typhoon,4,0,40497,40575,0.5351,0.0539,0.0,805,0,0,0
Bopha,2012,Iloilo,PH063000000,Very strong typhoon,4,0,524258,530649,0.503,0.1004,0.0,581,0,0,0
Bopha,2012,La Union,PH013300000,Very strong typhoon,4,2,174096,180675,0.1948,0.1305,0.5,0,0,1,1
Bopha,2012,Lanao del Norte,PH103500000,Very strong typhoon,4,1956,201777,216943,0.575,0.168,0.9141,145863,0,1788,168
Bopha,2012,Lanao del Sur,PH153600000,Very strong typhoon,4,624,121372,160132,0.5982,0.4104,0.5897,146285,0,368,256
Bopha,2012,Leyte,PH083700000,Very strong typhoon,4,0,451667,455889,0.5322,0.0808,0.0,1214,0,0,0
Bopha,2012,Maguindanao,PH153800000,Very strong typhoon,4,0,190029,194507,0.7225,0.1764,0.0,104337,0,0,0
Bopha,2012,Misamis Occidental,PH104200000,Very strong typhoon,4,219,133123,134870,0.6098,0.1669,0.5799,21757,2,127,92
Bopha,2012,Misamis Oriental,PH104300000,Very strong typhoon,4,4533,353856,362194,0.4574,0.0805,0.8996,123075,7,4078,455
Bopha,2012,Negros Occidental,PH064500000,Very strong typhoon,4,678,690110,701650,0.5036,0.1468,0.8894,7076,0,603,75
Bopha,2012,Negros Oriental,PH074600000,Very strong typhoon,4,3037,307894,310626,0.6078,0.1506,0.8699,39114,2,2642,395
Bopha,2012,Northern Samar,PH084800000,Very strong typhoon,4,0,124909,126619,0.6455,0.1373,0.0,5,1,0,0
Bopha,2012,Palawan,PH175300000,Very strong typhoon,4,1299,255726,257321,0.6892,0.0904,0.3264,6060,3,424,875
Bopha,2012,Pangasinan,PH015500000,Very strong typhoon,4,2,654240,674575,0.244,0.0196,0.5,0,0,1,1
Bopha,2012,Siquijor,PH076100000,Very strong typhoon,4,3676,22634,22737,0.4522,0.0506,0.9176,22000,2,3373,303
Bopha,2012,South Cotabato,PH126300000,Very strong typhoon,4,13,359332,362258,0.4419,0.0872,0.7692,3143,8,10,3
Bopha,2012,Southern Leyte,PH086400000,Very strong typhoon,4,0,92405,92836,0.4088,0.0588,0.0,4665,1,0,0
Bopha,2012,Sultan Kudarat,PH126500000,Very strong typhoon,4,0,182920,184650,0.6328,0.1635,0.0,18720,0,0,0
Bopha,2012,Surigao del Norte,PH166700000,Very strong typhoon,4,961,106660,108814,0.4934,0.0773,0.9813,42695,1,943,18
Bopha,2012,Surigao del Sur,PH166800000,Very strong typhoon,4,23932,127802,129159,0.7409,0.1667,0.7428,154900,5,17776,6156
Bopha,2012,Zamboanga Sibugay,PH098300000,Very strong typhoon,4,0,138746,140791,0.7758,0.1262,0.0,756,1,0,0
Bopha,2012,Zamboanga del Norte,PH097200000,Very strong typhoon,4,0,223221,224828,0.7239,0.1934,0.0,602,0,0,0
Bopha,2012,Zamboanga del Sur,PH097300000,Very strong typhoon,4,0,399598,406810,0.6434,0.1327,0.0,2214,0,0,0
Ferdie,2012,Bulacan,PH031400000,Strong typhoon,3,0,741737,760964,0.0931,0.0168,0.0,109,0,0,0
Ferdie,2012,Camarines Sur,PH051700000,Strong typhoon,3,0,396642,400615,0.478,0.102,0.0,0,2,0,0
Ferdie,2012,Cavite,PH042100000,Strong typhoon,3,0,851871,877743,0.1109,0.0265,0.0,175,0,0,0
Ferdie,2012,La Union,PH013300000,Strong typhoon,3,0,174096,180675,0.1948,0.1305,0.0,0,1,0,0
Ferdie,2012,Laguna,PH043400000,Strong typhoon,3,0,731892,765513,0.1165,0.0428,0.0,1,1,0,0
Ferdie,2012,Metro Manila,PH137600000,Strong typhoon,3,0,2558664,2660330,0.1101,0.0268,0.0,784,0,0,0
Ferdie,2012,Occidental Mindoro,PH175100000,Strong typhoon,3,0,110275,111714,0.4695,0.0883,0.0,3664,0,0,0
Ferdie,2012,Rizal,PH045800000,Strong typhoon,3,0,639940,652578,0.1486,0.052,0.0,385,2,0,0
Gaemi,2012,Occidental Mindoro,PH175100000,Severe tropical storm,2,0,110275,111714,0.4695,0.0883,0.0,290,0,0,0
Gaemi,2012,Zambales,PH037100000,Severe tropical storm,2,0,195109,198666,0.1688,0.0601,0.0,32,0,0,0
Igme,2012,Ilocos Sur,PH012900000,Strong typhoon,3,14,151238,157043,0.1684,0.062,0.9286,79,0,13,1
Igme,2012,La Union,PH013300000,Strong typhoon,3,29,174096,180675,0.1948,0.1305,1.0,5527,4,29,0
Igme,2012,Misamis Oriental,PH104300000,Strong typhoon,3,2,353856,362194,0.4574,0.0805,1.0,0,0,2,0
Igme,2012,Quezon,PH045600000,Strong typhoon,3,0,475649,485673,0.3965,0.1048,0.0,0,1,0,0
Igme,2012,Zamboanga del Sur,PH097300000,Strong typhoon,3,0,399598,406810,0.6434,0.1327,0.0,0,3,0,0
Jelawat,2012,Palawan,PH175300000,Violent typhoon,5,0,255726,257321,0.6892,0.0904,0.0,273,0,0,0
Jelawat,2012,Zamboanga del Sur,PH097300000,Violent typhoon,5,0,399598,406810,0.6434,0.1327,0.0,7648,0,0,0
Son-Tinh,2012,Batangas,PH041000000,Very strong typhoon,4,130,597758,613825,0.1329,0.0416,0.8,2478,8,104,26
Son-Tinh,2012,Cebu,PH072200000,Very strong typhoon,4,0,1058512,1077180,0.395,0.0779,0.0,0,2,0,0
Son-Tinh,2012,Cotabato,PH124700000,Very strong typhoon,4,0,316177,320567,0.6216,0.1292,0.0,0,4,0,0
Son-Tinh,2012,Leyte,PH083700000,Very strong typhoon,4,0,451667,455889,0.5322,0.0808,0.0,2274,1,0,0
Son-Tinh,2012,Marinduque,PH174000000,Very strong typhoon,4,5,54341,54508,0.3564,0.0763,0.0,2236,2,0,5
Son-Tinh,2012,Masbate,PH054100000,Very strong typhoon,4,438,187299,188013,0.6686,0.1199,0.9384,4018,1,411,27
Son-Tinh,2012,Misamis Occidental,PH104200000,Very strong typhoon,4,0,133123,134870,0.6098,0.1669,0.0,3000,0,0,0
Son-Tinh,2012,Occidental Mindoro,PH175100000,Very strong typhoon,4,14,110275,111714,0.4695,0.0883,1.0,70,0,14,0
Son-Tinh,2012,Oriental Mindoro,PH175200000,Very strong typhoon,4,1770,188988,190763,0.4002,0.1714,0.9362,38972,3,1657,113
Son-Tinh,2012,Quezon,PH045600000,Very strong typhoon,4,203,475649,485673,0.3965,0.1048,0.8276,4294,0,168,35
Son-Tinh,2012,Romblon,PH175900000,Very strong typhoon,4,229,67971,68362,0.4938,0.1383,0.8777,5690,4,201,28
Son-Tinh,2012,Samar,PH086000000,Very strong typhoon,4,5,162886,165264,0.6584,0.116,0.6,6070,0,3,2
Son-Tinh,2012,Sarangani,PH128000000,Very strong typhoon,4,0,123260,124313,0.7269,0.1896,0.0,605,1,0,0
Son-Tinh,2012,Sorsogon,PH056200000,Very strong typhoon,4,0,166106,166842,0.5304,0.1066,0.0,0,1,0,0
Son-Tinh,2012,Southern Leyte,PH086400000,Very strong typhoon,4,0,92405,92836,0.4088,0.0588,0.0,1887,0,0,0
Son-Tinh,2012,Zamboanga Sibugay,PH098300000,Very strong typhoon,4,0,138746,140791,0.7758,0.1262,0.0,24555,0,0,0
Son-Tinh,2012,Zamboanga del Sur,PH097300000,Very strong typhoon,4,0,399598,406810,0.6434,0.1327,0.0,20247,0,0,0
Wukong,2012,Aklan,PH060400000,Tropical storm,1,1197,132784,133679,0.4936,0.0925,0.7627,55211,3,913,284
Wukong,2012,Albay,PH050500000,Tropical storm,1,0,275601,277091,0.3791,0.0926,0.0,14991,0,0,0
Wukong,2012,Camarines Norte,PH051600000,Tropical storm,1,0,128679,129994,0.4591,0.1341,0.0,330,0,0,0
Wukong,2012,Capiz,PH061900000,Tropical storm,1,155,178303,179983,0.5324,0.1154,0.7742,67502,2,120,35
Wukong,2012,Catanduanes,PH052000000,Tropical storm,1,0,53482,53814,0.4668,0.0861,0.0,0,1,0,0
Wukong,2012,Cebu,PH072200000,Tropical storm,1,86,1058512,1077180,0.395,0.0779,0.9302,415,0,80,6
Wukong,2012,Eastern Samar,PH082600000,Tropical storm,1,0,105653,106292,0.6288,0.1017,0.0,0,4,0,0
Wukong,2012,Iloilo,PH063000000,Tropical storm,1,4936,524258,530649,0.503,0.1004,0.6767,234106,12,3340,1596
Wukong,2012,Leyte,PH083700000,Tropical storm,1,13,451667,455889,0.5322,0.0808,1.0,2424,1,13,0
Wukong,2012,Negros Occidental,PH064500000,Tropical storm,1,66,690110,701650,0.5036,0.1468,0.8485,2224,0,56,10
Wukong,2012,Palawan,PH175300000,Tropical storm,1,0,255726,257321,0.6892,0.0904,0.0,90,0,0,0
Bising,2013,Agusan del Norte,PH160200000,Tropical depression,0,0,151197,153815,0.6199,0.1163,0.0,11470,0,0,0
Bising,2013,Agusan del Sur,PH160300000,Tropical depression,0,0,151934,153653,0.7653,0.2844,0.0,1014,0,0,0
Bising,2013,Davao de Oro,PH118200000,Tropical depression,0,0,167532,169441,0.5769,0.1876,0.0,300,0,0,0
Bising,2013,Sarangani,PH128000000,Tropical depression,0,0,123260,124313,0.7269,0.1896,0.0,90,0,0,0
Bising,2013,South Cotabato,PH126300000,Tropical depression,0,0,359332,362258,0.4419,0.0872,0.0,2805,0,0,0
Bising,2013,Surigao del Sur,PH166800000,Tropical depression,0,0,127802,129159,0.7409,0.1667,0.0,1122,0,0,0
Crising,2013,Agusan del Norte,PH160200000,Tropical storm,1,0,151197,153815,0.6199,0.1163,0.0,20300,0,0,0
Crising,2013,Agusan del Sur,PH160300000,Tropical storm,1,0,151934,153653,0.7653,0.2844,0.0,0,1,0,0
Crising,2013,Bohol,PH071200000,Tropical storm,1,0,286768,288515,0.4281,0.0975,0.0,3745,0,0,0
Crising,2013,Bukidnon,PH101300000,Tropical storm,1,0,305995,308727,0.5877,0.1965,0.0,8075,0,0,0
Crising,2013,Cotabato,PH124700000,Tropical storm,1,0,316177,320567,0.6216,0.1292,0.0,68343,0,0,0
Crising,2013,Davao Oriental,PH112500000,Tropical storm,1,0,126969,128558,0.6659,0.1668,0.0,34688,3,0,0
Crising,2013,Davao de Oro,PH118200000,Tropical storm,1,0,167532,169441,0.5769,0.1876,0.0,15050,2,0,0
Crising,2013,Davao del Norte,PH112300000,Tropical storm,1,0,230520,233232,0.4832,0.3523,0.0,163042,6,0,0
Crising,2013,Davao del Sur,PH112400000,Tropical storm,1,0,558091,568747,0.441,0.0982,0.0,7830,0,0,0
Crising,2013,Lanao del Norte,PH103500000,Tropical storm,1,0,201777,216943,0.575,0.168,0.0,369,0,0,0
Crising,2013,Leyte,PH083700000,Tropical storm,1,0,451667,455889,0.5322,0.0808,0.0,44,0,0,0
Crising,2013,Maguindanao,PH153800000,Tropical storm,1,0,190029,194507,0.7225,0.1764,0.0,27116,0,0,0
Crising,2013,Oriental Mindoro,PH175200000,Tropical storm,1,0,188988,190763,0.4002,0.1714,0.0,250,0,0,0
Crising,2013,Zamboanga del Norte,PH097200000,Tropical storm,1,0,223221,224828,0.7239,0.1934,0.0,11725,0,0,0
Haiyan,2013,Agusan del Norte,PH160200000,Violent typhoon,5,0,151197,153815,0.6199,0.1163,0.0,3439,0,0,0
Haiyan,2013,Agusan del Sur,PH160300000,Violent typhoon,5,42,151934,153653,0.7653,0.2844,0.9524,210,0,40,2
Haiyan,2013,Aklan,PH060400000,Violent typhoon,5,83899,132784,133679,0.4936,0.0925,0.586,535725,14,49161,34738
Haiyan,2013,Albay,PH050500000,Violent typhoon,5,150,275601,277091,0.3791,0.0926,0.5733,155972,1,86,64
Haiyan,2013,Antique,PH060600000,Violent typhoon,5,47064,128753,129771,0.5388,0.1886,0.6874,405397,13,32353,14711
Haiyan,2013,Batangas,PH041000000,Violent typhoon,5,798,597758,613825,0.1329,0.0416,0.9649,5298,1,770,28
Haiyan,2013,Biliran,PH087800000,Violent typhoon,5,20525,38105,38518,0.4685,0.0367,0.7348,187641,8,15081,5444
Haiyan,2013,Bohol,PH071200000,Violent typhoon,5,1969,286768,288515,0.4281,0.0975,0.8999,1046035,1,1772,197
Haiyan,2013,Bukidnon,PH101300000,Violent typhoon,5,0,305995,308727,0.5877,0.1965,0.0,157,0,0,0
Haiyan,2013,Camarines Norte,PH051600000,Violent typhoon,5,0,128679,129994,0.4591,0.1341,0.0,23083,1,0,0
Haiyan,2013,Camarines Sur,PH051700000,Violent typhoon,5,1311,396642,400615,0.478,0.102,0.8108,166327,0,1063,248
Haiyan,2013,Camiguin,PH101800000,Violent typhoon,5,17,20063,20080,0.4488,0.0257,0.8824,2750,0,15,2
Haiyan,2013,Capiz,PH061900000,Violent typhoon,5,130688,178303,179983,0.5324,0.1154,0.2951,719685,86,38570,92118
Haiyan,2013,Catanduanes,PH052000000,Violent typhoon,5,341,53482,53814,0.4668,0.0861,0.5073,68609,0,173,168
Haiyan,2013,Cavite,PH042100000,Violent typhoon,5,0,851871,877743,0.1109,0.0265,0.0,732,0,0,0
Haiyan,2013,Cebu,PH072200000,Violent typhoon,5,109195,1058512,1077180,0.395,0.0779,0.4268,3778881,73,46601,62594
Haiyan,2013,Davao Oriental,PH112500000,Violent typhoon,5,16,126969,128558,0.6659,0.1668,0.375,2605,0,6,10
Haiyan,2013,Davao de Oro,PH118200000,Violent typhoon,5,0,167532,169441,0.5769,0.1876,0.0,2380,0,0,0
Haiyan,2013,Davao del Sur,PH112400000,Violent typhoon,5,3,558091,568747,0.441,0.0982,0.6667,15,0,2,1
Haiyan,2013,Dinagat Islands,PH168500000,Violent typhoon,5,3767,27902,28557,0.5835,0.094,0.9039,24405,0,3405,362
Haiyan,2013,Eastern Samar,PH082600000,Violent typhoon,5,61741,105653,106292,0.6288,0.1017,0.504,497497,267,31116,30625
Haiyan,2013,Guimaras,PH067900000,Violent typhoon,5,301,40497,40575,0.5351,0.0539,0.8804,11593,0,265,36
Haiyan,2013,Iloilo,PH063000000,Violent typhoon,5,157429,524258,530649,0.503,0.1004,0.5275,1337714,179,83046,74383
Haiyan,2013,Laguna,PH043400000,Violent typhoon,5,38,731892,765513,0.1165,0.0428,0.9474,12058,0,36,2
Haiyan,2013,Lanao del Norte,PH103500000,Violent typhoon,5,0,201777,216943,0.575,0.168,0.0,898,0,0,0
Haiyan,2013,Leyte,PH083700000,Violent typhoon,5,381810,451667,455889,0.5322,0.0808,0.4723,2364023,5402,180346,201464
Haiyan,2013,Marinduque,PH174000000,Violent typhoon,5,163,54341,54508,0.3564,0.0763,0.9693,8499,0,158,5
Haiyan,2013,Masbate,PH054100000,Violent typhoon,5,8188,187299,188013,0.6686,0.1199,0.8214,104344,4,6726,1462
Haiyan,2013,Misamis Oriental,PH104300000,Violent typhoon,5,3,353856,362194,0.4574,0.0805,1.0,15787,0,3,0
Haiyan,2013,Negros Occidental,PH064500000,Violent typhoon,5,63068,690110,701650,0.5036,0.1468,0.7885,862914,2,49728,13340
Haiyan,2013,Negros Oriental,PH074600000,Violent typhoon,5,155,307894,310626,0.6078,0.1506,0.6839,1063015,0,106,49
Haiyan,2013,Northern Samar,PH084800000,Violent typhoon,5,0,124909,126619,0.6455,0.1373,0.0,683254,0,0,0
Haiyan,2013,Occidental Mindoro,PH175100000,Violent typhoon,5,3636,110275,111714,0.4695,0.0883,0.8201,45609,0,2982,654
Haiyan,2013,Oriental Mindoro,PH175200000,Violent typhoon,5,3584,188988,190763,0.4002,0.1714,0.7299,113041,0,2616,968
Haiyan,2013,Palawan,PH175300000,Violent typhoon,5,18761,255726,257321,0.6892,0.0904,0.4984,179708,19,9351,9410
Haiyan,2013,Quezon,PH045600000,Violent typhoon,5,4,475649,485673,0.3965,0.1048,0.0,8824,2,0,4
Haiyan,2013,Rizal,PH045800000,Violent typhoon,5,0,639940,652578,0.1486,0.052,0.0,164,0,0,0
Haiyan,2013,Romblon,PH175900000,Violent typhoon,5,7669,67971,68362,0.4938,0.1383,0.9252,119263,0,7095,574
Haiyan,2013,Samar,PH086000000,Violent typhoon,5,18315,162886,165264,0.6584,0.116,0.6678,821989,225,12231,6084
Haiyan,2013,Siquijor,PH076100000,Violent typhoon,5,0,22634,22737,0.4522,0.0506,0.0,22024,0,0,0
Haiyan,2013,Sorsogon,PH056200000,Violent typhoon,5,2422,166106,166842,0.5304,0.1066,0.9397,173685,0,2276,146
Haiyan,2013,Southern Leyte,PH086400000,Violent typhoon,5,10465,92405,92836,0.4088,0.0588,0.9108,461030,0,9532,933
Haiyan,2013,Surigao del Norte,PH166700000,Violent typhoon,5,2772,106660,108814,0.4934,0.0773,0.9791,25645,0,2714,58
Haiyan,2013,Surigao del Sur,PH166800000,Violent typhoon,5,123,127802,129159,0.7409,0.1667,0.6423,16257,1,79,44
Haiyan,2013,Zamboanga Sibugay,PH098300000,Violent typhoon,5,0,138746,140791,0.7758,0.1262,0.0,0,1,0,0
Kong-Rey,2013,Benguet,PH141100000,Severe tropical storm,2,0,193848,196825,0.0649,0.2411,0.0,10490,0,0,0
Kong-Rey,2013,Ilocos Norte,PH012800000,Severe tropical storm,2,0,131413,139336,0.1246,0.0415,0.0,4566,0,0,0
Kong-Rey,2013,Samar,PH086000000,Severe tropical storm,2,10,162886,165264,0.6584,0.116,1.0,2685,1,10,0
Krosa,2013,Abra,PH140100000,Strong typhoon,3,0,51593,52929,0.2792,0.338,0.0,10,1,0,0
Krosa,2013,Apayao,PH148100000,Strong typhoon,3,2779,25418,25560,0.4634,0.2828,0.8989,26737,1,2498,281
Krosa,2013,Cagayan,PH021500000,Strong typhoon,3,33658,267472,271967,0.2809,0.0237,0.8936,231634,1,30078,3580
Krosa,2013,Ilocos Norte,PH012800000,Strong typhoon,3,1086,131413,139336,0.1246,0.0415,0.9669,7311,1,1050,36
Krosa,2013,Isabela,PH023100000,Strong typhoon,3,0,365099,372950,0.2136,0.0305,0.0,77,0,0,0
Odette,2013,Antique,PH060600000,Violent typhoon,5,8,128753,129771,0.5388,0.1886,0.625,139,0,5,3
Odette,2013,Apayao,PH148100000,Violent typhoon,5,10,25418,25560,0.4634,0.2828,0.9,49,0,9,1
Odette,2013,Aurora,PH037700000,Violent typhoon,5,0,49066,49410,0.4004,0.0823,0.0,0,2,0,0
Odette,2013,Batanes,PH020900000,Violent typhoon,5,1568,4709,4761,0.1293,0.0515,0.889,14651,0,1394,174
Odette,2013,Batangas,PH041000000,Violent typhoon,5,0,597758,613825,0.1329,0.0416,0.0,0,1,0,0
Odette,2013,Benguet,PH141100000,Violent typhoon,5,0,193848,196825,0.0649,0.2411,0.0,72,0,0,0
Odette,2013,Cagayan,PH021500000,Violent typhoon,5,1589,267472,271967,0.2809,0.0237,0.7703,30575,0,1224,365
Odette,2013,Catanduanes,PH052000000,Violent typhoon,5,78,53482,53814,0.4668,0.0861,0.7949,411,0,62,16
Odette,2013,Guimaras,PH067900000,Violent typhoon,5,1,40497,40575,0.5351,0.0539,1.0,5,0,1,0
Odette,2013,Ifugao,PH142700000,Violent typhoon,5,29,43217,43281,0.4509,0.374,1.0,147,0,29,0
Odette,2013,Ilocos Norte,PH012800000,Violent typhoon,5,35,131413,139336,0.1246,0.0415,0.9429,24155,1,33,2
Odette,2013,Iloilo,PH063000000,Violent typhoon,5,5,524258,530649,0.503,0.1004,0.8,23,0,4,1
Odette,2013,Kalinga,PH143200000,Violent typhoon,5,78,41990,42115,0.3816,0.3494,1.0,358,0,78,0
Odette,2013,Mountain Province,PH144400000,Violent typhoon,5,4,34857,35038,0.2662,0.79,1.0,21,0,4,0
Odette,2013,Negros Occidental,PH064500000,Violent typhoon,5,17,690110,701650,0.5036,0.1468,0.6471,76,0,11,6
Odette,2013,Occidental Mindoro,PH175100000,Violent typhoon,5,41,110275,111714,0.4695,0.0883,0.561,8104,0,23,18
Odette,2013,Tarlac,PH036900000,Violent typhoon,5,0,306044,311994,0.1496,0.0144,0.0,341,0,0,0
Rumbia,2013,Albay,PH050500000,Severe tropical storm,2,0,275601,277091,0.3791,0.0926,0.0,1685,0,0,0
Rumbia,2013,Camarines Sur,PH051700000,Severe tropical storm,2,0,396642,400615,0.478,0.102,0.0,343,0,0,0
Rumbia,2013,Iloilo,PH063000000,Severe tropical storm,2,0,524258,530649,0.503,0.1004,0.0,15,7,0,0
Rumbia,2013,Leyte,PH083700000,Severe tropical storm,2,0,451667,455889,0.5322,0.0808,0.0,4081,0,0,0
Rumbia,2013,Oriental Mindoro,PH175200000,Severe tropical storm,2,0,188988,190763,0.4002,0.1714,0.0,54,0,0,0
Rumbia,2013,Quezon,PH045600000,Severe tropical storm,2,0,475649,485673,0.3965,0.1048,0.0,230,0,0,0
Rumbia,2013,Sorsogon,PH056200000,Severe tropical storm,2,0,166106,166842,0.5304,0.1066,0.0,10,0,0,0
Sonamu,2013,Davao de Oro,PH118200000,Severe tropical storm,2,0,167532,169441,0.5769,0.1876,0.0,556,0,0,0
Sonamu,2013,Davao del Norte,PH112300000,Severe tropical storm,2,0,230520,233232,0.4832,0.3523,0.0,7944,0,0,0
Sonamu,2013,Oriental Mindoro,PH175200000,Severe tropical storm,2,0,188988,190763,0.4002,0.1714,0.0,15,0,0,0
Sonamu,2013,Palawan,PH175300000,Severe tropical storm,2,179,255726,257321,0.6892,0.0904,0.6816,946,2,122,57
Sonamu,2013,Zamboanga del Norte,PH097200000,Severe tropical storm,2,6,223221,224828,0.7239,0.1934,0.0,1136,0,0,6
Utor,2013,Albay,PH050500000,Violent typhoon,5,0,275601,277091,0.3791,0.0926,0.0,814,0,0,0
Utor,2013,Aurora,PH037700000,Violent typhoon,5,11359,49066,49410,0.4004,0.0823,0.8355,61235,2,9491,1868
Utor,2013,Benguet,PH141100000,Violent typhoon,5,0,193848,196825,0.0649,0.2411,0.0,885,1,0,0
Utor,2013,Bulacan,PH031400000,Violent typhoon,5,1,741737,760964,0.0931,0.0168,0.0,29346,0,0,1
Utor,2013,Cebu,PH072200000,Violent typhoon,5,0,1058512,1077180,0.395,0.0779,0.0,0,2,0,0
Utor,2013,Ifugao,PH142700000,Violent typhoon,5,153,43217,43281,0.4509,0.374,0.9739,1053,0,149,4
Utor,2013,Isabela,PH023100000,Violent typhoon,5,197,365099,372950,0.2136,0.0305,0.9543,4061,1,188,9
Utor,2013,Kalinga,PH143200000,Violent typhoon,5,6,41990,42115,0.3816,0.3494,1.0,31,0,6,0
Utor,2013,La Union,PH013300000,Violent typhoon,5,4,174096,180675,0.1948,0.1305,0.5,2854,0,2,2
Utor,2013,Mountain Province,PH144400000,Violent typhoon,5,13,34857,35038,0.2662,0.79,1.0,54,0,13,0
Utor,2013,Nueva Ecija,PH034900000,Violent typhoon,5,0,488461,496977,0.1968,0.0238,0.0,39584,0,0,0
Utor,2013,Nueva Vizcaya,PH025000000,Violent typhoon,5,852,108828,111340,0.3194,0.2707,0.9061,43584,1,772,80
Utor,2013,Pampanga,PH035400000,Violent typhoon,5,9,561214,575301,0.0811,0.0175,0.6667,5772,0,6,3
Utor,2013,Pangasinan,PH015500000,Violent typhoon,5,26,654240,674575,0.244,0.0196,0.6923,18017,3,18,8
Utor,2013,Quezon,PH045600000,Violent typhoon,5,0,475649,485673,0.3965,0.1048,0.0,0,1,0,0
Utor,2013,Quirino,PH025700000,Violent typhoon,5,8200,43161,43506,0.344,0.1835,0.9283,114441,0,7612,588
Utor,2013,Sorsogon,PH056200000,Violent typhoon,5,7,166106,166842,0.5304,0.1066,0.0,42,0,0,7
Utor,2013,Zambales,PH037100000,Violent typhoon,5,370,195109,198666,0.1688,0.0601,0.9405,85720,0,348,22
Caloy,2014,Agusan del Sur,PH160300000,Tropical depression,0,0,151934,153653,0.7653,0.2844,0.0,1625,0,0,0
Caloy,2014,Davao de Oro,PH118200000,Tropical depression,0,0,167532,169441,0.5769,0.1876,0.0,170,0,0,0
Caloy,2014,Davao del Norte,PH112300000,Tropical depression,0,0,230520,233232,0.4832,0.3523,0.0,16765,0,0,0
Caloy,2014,Dinagat Islands,PH168500000,Tropical depression,0,0,27902,28557,0.5835,0.094,0.0,56,0,0,0
Caloy,2014,Southern Leyte,PH086400000,Tropical depression,0,0,92405,92836,0.4088,0.0588,0.0,713,0,0,0
Fung-Wong,2014,Abra,PH140100000,Tropical storm,1,1054,51593,52929,0.2792,0.338,0.9602,57877,0,1012,42
Fung-Wong,2014,Apayao,PH148100000,Tropical storm,1,41,25418,25560,0.4634,0.2828,1.0,165,0,41,0
Fung-Wong,2014,Bataan,PH030800000,Tropical storm,1,0,170152,173212,0.1275,0.0695,0.0,197,0,0,0
Fung-Wong,2014,Batangas,PH041000000,Tropical storm,1,1,597758,613825,0.1329,0.0416,0.0,440,0,0,1
Fung-Wong,2014,Benguet,PH141100000,Tropical storm,1,25,193848,196825,0.0649,0.2411,0.92,681,0,23,2
Fung-Wong,2014,Bulacan,PH031400000,Tropical storm,1,31,741737,760964,0.0931,0.0168,0.7742,231922,0,24,7
Fung-Wong,2014,Cagayan,PH021500000,Tropical storm,1,0,267472,271967,0.2809,0.0237,0.0,117,0,0,0
Fung-Wong,2014,Camarines Norte,PH051600000,Tropical storm,1,0,128679,129994,0.4591,0.1341,0.0,2050,0,0,0
Fung-Wong,2014,Camarines Sur,PH051700000,Tropical storm,1,1,396642,400615,0.478,0.102,0.0,428122,2,0,1
Fung-Wong,2014,Cavite,PH042100000,Tropical storm,1,0,851871,877743,0.1109,0.0265,0.0,2563,1,0,0
Fung-Wong,2014,Cebu,PH072200000,Tropical storm,1,0,1058512,1077180,0.395,0.0779,0.0,416885,0,0,0
Fung-Wong,2014,Ifugao,PH142700000,Tropical storm,1,147,43217,43281,0.4509,0.374,0.9388,599,0,138,9
Fung-Wong,2014,Ilocos Norte,PH012800000,Tropical storm,1,1346,131413,139336,0.1246,0.0415,0.867,48471,0,1167,179
Fung-Wong,2014,Ilocos Sur,PH012900000,Tropical storm,1,6472,151238,157043,0.1684,0.062,0.7098,218004,1,4594,1878
Fung-Wong,2014,Isabela,PH023100000,Tropical storm,1,0,365099,372950,0.2136,0.0305,0.0,435,0,0,0
Fung-Wong,2014,Kalinga,PH143200000,Tropical storm,1,50,41990,42115,0.3816,0.3494,0.92,153,0,46,4
Fung-Wong,2014,La Union,PH013300000,Tropical storm,1,1957,174096,180675,0.1948,0.1305,0.9581,72229,3,1875,82
Fung-Wong,2014,Laguna,PH043400000,Tropical storm,1,0,731892,765513,0.1165,0.0428,0.0,30331,1,0,0
Fung-Wong,2014,Metro Manila,PH137600000,Tropical storm,1,0,2558664,2660330,0.1101,0.0268,0.0,94957,7,0,0
Fung-Wong,2014,Mountain Province,PH144400000,Tropical storm,1,21,34857,35038,0.2662,0.79,0.5714,85,0,12,9
Fung-Wong,2014,Nueva Ecija,PH034900000,Tropical storm,1,0,488461,496977,0.1968,0.0238,0.0,27707,0,0,0
Fung-Wong,2014,Nueva Vizcaya,PH025000000,Tropical storm,1,265,108828,111340,0.3194,0.2707,0.9472,1440,0,251,14
Fung-Wong,2014,Occidental Mindoro,PH175100000,Tropical storm,1,4,110275,111714,0.4695,0.0883,0.25,7899,1,1,3
Fung-Wong,2014,Pampanga,PH035400000,Tropical storm,1,6,561214,575301,0.0811,0.0175,0.8333,54315,0,5,1
Fung-Wong,2014,Pangasinan,PH015500000,Tropical storm,1,151,654240,674575,0.244,0.0196,0.9205,230270,0,139,12
Fung-Wong,2014,Rizal,PH045800000,Tropical storm,1,7,639940,652578,0.1486,0.052,0.2857,81667,2,2,5
Fung-Wong,2014,Tarlac,PH036900000,Tropical storm,1,0,306044,311994,0.1496,0.0144,0.0,41673,0,0,0
Fung-Wong,2014,Zambales,PH037100000,Tropical storm,1,12,195109,198666,0.1688,0.0601,0.4167,1999,0,5,7
Hagupit,2014,Agusan del Norte,PH160200000,Violent typhoon,5,0,151197,153815,0.6199,0.1163,0.0,9131,0,0,0
Hagupit,2014,Agusan del Sur,PH160300000,Violent typhoon,5,0,151934,153653,0.7653,0.2844,0.0,1610,0,0,0
Hagupit,2014,Aklan,PH060400000,Violent typhoon,5,6,132784,133679,0.4936,0.0925,1.0,75241,0,6,0
Hagupit,2014,Albay,PH050500000,Violent typhoon,5,18,275601,277091,0.3791,0.0926,1.0,401878,0,18,0
Hagupit,2014,Antique,PH060600000,Violent typhoon,5,0,128753,129771,0.5388,0.1886,0.0,74347,0,0,0
Hagupit,2014,Bataan,PH030800000,Violent typhoon,5,0,170152,173212,0.1275,0.0695,0.0,1899,0,0,0
Hagupit,2014,Batangas,PH041000000,Violent typhoon,5,0,597758,613825,0.1329,0.0416,0.0,10849,1,0,0
Hagupit,2014,Biliran,PH087800000,Violent typhoon,5,2056,38105,38518,0.4685,0.0367,0.9358,46831,2,1924,132
Hagupit,2014,Bohol,PH071200000,Violent typhoon,5,0,286768,288515,0.4281,0.0975,0.0,26330,0,0,0
Hagupit,2014,Camarines Norte,PH051600000,Violent typhoon,5,2,128679,129994,0.4591,0.1341,0.0,36861,0,0,2
Hagupit,2014,Camarines Sur,PH051700000,Violent typhoon,5,3275,396642,400615,0.478,0.102,0.9511,219253,0,3115,160
Hagupit,2014,Capiz,PH061900000,Violent typhoon,5,1030,178303,179983,0.5324,0.1154,0.9961,89305,0,1026,4
Hagupit,2014,Catanduanes,PH052000000,Violent typhoon,5,29,53482,53814,0.4668,0.0861,0.8966,59752,0,26,3
Hagupit,2014,Cavite,PH042100000,Violent typhoon,5,0,851871,877743,0.1109,0.0265,0.0,21679,0,0,0
Hagupit,2014,Cebu,PH072200000,Violent typhoon,5,3071,1058512,1077180,0.395,0.0779,0.8828,125315,1,2711,360
Hagupit,2014,Dinagat Islands,PH168500000,Violent typhoon,5,0,27902,28557,0.5835,0.094,0.0,24069,0,0,0
Hagupit,2014,Eastern Samar,PH082600000,Violent typhoon,5,79590,105653,106292,0.6288,0.1017,0.7544,605040,8,60041,19549
Hagupit,2014,Guimaras,PH067900000,Violent typhoon,5,0,40497,40575,0.5351,0.0539,0.0,4638,0,0,0
Hagupit,2014,Iloilo,PH063000000,Violent typhoon,5,1321,524258,530649,0.503,0.1004,0.841,132525,0,1111,210
Hagupit,2014,Laguna,PH043400000,Violent typhoon,5,1,731892,765513,0.1165,0.0428,0.0,8910,0,0,1
Hagupit,2014,Leyte,PH083700000,Violent typhoon,5,24343,451667,455889,0.5322,0.0808,0.9477,420909,2,23071,1272
Hagupit,2014,Marinduque,PH174000000,Violent typhoon,5,0,54341,54508,0.3564,0.0763,0.0,12950,0,0,0
Hagupit,2014,Masbate,PH054100000,Violent typhoon,5,17638,187299,188013,0.6686,0.1199,0.9421,267980,0,16616,1022
Hagupit,2014,Metro Manila,PH137600000,Violent typhoon,5,0,2558664,2660330,0.1101,0.0268,0.0,25040,0,0,0
Hagupit,2014,Negros Occidental,PH064500000,Violent typhoon,5,0,690110,701650,0.5036,0.1468,0.0,84888,0,0,0
Hagupit,2014,Negros Oriental,PH074600000,Violent typhoon,5,0,307894,310626,0.6078,0.1506,0.0,22635,0,0,0
Hagupit,2014,Northern Samar,PH084800000,Violent typhoon,5,63367,124909,126619,0.6455,0.1373,0.8915,473759,0,56490,6877
Hagupit,2014,Occidental Mindoro,PH175100000,Violent typhoon,5,0,110275,111714,0.4695,0.0883,0.0,40044,0,0,0
Hagupit,2014,Oriental Mindoro,PH175200000,Violent typhoon,5,0,188988,190763,0.4002,0.1714,0.0,74590,1,0,0
Hagupit,2014,Palawan,PH175300000,Violent typhoon,5,0,255726,257321,0.6892,0.0904,0.0,46717,0,0,0
Hagupit,2014,Quezon,PH045600000,Violent typhoon,5,21,475649,485673,0.3965,0.1048,0.8095,89890,1,17,4
Hagupit,2014,Rizal,PH045800000,Violent typhoon,5,0,639940,652578,0.1486,0.052,0.0,688,0,0,0
Hagupit,2014,Romblon,PH175900000,Violent typhoon,5,265,67971,68362,0.4938,0.1383,0.9245,73595,0,245,20
Hagupit,2014,Samar,PH086000000,Violent typhoon,5,88397,162886,165264,0.6584,0.116,0.8567,371806,8,75731,12666
Hagupit,2014,Siquijor,PH076100000,Violent typhoon,5,0,22634,22737,0.4522,0.0506,0.0,223,0,0,0
Hagupit,2014,Sorsogon,PH056200000,Violent typhoon,5,7346,166106,166842,0.5304,0.1066,0.9592,198576,0,7046,300
Hagupit,2014,Southern Leyte,PH086400000,Violent typhoon,5,51,92405,92836,0.4088,0.0588,0.902,103192,0,46,5
Hagupit,2014,Surigao del Norte,PH166700000,Violent typhoon,5,240,106660,108814,0.4934,0.0773,0.8042,59595,0,193,47
Hagupit,2014,Surigao del Sur,PH166800000,Violent typhoon,5,0,127802,129159,0.7409,0.1667,0.0,21137,0,0,0
Jangmi,2014,Agusan del Norte,PH160200000,Tropical storm,1,3,151197,153815,0.6199,0.1163,0.0,48095,2,0,3
Jangmi,2014,Agusan del Sur,PH160300000,Tropical storm,1,18,151934,153653,0.7653,0.2844,0.6667,20961,2,12,6
Jangmi,2014,Antique,PH060600000,Tropical storm,1,6,128753,129771,0.5388,0.1886,0.6667,98,1,4,2
Jangmi,2014,Bohol,PH071200000,Tropical storm,1,436,286768,288515,0.4281,0.0975,0.7385,21694,5,322,114
Jangmi,2014,Bukidnon,PH101300000,Tropical storm,1,151,305995,308727,0.5877,0.1965,0.894,7347,3,135,16
Jangmi,2014,Camiguin,PH101800000,Tropical storm,1,15,20063,20080,0.4488,0.0257,1.0,344,0,15,0
Jangmi,2014,Capiz,PH061900000,Tropical storm,1,0,178303,179983,0.5324,0.1154,0.0,1650,0,0,0
Jangmi,2014,Cebu,PH072200000,Tropical storm,1,397,1058512,1077180,0.395,0.0779,0.5768,44247,16,229,168
Jangmi,2014,Davao Oriental,PH112500000,Tropical storm,1,0,126969,128558,0.6659,0.1668,0.0,80,0,0,0
Jangmi,2014,Davao de Oro,PH118200000,Tropical storm,1,13,167532,169441,0.5769,0.1876,0.9231,10180,2,12,1
Jangmi,2014,Davao del Norte,PH112300000,Tropical storm,1,0,230520,233232,0.4832,0.3523,0.0,1064,0,0,0
Jangmi,2014,Dinagat Islands,PH168500000,Tropical storm,1,22,27902,28557,0.5835,0.094,0.9545,3149,0,21,1
Jangmi,2014,Eastern Samar,PH082600000,Tropical storm,1,43,105653,106292,0.6288,0.1017,0.6047,0,0,26,17
Jangmi,2014,Lanao del Norte,PH103500000,Tropical storm,1,0,201777,216943,0.575,0.168,0.0,451,0,0,0
Jangmi,2014,Leyte,PH083700000,Tropical storm,1,1209,451667,455889,0.5322,0.0808,0.9826,231734,12,1188,21
Jangmi,2014,Misamis Oriental,PH104300000,Tropical storm,1,266,353856,362194,0.4574,0.0805,0.485,61187,1,129,137
Jangmi,2014,Negros Occidental,PH064500000,Tropical storm,1,100,690110,701650,0.5036,0.1468,0.87,48719,2,87,13
Jangmi,2014,Palawan,PH175300000,Tropical storm,1,0,255726,257321,0.6892,0.0904,0.0,2138,0,0,0
Jangmi,2014,Samar,PH086000000,Tropical storm,1,198,162886,165264,0.6584,0.116,0.8687,30207,20,172,26
Jangmi,2014,Siquijor,PH076100000,Tropical storm,1,0,22634,22737,0.4522,0.0506,0.0,54,0,0,0
Jangmi,2014,Southern Leyte,PH086400000,Tropical storm,1,0,92405,92836,0.4088,0.0588,0.0,128,0,0,0
Jangmi,2014,Surigao del Norte,PH166700000,Tropical storm,1,0,106660,108814,0.4934,0.0773,0.0,4300,0,0,0
Jangmi,2014,Surigao del Sur,PH166800000,Tropical storm,1,455,127802,129159,0.7409,0.1667,0.8484,64390,0,386,69
Jangmi,2014,Zamboanga del Sur,PH097300000,Tropical storm,1,81,399598,406810,0.6434,0.1327,0.2593,410,0,21,60
Kajiki,2014,Agusan del Norte,PH160200000,Tropical storm,1,7,151197,153815,0.6199,0.1163,0.7143,31,0,5,2
Kajiki,2014,Antique,PH060600000,Tropical storm,1,0,128753,129771,0.5388,0.1886,0.0,255,0,0,0
Kajiki,2014,Biliran,PH087800000,Tropical storm,1,0,38105,38518,0.4685,0.0367,0.0,390,0,0,0
Kajiki,2014,Cebu,PH072200000,Tropical storm,1,361,1058512,1077180,0.395,0.0779,0.9252,7096,5,334,27
Kajiki,2014,Dinagat Islands,PH168500000,Tropical storm,1,2,27902,28557,0.5835,0.094,0.0,11991,0,0,2
Kajiki,2014,Leyte,PH083700000,Tropical storm,1,0,451667,455889,0.5322,0.0808,0.0,9580,0,0,0
Kajiki,2014,Negros Occidental,PH064500000,Tropical storm,1,57,690110,701650,0.5036,0.1468,0.9649,3812,0,55,2
Kajiki,2014,Southern Leyte,PH086400000,Tropical storm,1,0,92405,92836,0.4088,0.0588,0.0,5399,1,0,0
Kajiki,2014,Surigao del Norte,PH166700000,Tropical storm,1,0,106660,108814,0.4934,0.0773,0.0,9186,0,0,0
Lingling,2014,Agusan del Norte,PH160200000,Tropical storm,1,175,151197,153815,0.6199,0.1163,0.64,160152,9,112,63
Lingling,2014,Agusan del Sur,PH160300000,Tropical storm,1,166,151934,153653,0.7653,0.2844,0.5241,176705,14,87,79
Lingling,2014,Bukidnon,PH101300000,Tropical storm,1,3,305995,308727,0.5877,0.1965,0.0,3934,0,0,3
Lingling,2014,Camarines Sur,PH051700000,Tropical storm,1,99,396642,400615,0.478,0.102,0.8788,0,0,87,12
Lingling,2014,Camiguin,PH101800000,Tropical storm,1,1,20063,20080,0.4488,0.0257,1.0,34500,0,1,0
Lingling,2014,Cotabato,PH124700000,Tropical storm,1,0,316177,320567,0.6216,0.1292,0.0,13225,0,0,0
Lingling,2014,Davao Oriental,PH112500000,Tropical storm,1,1480,126969,128558,0.6659,0.1668,0.3865,236030,10,572,908
Lingling,2014,Davao de Oro,PH118200000,Tropical storm,1,27,167532,169441,0.5769,0.1876,0.2222,115900,11,6,21
Lingling,2014,Davao del Norte,PH112300000,Tropical storm,1,0,230520,233232,0.4832,0.3523,0.0,98361,3,0,0
Lingling,2014,Davao del Sur,PH112400000,Tropical storm,1,0,558091,568747,0.441,0.0982,0.0,163,0,0,0
Lingling,2014,Dinagat Islands,PH168500000,Tropical storm,1,22,27902,28557,0.5835,0.094,1.0,12000,6,22,0
Lingling,2014,Lanao del Norte,PH103500000,Tropical storm,1,958,201777,216943,0.575,0.168,0.7067,30231,0,677,281
Lingling,2014,Maguindanao,PH153800000,Tropical storm,1,0,190029,194507,0.7225,0.1764,0.0,13435,0,0,0
Lingling,2014,Misamis Occidental,PH104200000,Tropical storm,1,5,133123,134870,0.6098,0.1669,0.0,694,3,0,5
Lingling,2014,Misamis Oriental,PH104300000,Tropical storm,1,256,353856,362194,0.4574,0.0805,0.8203,36631,8,210,46
Lingling,2014,Sorsogon,PH056200000,Tropical storm,1,1,166106,166842,0.5304,0.1066,1.0,0,0,1,0
Lingling,2014,Surigao del Norte,PH166700000,Tropical storm,1,181,106660,108814,0.4934,0.0773,0.1768,51842,3,32,149
Lingling,2014,Surigao del Sur,PH166800000,Tropical storm,1,657,127802,129159,0.7409,0.1667,0.7915,108595,2,520,137
Lingling,2014,Zamboanga del Norte,PH097200000,Tropical storm,1,0,223221,224828,0.7239,0.1934,0.0,0,1,0,0
Luis,2014,Apayao,PH148100000,Strong typhoon,3,334,25418,25560,0.4634,0.2828,0.985,1955,0,329,5
Luis,2014,Aurora,PH037700000,Strong typhoon,3,0,49066,49410,0.4004,0.0823,0.0,120,0,0,0
Luis,2014,Bataan,PH030800000,Strong typhoon,3,0,170152,173212,0.1275,0.0695,0.0,37,0,0,0
Luis,2014,Benguet,PH141100000,Strong typhoon,3,17,193848,196825,0.0649,0.2411,0.9412,285,0,16,1
Luis,2014,Bulacan,PH031400000,Strong typhoon,3,0,741737,760964,0.0931,0.0168,0.0,31382,0,0,0
Luis,2014,Cagayan,PH021500000,Strong typhoon,3,1593,267472,271967,0.2809,0.0237,0.9322,34343,1,1485,108
Luis,2014,Ilocos Norte,PH012800000,Strong typhoon,3,22,131413,139336,0.1246,0.0415,1.0,147,0,22,0
Luis,2014,Isabela,PH023100000,Strong typhoon,3,5,365099,372950,0.2136,0.0305,1.0,5112,0,5,0
Luis,2014,Kalinga,PH143200000,Strong typhoon,3,102,41990,42115,0.3816,0.3494,0.9706,11406,0,99,3
Luis,2014,La Union,PH013300000,Strong typhoon,3,41,174096,180675,0.1948,0.1305,0.9512,11826,0,39,2
Luis,2014,Metro Manila,PH137600000,Strong typhoon,3,0,2558664,2660330,0.1101,0.0268,0.0,9799,0,0,0
Luis,2014,Mountain Province,PH144400000,Strong typhoon,3,0,34857,35038,0.2662,0.79,0.0,482,0,0,0
Luis,2014,Negros Occidental,PH064500000,Strong typhoon,3,0,690110,701650,0.5036,0.1468,0.0,448,0,0,0
Luis,2014,Nueva Ecija,PH034900000,Strong typhoon,3,0,488461,496977,0.1968,0.0238,0.0,31051,0,0,0
Luis,2014,Nueva Vizcaya,PH025000000,Strong typhoon,3,16,108828,111340,0.3194,0.2707,0.625,181,1,10,6
Luis,2014,Pampanga,PH035400000,Strong typhoon,3,8,561214,575301,0.0811,0.0175,0.0,27347,0,0,8
Luis,2014,Pangasinan,PH015500000,Strong typhoon,3,179,654240,674575,0.244,0.0196,0.6704,294971,3,120,59
Luis,2014,Rizal,PH045800000,Strong typhoon,3,0,639940,652578,0.1486,0.052,0.0,6709,0,0,0
Luis,2014,Tarlac,PH036900000,Strong typhoon,3,0,306044,311994,0.1496,0.0144,0.0,38925,0,0,0
Luis,2014,Zambales,PH037100000,Strong typhoon,3,22,195109,198666,0.1688,0.0601,0.9091,1841,0,20,2
Matmo,2014,Misamis Oriental,PH104300000,Strong typhoon,3,127,353856,362194,0.4574,0.0805,0.9134,0,0,116,11
Matmo,2014,Negros Occidental,PH064500000,Strong typhoon,3,186,690110,701650,0.5036,0.1468,0.8065,785,0,150,36
Matmo,2014,Occidental Mindoro,PH175100000,Strong typhoon,3,0,110275,111714,0.4695,0.0883,0.0,46,0,0,0
Rammasun,2014,Albay,PH050500000,Very strong typhoon,4,24695,275601,277091,0.3791,0.0926,0.8066,505327,0,19920,4775
Rammasun,2014,Aurora,PH037700000,Very strong typhoon,4,0,49066,49410,0.4004,0.0823,0.0,189,0,0,0
Rammasun,2014,Bataan,PH030800000,Very strong typhoon,4,3749,170152,173212,0.1275,0.0695,0.8632,182641,3,3236,513
Rammasun,2014,Batangas,PH041000000,Very strong typhoon,4,72676,597758,613825,0.1329,0.0416,0.9281,251942,13,67449,5227
Rammasun,2014,Biliran,PH087800000,Very strong typhoon,4,0,38105,38518,0.4685,0.0367,0.0,0,1,0,0
Rammasun,2014,Bulacan,PH031400000,Very strong typhoon,4,221,741737,760964,0.0931,0.0168,0.8145,18562,1,180,41
Rammasun,2014,Camarines Norte,PH051600000,Very strong typhoon,4,12786,128679,129994,0.4591,0.1341,0.8735,116504,0,11169,1617
Rammasun,2014,Camarines Sur,PH051700000,Very strong typhoon,4,153525,396642,400615,0.478,0.102,0.8066,920408,4,123837,29688
Rammasun,2014,Catanduanes,PH052000000,Very strong typhoon,4,961,53482,53814,0.4668,0.0861,0.898,20251,0,863,98
Rammasun,2014,Cavite,PH042100000,Very strong typhoon,4,42271,851871,877743,0.1109,0.0265,0.8545,271939,8,36121,6150
Rammasun,2014,Eastern Samar,PH082600000,Very strong typhoon,4,3377,105653,106292,0.6288,0.1017,0.9289,36240,0,3137,240
Rammasun,2014,Ilocos Norte,PH012800000,Very strong typhoon,4,5,131413,139336,0.1246,0.0415,0.4,14,0,2,3
Rammasun,2014,Iloilo,PH063000000,Very strong typhoon,4,0,524258,530649,0.503,0.1004,0.0,0,1,0,0
Rammasun,2014,Laguna,PH043400000,Very strong typhoon,4,63060,731892,765513,0.1165,0.0428,0.7845,322405,21,49468,13592
Rammasun,2014,Leyte,PH083700000,Very strong typhoon,4,0,451667,455889,0.5322,0.0808,0.0,4472,0,0,0
Rammasun,2014,Marinduque,PH174000000,Very strong typhoon,4,1070,54341,54508,0.3564,0.0763,0.9636,4733,5,1031,39
Rammasun,2014,Masbate,PH054100000,Very strong typhoon,4,1562,187299,188013,0.6686,0.1199,0.8188,59897,0,1279,283
Rammasun,2014,Metro Manila,PH137600000,Very strong typhoon,4,142,2558664,2660330,0.1101,0.0268,0.669,26508,2,95,47
Rammasun,2014,Northern Samar,PH084800000,Very strong typhoon,4,46372,124909,126619,0.6455,0.1373,0.8575,350293,4,39764,6608
Rammasun,2014,Occidental Mindoro,PH175100000,Very strong typhoon,4,5539,110275,111714,0.4695,0.0883,0.9899,26855,1,5483,56
Rammasun,2014,Oriental Mindoro,PH175200000,Very strong typhoon,4,417,188988,190763,0.4002,0.1714,0.9281,1975,1,387,30
Rammasun,2014,Pampanga,PH035400000,Very strong typhoon,4,57,561214,575301,0.0811,0.0175,0.8772,4499,3,50,7
Rammasun,2014,Pangasinan,PH015500000,Very strong typhoon,4,0,654240,674575,0.244,0.0196,0.0,293,0,0,0
Rammasun,2014,Quezon,PH045600000,Very strong typhoon,4,144659,475649,485673,0.3965,0.1048,0.7601,646830,29,109957,34702
Rammasun,2014,Rizal,PH045800000,Very strong typhoon,4,4135,639940,652578,0.1486,0.052,0.8527,106517,3,3526,609
Rammasun,2014,Romblon,PH175900000,Very strong typhoon,4,224,67971,68362,0.4938,0.1383,0.9286,453,0,208,16
Rammasun,2014,Samar,PH086000000,Very strong typhoon,4,21878,162886,165264,0.6584,0.116,0.8835,155681,2,19330,2548
Rammasun,2014,Sorsogon,PH056200000,Very strong typhoon,4,29213,166106,166842,0.5304,0.1066,0.8289,602778,3,24216,4997
Rammasun,2014,Tarlac,PH036900000,Very strong typhoon,4,1,306044,311994,0.1496,0.0144,0.0,624,0,0,1
Rammasun,2014,Zambales,PH037100000,Very strong typhoon,4,1085,195109,198666,0.1688,0.0601,0.8341,14886,1,905,180
Sinlaku,2014,Bohol,PH071200000,Tropical storm,1,913,286768,288515,0.4281,0.0975,0.8543,5064,1,780,133
Sinlaku,2014,Cebu,PH072200000,Tropical storm,1,91,1058512,1077180,0.395,0.0779,0.978,1038,2,89,2
Sinlaku,2014,Davao del Sur,PH112400000,Tropical storm,1,0,558091,568747,0.441,0.0982,0.0,3,0,0,0
Sinlaku,2014,Dinagat Islands,PH168500000,Tropical storm,1,0,27902,28557,0.5835,0.094,0.0,869,0,0,0
Sinlaku,2014,Misamis Oriental,PH104300000,Tropical storm,1,0,353856,362194,0.4574,0.0805,0.0,869,0,0,0
Sinlaku,2014,Negros Occidental,PH064500000,Tropical storm,1,400,690110,701650,0.5036,0.1468,0.75,1725,0,300,100
Sinlaku,2014,Negros Oriental,PH074600000,Tropical storm,1,104,307894,310626,0.6078,0.1506,0.8365,1086,0,87,17
Sinlaku,2014,Palawan,PH175300000,Tropical storm,1,2086,255726,257321,0.6892,0.0904,0.9564,34640,0,1995,91
Sinlaku,2014,Southern Leyte,PH086400000,Tropical storm,1,0,92405,92836,0.4088,0.0588,0.0,36,0,0,0
Sinlaku,2014,Surigao del Norte,PH166700000,Tropical storm,1,146,106660,108814,0.4934,0.0773,1.0,1300,0,146,0
Sinlaku,2014,Surigao del Sur,PH166800000,Tropical storm,1,2,127802,129159,0.7409,0.1667,1.0,219,0,2,0
Ineng,2015,Abra,PH140100000,Very strong typhoon,4,5,51593,52929,0.2792,0.338,0.8,90951,1,4,1
Ineng,2015,Apayao,PH148100000,Very strong typhoon,4,118,25418,25560,0.4634,0.2828,0.9915,10241,0,117,1
Ineng,2015,Bataan,PH030800000,Very strong typhoon,4,0,170152,173212,0.1275,0.0695,0.0,0,0,0,0
Ineng,2015,Batanes,PH020900000,Very strong typhoon,4,203,4709,4761,0.1293,0.0515,0.7833,1387,0,159,44
Ineng,2015,Benguet,PH141100000,Very strong typhoon,4,170,193848,196825,0.0649,0.2411,0.9176,26310,21,156,14
Ineng,2015,Bulacan,PH031400000,Very strong typhoon,4,0,741737,760964,0.0931,0.0168,0.0,76,0,0,0
Ineng,2015,Cagayan,PH021500000,Very strong typhoon,4,4565,267472,271967,0.2809,0.0237,0.9866,94226,1,4504,61
Ineng,2015,Guimaras,PH067900000,Very strong typhoon,4,0,40497,40575,0.5351,0.0539,0.0,0,0,0,0
Ineng,2015,Ilocos Norte,PH012800000,Very strong typhoon,4,259,131413,139336,0.1246,0.0415,0.9228,81664,1,239,20
Ineng,2015,Ilocos Sur,PH012900000,Very strong typhoon,4,115,151238,157043,0.1684,0.062,0.8261,70876,1,95,20
Ineng,2015,Kalinga,PH143200000,Very strong typhoon,4,164,41990,42115,0.3816,0.3494,0.8902,16676,1,146,18
Ineng,2015,La Union,PH013300000,Very strong typhoon,4,11,174096,180675,0.1948,0.1305,1.0,2976,1,11,0
Ineng,2015,Laguna,PH043400000,Very strong typhoon,4,58,731892,765513,0.1165,0.0428,1.0,461,0,58,0
Ineng,2015,Metro Manila,PH137600000,Very strong typhoon,4,0,2558664,2660330,0.1101,0.0268,0.0,0,0,0,0
Ineng,2015,Mountain Province,PH144400000,Very strong typhoon,4,38,34857,35038,0.2662,0.79,0.8684,1163,4,33,5
Ineng,2015,Nueva Ecija,PH034900000,Very strong typhoon,4,10,488461,496977,0.1968,0.0238,0.6,37,0,6,4
Ineng,2015,Nueva Vizcaya,PH025000000,Very strong typhoon,4,20,108828,111340,0.3194,0.2707,1.0,95,0,20,0
Ineng,2015,Oriental Mindoro,PH175200000,Very strong typhoon,4,0,188988,190763,0.4002,0.1714,0.0,15,0,0,0
Ineng,2015,Palawan,PH175300000,Very strong typhoon,4,0,255726,257321,0.6892,0.0904,0.0,0,0,0,0
Ineng,2015,Pampanga,PH035400000,Very strong typhoon,4,0,561214,575301,0.0811,0.0175,0.0,0,0,0,0
Ineng,2015,Pangasinan,PH015500000,Very strong typhoon,4,0,654240,674575,0.244,0.0196,0.0,0,0,0,0
Ineng,2015,Zambales,PH037100000,Very strong typhoon,4,6,195109,198666,0.1688,0.0601,1.0,0,2,6,0
Koppu,2015,Abra,PH140100000,Very strong typhoon,4,14,51593,52929,0.2792,0.338,0.9286,7666,1,13,1
Koppu,2015,Apayao,PH148100000,Very strong typhoon,4,162,25418,25560,0.4634,0.2828,0.9383,1046,0,152,10
Koppu,2015,Aurora,PH037700000,Very strong typhoon,4,22991,49066,49410,0.4004,0.0823,0.8828,109669,2,20296,2695
Koppu,2015,Bataan,PH030800000,Very strong typhoon,4,31,170152,173212,0.1275,0.0695,0.3548,15949,0,11,20
Koppu,2015,Batanes,PH020900000,Very strong typhoon,4,374,4709,4761,0.1293,0.0515,1.0,3034,0,374,0
Koppu,2015,Benguet,PH141100000,Very strong typhoon,4,989,193848,196825,0.0649,0.2411,0.8716,8018,18,862,127
Koppu,2015,Bulacan,PH031400000,Very strong typhoon,4,115,741737,760964,0.0931,0.0168,0.9739,299297,1,112,3
Koppu,2015,Cagayan,PH021500000,Very strong typhoon,4,28,267472,271967,0.2809,0.0237,0.8571,151879,1,24,4
Koppu,2015,Camarines Norte,PH051600000,Very strong typhoon,4,0,128679,129994,0.4591,0.1341,0.0,218,0,0,0
Koppu,2015,Catanduanes,PH052000000,Very strong typhoon,4,0,53482,53814,0.4668,0.0861,0.0,9,0,0,0
Koppu,2015,Cavite,PH042100000,Very strong typhoon,4,0,851871,877743,0.1109,0.0265,0.0,222,1,0,0
Koppu,2015,Ifugao,PH142700000,Very strong typhoon,4,542,43217,43281,0.4509,0.374,0.9207,2602,3,499,43
Koppu,2015,Ilocos Norte,PH012800000,Very strong typhoon,4,85,131413,139336,0.1246,0.0415,0.7294,5182,0,62,23
Koppu,2015,Ilocos Sur,PH012900000,Very strong typhoon,4,496,151238,157043,0.1684,0.062,0.9073,28905,0,450,46
Koppu,2015,Isabela,PH023100000,Very strong typhoon,4,1519,365099,372950,0.2136,0.0305,0.5918,151798,4,899,620
Koppu,2015,Kalinga,PH143200000,Very strong typhoon,4,498,41990,42115,0.3816,0.3494,0.9659,8116,0,481,17
Koppu,2015,La Union,PH013300000,Very strong typhoon,4,8950,174096,180675,0.1948,0.1305,0.9527,99874,1,8527,423
Koppu,2015,Laguna,PH043400000,Very strong typhoon,4,0,731892,765513,0.1165,0.0428,0.0,47,1,0,0
Koppu,2015,Metro Manila,PH137600000,Very strong typhoon,4,0,2558664,2660330,0.1101,0.0268,0.0,6696,2,0,0
Koppu,2015,Mountain Province,PH144400000,Very strong typhoon,4,92,34857,35038,0.2662,0.79,0.9783,751,0,90,2
Koppu,2015,Nueva Ecija,PH034900000,Very strong typhoon,4,12535,488461,496977,0.1968,0.0238,0.9213,547564,8,11548,987
Koppu,2015,Nueva Vizcaya,PH025000000,Very strong typhoon,4,1553,108828,111340,0.3194,0.2707,0.9189,21049,1,1427,126
Koppu,2015,Pampanga,PH035400000,Very strong typhoon,4,511,561214,575301,0.0811,0.0175,0.9061,203629,0,463,48
Koppu,2015,Pangasinan,PH015500000,Very strong typhoon,4,64387,654240,674575,0.244,0.0196,0.8253,992365,9,53137,11250
Koppu,2015,Quezon,PH045600000,Very strong typhoon,4,4155,475649,485673,0.3965,0.1048,0.698,38117,0,2900,1255
Koppu,2015,Quirino,PH025700000,Very strong typhoon,4,9947,43161,43506,0.344,0.1835,0.943,12686,0,9380,567
Koppu,2015,Rizal,PH045800000,Very strong typhoon,4,0,639940,652578,0.1486,0.052,0.0,3474,0,0,0
Koppu,2015,Tarlac,PH036900000,Very strong typhoon,4,6786,306044,311994,0.1496,0.0144,0.929,211252,1,6304,482
Koppu,2015,Zambales,PH037100000,Very strong typhoon,4,920,195109,198666,0.1688,0.0601,0.95,144971,4,874,46
Linfa,2015,Abra,PH140100000,Severe tropical storm,2,5,51593,52929,0.2792,0.338,0.8,0,0,4,1
Linfa,2015,Apayao,PH148100000,Severe tropical storm,2,0,25418,25560,0.4634,0.2828,0.0,267,0,0,0
Linfa,2015,Benguet,PH141100000,Severe tropical storm,2,1,193848,196825,0.0649,0.2411,1.0,42,0,1,0
Linfa,2015,Ilocos Norte,PH012800000,Severe tropical storm,2,35,131413,139336,0.1246,0.0415,0.9714,1995,0,34,1
Linfa,2015,Ilocos Sur,PH012900000,Severe tropical storm,2,23,151238,157043,0.1684,0.062,0.913,542,0,21,2
Linfa,2015,Kalinga,PH143200000,Severe tropical storm,2,2,41990,42115,0.3816,0.3494,0.5,315,0,1,1
Linfa,2015,La Union,PH013300000,Severe tropical storm,2,138,174096,180675,0.1948,0.1305,0.9855,51772,0,136,2
Linfa,2015,Metro Manila,PH137600000,Severe tropical storm,2,0,2558664,2660330,0.1101,0.0268,0.0,0,0,0,0
Linfa,2015,Palawan,PH175300000,Severe tropical storm,2,1,255726,257321,0.6892,0.0904,1.0,634,0,1,0
Maysak,2015,Aurora,PH037700000,Violent typhoon,5,0,49066,49410,0.4004,0.0823,0.0,17,0,0,0
Maysak,2015,Isabela,PH023100000,Violent typhoon,5,0,365099,372950,0.2136,0.0305,0.0,27,0,0,0
Mekkhala,2015,Albay,PH050500000,Severe tropical storm,2,15,275601,277091,0.3791,0.0926,0.0,38898,0,0,15
Mekkhala,2015,Biliran,PH087800000,Severe tropical storm,2,1,38105,38518,0.4685,0.0367,1.0,0,0,1,0
Mekkhala,2015,Camarines Norte,PH051600000,Severe tropical storm,2,140,128679,129994,0.4591,0.1341,0.9929,3250,0,139,1
Mekkhala,2015,Camarines Sur,PH051700000,Severe tropical storm,2,0,396642,400615,0.478,0.102,0.0,12986,0,0,0
Mekkhala,2015,Catanduanes,PH052000000,Severe tropical storm,2,7,53482,53814,0.4668,0.0861,0.7143,309,1,5,2
Mekkhala,2015,Cebu,PH072200000,Severe tropical storm,2,0,1058512,1077180,0.395,0.0779,0.0,176,0,0,0
Mekkhala,2015,Eastern Samar,PH082600000,Severe tropical storm,2,0,105653,106292,0.6288,0.1017,0.0,2955,1,0,0
Mekkhala,2015,Northern Samar,PH084800000,Severe tropical storm,2,370,124909,126619,0.6455,0.1373,0.9216,42979,0,341,29
Mekkhala,2015,Samar,PH086000000,Severe tropical storm,2,5,162886,165264,0.6584,0.116,0.8,4039,0,4,1
Mekkhala,2015,Sorsogon,PH056200000,Severe tropical storm,2,0,166106,166842,0.5304,0.1066,0.0,1216,0,0,0
Melor,2015,Albay,PH050500000,Very strong typhoon,4,657,275601,277091,0.3791,0.0926,0.8447,169973,6,555,102
Melor,2015,Aurora,PH037700000,Very strong typhoon,4,17,49066,49410,0.4004,0.0823,0.4706,13226,0,8,9
Melor,2015,Bataan,PH030800000,Very strong typhoon,4,0,170152,173212,0.1275,0.0695,0.0,19,0,0,0
Melor,2015,Batangas,PH041000000,Very strong typhoon,4,124,597758,613825,0.1329,0.0416,0.9435,2075,0,117,7
Melor,2015,Biliran,PH087800000,Very strong typhoon,4,0,38105,38518,0.4685,0.0367,0.0,1615,0,0,0
Melor,2015,Bulacan,PH031400000,Very strong typhoon,4,0,741737,760964,0.0931,0.0168,0.0,90591,0,0,0
Melor,2015,Cagayan,PH021500000,Very strong typhoon,4,0,267472,271967,0.2809,0.0237,0.0,0,0,0,0
Melor,2015,Camarines Norte,PH051600000,Very strong typhoon,4,2,128679,129994,0.4591,0.1341,0.5,1936,0,1,1
Melor,2015,Camarines Sur,PH051700000,Very strong typhoon,4,75,396642,400615,0.478,0.102,1.0,57920,0,75,0
Melor,2015,Catanduanes,PH052000000,Very strong typhoon,4,25,53482,53814,0.4668,0.0861,0.32,6508,0,8,17
Melor,2015,Cavite,PH042100000,Very strong typhoon,4,8,851871,877743,0.1109,0.0265,0.0,398,0,0,8
Melor,2015,Eastern Samar,PH082600000,Very strong typhoon,4,1638,105653,106292,0.6288,0.1017,0.9731,7682,0,1594,44
Melor,2015,Isabela,PH023100000,Very strong typhoon,4,0,365099,372950,0.2136,0.0305,0.0,0,0,0,0
Melor,2015,Laguna,PH043400000,Very strong typhoon,4,0,731892,765513,0.1165,0.0428,0.0,192,0,0,0
Melor,2015,Marinduque,PH174000000,Very strong typhoon,4,5125,54341,54508,0.3564,0.0763,0.8888,6085,0,4555,570
Melor,2015,Masbate,PH054100000,Very strong typhoon,4,8955,187299,188013,0.6686,0.1199,0.645,116870,3,5776,3179
Melor,2015,Metro Manila,PH137600000,Very strong typhoon,4,0,2558664,2660330,0.1101,0.0268,0.0,0,1,0,0
Melor,2015,Northern Samar,PH084800000,Very strong typhoon,4,123221,124909,126619,0.6455,0.1373,0.6575,45228,7,81021,42200
Melor,2015,Nueva Ecija,PH034900000,Very strong typhoon,4,3,488461,496977,0.1968,0.0238,0.0,78321,0,0,3
Melor,2015,Nueva Vizcaya,PH025000000,Very strong typhoon,4,0,108828,111340,0.3194,0.2707,0.0,0,6,0,0
Melor,2015,Occidental Mindoro,PH175100000,Very strong typhoon,4,1009,110275,111714,0.4695,0.0883,0.888,8010,1,896,113
Melor,2015,Oriental Mindoro,PH175200000,Very strong typhoon,4,82431,188988,190763,0.4002,0.1714,0.6035,434166,13,49744,32687
Melor,2015,Palawan,PH175300000,Very strong typhoon,4,0,255726,257321,0.6892,0.0904,0.0,5422,0,0,0
Melor,2015,Pampanga,PH035400000,Very strong typhoon,4,3,561214,575301,0.0811,0.0175,1.0,111263,0,3,0
Melor,2015,Pangasinan,PH015500000,Very strong typhoon,4,0,654240,674575,0.244,0.0196,0.0,0,0,0,0
Melor,2015,Quezon,PH045600000,Very strong typhoon,4,836,475649,485673,0.3965,0.1048,1.0,20330,3,836,0
Melor,2015,Quirino,PH025700000,Very strong typhoon,4,0,43161,43506,0.344,0.1835,0.0,0,0,0,0
Melor,2015,Romblon,PH175900000,Very strong typhoon,4,6601,67971,68362,0.4938,0.1383,0.7475,6031,3,4934,1667
Melor,2015,Samar,PH086000000,Very strong typhoon,4,296,162886,165264,0.6584,0.116,0.9628,12183,1,285,11
Melor,2015,Sorsogon,PH056200000,Very strong typhoon,4,87658,166106,166842,0.5304,0.1066,0.6587,159406,7,57737,29921
Melor,2015,Tarlac,PH036900000,Very strong typhoon,4,0,306044,311994,0.1496,0.0144,0.0,4069,0,0,0
Mujigae,2015,Aurora,PH037700000,Very strong typhoon,4,522,49066,49410,0.4004,0.0823,0.8333,5413,0,435,87
Mujigae,2015,Bulacan,PH031400000,Very strong typhoon,4,18,741737,760964,0.0931,0.0168,1.0,2380,0,18,0
Mujigae,2015,La Union,PH013300000,Very strong typhoon,4,0,174096,180675,0.1948,0.1305,0.0,15,0,0,0
Mujigae,2015,Marinduque,PH174000000,Very strong typhoon,4,0,54341,54508,0.3564,0.0763,0.0,0,0,0,0
Mujigae,2015,Nueva Ecija,PH034900000,Very strong typhoon,4,163,488461,496977,0.1968,0.0238,0.9387,51746,0,153,10
Mujigae,2015,Pangasinan,PH015500000,Very strong typhoon,4,0,654240,674575,0.244,0.0196,0.0,0,1,0,0
Mujigae,2015,Zambales,PH037100000,Very strong typhoon,4,0,195109,198666,0.1688,0.0601,0.0,14,0,0,0
Noul,2015,Cagayan,PH021500000,Violent typhoon,5,0,267472,271967,0.2809,0.0237,0.0,2921,2,0,0
Noul,2015,Ilocos Norte,PH012800000,Violent typhoon,5,0,131413,139336,0.1246,0.0415,0.0,0,0,0,0
Noul,2015,Isabela,PH023100000,Violent typhoon,5,0,365099,372950,0.2136,0.0305,0.0,1602,0,0,0
Onyok,2015,Agusan del Norte,PH160200000,Tropical depression,0,0,151197,153815,0.6199,0.1163,0.0,148,0,0,0
Onyok,2015,Agusan del Sur,PH160300000,Tropical depression,0,4,151934,153653,0.7653,0.2844,0.5,3420,0,2,2
Onyok,2015,Dinagat Islands,PH168500000,Tropical depression,0,3,27902,28557,0.5835,0.094,0.3333,688,0,1,2
Onyok,2015,Surigao del Norte,PH166700000,Tropical depression,0,1,106660,108814,0.4934,0.0773,0.0,641,0,0,1
Onyok,2015,Surigao del Sur,PH166800000,Tropical depression,0,0,127802,129159,0.7409,0.1667,0.0,6414,0,0,0
Haima,2016,Abra,PH140100000,Violent typhoon,5,5063,51593,52929,0.2792,0.338,0.9261,95713,0,4689,374
Haima,2016,Apayao,PH148100000,Violent typhoon,5,2031,25418,25560,0.4634,0.2828,0.8469,9101,0,1720,311
Haima,2016,Aurora,PH037700000,Violent typhoon,5,4,49066,49410,0.4004,0.0823,1.0,44311,3,4,0
Haima,2016,Bataan,PH030800000,Violent typhoon,5,25,170152,173212,0.1275,0.0695,0.8,4640,0,20,5
Haima,2016,Batangas,PH041000000,Violent typhoon,5,0,597758,613825,0.1329,0.0416,0.0,971,0,0,0
Haima,2016,Benguet,PH141100000,Violent typhoon,5,430,193848,196825,0.0649,0.2411,0.8558,3367,6,368,62
Haima,2016,Bulacan,PH031400000,Violent typhoon,5,0,741737,760964,0.0931,0.0168,0.0,2441,0,0,0
Haima,2016,Cagayan,PH021500000,Violent typhoon,5,28429,267472,271967,0.2809,0.0237,0.8152,355551,0,23175,5254
Haima,2016,Camarines Norte,PH051600000,Violent typhoon,5,0,128679,129994,0.4591,0.1341,0.0,91,0,0,0
Haima,2016,Ifugao,PH142700000,Violent typhoon,5,405,43217,43281,0.4509,0.374,0.9679,3642,2,392,13
Haima,2016,Ilocos Norte,PH012800000,Violent typhoon,5,18775,131413,139336,0.1246,0.0415,0.9289,91224,0,17441,1334
Haima,2016,Ilocos Sur,PH012900000,Violent typhoon,5,10039,151238,157043,0.1684,0.062,0.9304,94288,0,9340,699
Haima,2016,Isabela,PH023100000,Violent typhoon,5,31561,365099,372950,0.2136,0.0305,0.8101,96279,0,25567,5994
Haima,2016,Kalinga,PH143200000,Violent typhoon,5,2725,41990,42115,0.3816,0.3494,0.7912,175376,6,2156,569
Haima,2016,La Union,PH013300000,Violent typhoon,5,915,174096,180675,0.1948,0.1305,0.9464,23139,0,866,49
Haima,2016,Mountain Province,PH144400000,Violent typhoon,5,292,34857,35038,0.2662,0.79,0.9623,32875,0,281,11
Haima,2016,Nueva Ecija,PH034900000,Violent typhoon,5,0,488461,496977,0.1968,0.0238,0.0,22865,0,0,0
Haima,2016,Nueva Vizcaya,PH025000000,Violent typhoon,5,161,108828,111340,0.3194,0.2707,0.7764,7674,0,125,36
Haima,2016,Pampanga,PH035400000,Violent typhoon,5,0,561214,575301,0.0811,0.0175,0.0,40306,0,0,0
Haima,2016,Pangasinan,PH015500000,Violent typhoon,5,7,654240,674575,0.244,0.0196,0.0,72065,0,0,7
Haima,2016,Quezon,PH045600000,Violent typhoon,5,0,475649,485673,0.3965,0.1048,0.0,724,0,0,0
Haima,2016,Quirino,PH025700000,Violent typhoon,5,127,43161,43506,0.344,0.1835,1.0,3103,0,127,0
Haima,2016,Rizal,PH045800000,Violent typhoon,5,0,639940,652578,0.1486,0.052,0.0,53,0,0,0
Haima,2016,Sorsogon,PH056200000,Violent typhoon,5,0,166106,166842,0.5304,0.1066,0.0,8761,0,0,0
Haima,2016,Tarlac,PH036900000,Violent typhoon,5,7,306044,311994,0.1496,0.0144,0.8571,24084,0,6,1
Haima,2016,Zambales,PH037100000,Violent typhoon,5,0,195109,198666,0.1688,0.0601,0.0,1835,0,0,0
Helen,2016,Bulacan,PH031400000,Very strong typhoon,4,0,741737,760964,0.0931,0.0168,0.0,1559,0,0,0
Meranti,2016,Batanes,PH020900000,Violent typhoon,5,2241,4709,4761,0.1293,0.0515,0.8184,16518,0,1834,407
Meranti,2016,Cagayan,PH021500000,Violent typhoon,5,0,267472,271967,0.2809,0.0237,0.0,25,0,0,0
Meranti,2016,Ilocos Norte,PH012800000,Violent typhoon,5,0,131413,139336,0.1246,0.0415,0.0,105,0,0,0
Nida,2016,Cagayan,PH021500000,Severe tropical storm,2,0,267472,271967,0.2809,0.0237,0.0,356,0,0,0
Nida,2016,Ilocos Norte,PH012800000,Severe tropical storm,2,4,131413,139336,0.1246,0.0415,1.0,29,0,4,0
Nida,2016,Ilocos Sur,PH012900000,Severe tropical storm,2,3,151238,157043,0.1684,0.062,1.0,8,0,3,0
Nida,2016,Iloilo,PH063000000,Severe tropical storm,2,0,524258,530649,0.503,0.1004,0.0,103,0,0,0
Nida,2016,Isabela,PH023100000,Severe tropical storm,2,0,365099,372950,0.2136,0.0305,0.0,7933,0,0,0
Nock-Ten,2016,Albay,PH050500000,Violent typhoon,5,63483,275601,277091,0.3791,0.0926,0.7023,667170,4,44581,18902
Nock-Ten,2016,Batangas,PH041000000,Violent typhoon,5,1553,597758,613825,0.1329,0.0416,0.839,7888,1,1303,250
Nock-Ten,2016,Camarines Norte,PH051600000,Violent typhoon,5,0,128679,129994,0.4591,0.1341,0.0,10364,0,0,0
Nock-Ten,2016,Camarines Sur,PH051700000,Violent typhoon,5,137779,396642,400615,0.478,0.102,0.6829,920606,3,94088,43691
Nock-Ten,2016,Catanduanes,PH052000000,Violent typhoon,5,32182,53482,53814,0.4668,0.0861,0.7188,159945,0,23133,9049
Nock-Ten,2016,Cavite,PH042100000,Violent typhoon,5,0,851871,877743,0.1109,0.0265,0.0,896,0,0,0
Nock-Ten,2016,Laguna,PH043400000,Violent typhoon,5,0,731892,765513,0.1165,0.0428,0.0,1472,0,0,0
Nock-Ten,2016,Marinduque,PH174000000,Violent typhoon,5,33524,54341,54508,0.3564,0.0763,0.8256,180155,1,27676,5848
Nock-Ten,2016,Masbate,PH054100000,Violent typhoon,5,0,187299,188013,0.6686,0.1199,0.0,5801,0,0,0
Nock-Ten,2016,Northern Samar,PH084800000,Violent typhoon,5,0,124909,126619,0.6455,0.1373,0.0,17650,0,0,0
Nock-Ten,2016,Occidental Mindoro,PH175100000,Violent typhoon,5,339,110275,111714,0.4695,0.0883,0.9823,3170,0,333,6
Nock-Ten,2016,Oriental Mindoro,PH175200000,Violent typhoon,5,11708,188988,190763,0.4002,0.1714,0.7651,65561,2,8958,2750
Nock-Ten,2016,Quezon,PH045600000,Violent typhoon,5,34132,475649,485673,0.3965,0.1048,0.8615,168703,2,29405,4727
Nock-Ten,2016,Rizal,PH045800000,Violent typhoon,5,0,639940,652578,0.1486,0.052,0.0,43,0,0,0
Nock-Ten,2016,Sorsogon,PH056200000,Violent typhoon,5,67,166106,166842,0.5304,0.1066,0.9104,85597,0,61,6
Sarika,2016,Albay,PH050500000,Very strong typhoon,4,0,275601,277091,0.3791,0.0926,0.0,6828,0,0,0
Sarika,2016,Aurora,PH037700000,Very strong typhoon,4,7704,49066,49410,0.4004,0.0823,0.8849,77784,0,6817,887
Sarika,2016,Bataan,PH030800000,Very strong typhoon,4,0,170152,173212,0.1275,0.0695,0.0,0,0,0,0
Sarika,2016,Benguet,PH141100000,Very strong typhoon,4,16,193848,196825,0.0649,0.2411,1.0,152,0,16,0
Sarika,2016,Bulacan,PH031400000,Very strong typhoon,4,0,741737,760964,0.0931,0.0168,0.0,735,0,0,0
Sarika,2016,Cagayan,PH021500000,Very strong typhoon,4,0,267472,271967,0.2809,0.0237,0.0,946,0,0,0
Sarika,2016,Camarines Norte,PH051600000,Very strong typhoon,4,338,128679,129994,0.4591,0.1341,0.9349,7063,0,316,22
Sarika,2016,Camarines Sur,PH051700000,Very strong typhoon,4,88,396642,400615,0.478,0.102,1.0,45343,0,88,0
Sarika,2016,Catanduanes,PH052000000,Very strong typhoon,4,1,53482,53814,0.4668,0.0861,1.0,5640,0,1,0
Sarika,2016,Ifugao,PH142700000,Very strong typhoon,4,9,43217,43281,0.4509,0.374,1.0,39,0,9,0
Sarika,2016,Ilocos Norte,PH012800000,Very strong typhoon,4,20,131413,139336,0.1246,0.0415,1.0,19079,0,20,0
Sarika,2016,Ilocos Sur,PH012900000,Very strong typhoon,4,0,151238,157043,0.1684,0.062,0.0,275,0,0,0
Sarika,2016,Isabela,PH023100000,Very strong typhoon,4,0,365099,372950,0.2136,0.0305,0.0,10751,0,0,0
Sarika,2016,Kalinga,PH143200000,Very strong typhoon,4,6,41990,42115,0.3816,0.3494,1.0,128,0,6,0
Sarika,2016,La Union,PH013300000,Very strong typhoon,4,46,174096,180675,0.1948,0.1305,0.5435,517,0,25,21
Sarika,2016,Laguna,PH043400000,Very strong typhoon,4,0,731892,765513,0.1165,0.0428,0.0,0,0,0,0
Sarika,2016,Mountain Province,PH144400000,Very strong typhoon,4,0,34857,35038,0.2662,0.79,0.0,7,0,0,0
Sarika,2016,Nueva Ecija,PH034900000,Very strong typhoon,4,1047,488461,496977,0.1968,0.0238,0.9618,86207,0,1007,40
Sarika,2016,Nueva Vizcaya,PH025000000,Very strong typhoon,4,3324,108828,111340,0.3194,0.2707,0.8703,17766,0,2893,431
Sarika,2016,Pampanga,PH035400000,Very strong typhoon,4,0,561214,575301,0.0811,0.0175,0.0,1100,0,0,0
Sarika,2016,Pangasinan,PH015500000,Very strong typhoon,4,167,654240,674575,0.244,0.0196,0.8862,18187,0,148,19
Sarika,2016,Quezon,PH045600000,Very strong typhoon,4,0,475649,485673,0.3965,0.1048,0.0,1081,0,0,0
Sarika,2016,Quirino,PH025700000,Very strong typhoon,4,0,43161,43506,0.344,0.1835,0.0,126,0,0,0
Sarika,2016,Rizal,PH045800000,Very strong typhoon,4,0,639940,652578,0.1486,0.052,0.0,237,0,0,0
Sarika,2016,Sorsogon,PH056200000,Very strong typhoon,4,0,166106,166842,0.5304,0.1066,0.0,1614,0,0,0
Sarika,2016,Tarlac,PH036900000,Very strong typhoon,4,9,306044,311994,0.1496,0.0144,0.8889,15467,0,8,1
Sarika,2016,Zambales,PH037100000,Very strong typhoon,4,0,195109,198666,0.1688,0.0601,0.0,2293,0,0,0
Tokage,2016,Aklan,PH060400000,Severe tropical storm,2,0,132784,133679,0.4936,0.0925,0.0,1113,0,0,0
Tokage,2016,Antique,PH060600000,Severe tropical storm,2,0,128753,129771,0.5388,0.1886,0.0,1741,0,0,0
Tokage,2016,Capiz,PH061900000,Severe tropical storm,2,0,178303,179983,0.5324,0.1154,0.0,3115,0,0,0
Tokage,2016,Cebu,PH072200000,Severe tropical storm,2,5,1058512,1077180,0.395,0.0779,0.0,0,0,0,5
Tokage,2016,Dinagat Islands,PH168500000,Severe tropical storm,2,0,27902,28557,0.5835,0.094,0.0,862,0,0,0
Tokage,2016,Iloilo,PH063000000,Severe tropical storm,2,9,524258,530649,0.503,0.1004,1.0,5493,0,9,0
Tokage,2016,Leyte,PH083700000,Severe tropical storm,2,1,451667,455889,0.5322,0.0808,1.0,0,0,1,0
Tokage,2016,Negros Occidental,PH064500000,Severe tropical storm,2,0,690110,701650,0.5036,0.1468,0.0,32,0,0,0
Tokage,2016,Oriental Mindoro,PH175200000,Severe tropical storm,2,0,188988,190763,0.4002,0.1714,0.0,1361,0,0,0
Tokage,2016,Romblon,PH175900000,Severe tropical storm,2,1,67971,68362,0.4938,0.1383,1.0,91,0,1,0
Tokage,2016,Surigao del Norte,PH166700000,Severe tropical storm,2,0,106660,108814,0.4934,0.0773,0.0,162,0,0,0
Tokage,2016,Surigao del Sur,PH166800000,Severe tropical storm,2,0,127802,129159,0.7409,0.1667,0.0,339,0,0,0
Auring,2017,Agusan del Norte,PH160200000,Tropical depression,0,1,151197,153815,0.6199,0.1163,1.0,14324,0,1,0
Auring,2017,Agusan del Sur,PH160300000,Tropical depression,0,0,151934,153653,0.7653,0.2844,0.0,345,0,0,0
Auring,2017,Cebu,PH072200000,Tropical depression,0,0,1058512,1077180,0.395,0.0779,0.0,68,0,0,0
Auring,2017,Dinagat Islands,PH168500000,Tropical depression,0,0,27902,28557,0.5835,0.094,0.0,7344,0,0,0
Auring,2017,Surigao del Norte,PH166700000,Tropical depression,0,0,106660,108814,0.4934,0.0773,0.0,11393,0,0,0
Auring,2017,Surigao del Sur,PH166800000,Tropical depression,0,1,127802,129159,0.7409,0.1667,0.0,9597,0,0,1
Crising_2,2017,Cebu,PH072200000,Tropical depression,0,839,1058512,1077180,0.395,0.0779,0.9333,8489,9,783,56
Crising_2,2017,Leyte,PH083700000,Tropical depression,0,0,451667,455889,0.5322,0.0808,0.0,427,1,0,0
Damrey,2017,Albay,PH050500000,Strong typhoon,3,0,275601,277091,0.3791,0.0926,0.0,0,0,0,0
Damrey,2017,Batangas,PH041000000,Strong typhoon,3,0,597758,613825,0.1329,0.0416,0.0,0,2,0,0
Damrey,2017,Camarines Norte,PH051600000,Strong typhoon,3,0,128679,129994,0.4591,0.1341,0.0,231,0,0,0
Damrey,2017,Camarines Sur,PH051700000,Strong typhoon,3,0,396642,400615,0.478,0.102,0.0,59,0,0,0
Damrey,2017,Laguna,PH043400000,Strong typhoon,3,0,731892,765513,0.1165,0.0428,0.0,0,0,0,0
Damrey,2017,Oriental Mindoro,PH175200000,Strong typhoon,3,0,188988,190763,0.4002,0.1714,0.0,15,0,0,0
Damrey,2017,Palawan,PH175300000,Strong typhoon,3,0,255726,257321,0.6892,0.0904,0.0,0,3,0,0
Damrey,2017,Romblon,PH175900000,Strong typhoon,3,0,67971,68362,0.4938,0.1383,0.0,0,0,0,0
Doksuri,2017,Batangas,PH041000000,Strong typhoon,3,124,597758,613825,0.1329,0.0416,0.5645,1471,0,70,54
Doksuri,2017,Bulacan,PH031400000,Strong typhoon,3,0,741737,760964,0.0931,0.0168,0.0,86,0,0,0
Doksuri,2017,Cavite,PH042100000,Strong typhoon,3,9,851871,877743,0.1109,0.0265,0.6667,1167,2,6,3
Doksuri,2017,Laguna,PH043400000,Strong typhoon,3,653,731892,765513,0.1165,0.0428,0.8132,8278,6,531,122
Doksuri,2017,Marinduque,PH174000000,Strong typhoon,3,0,54341,54508,0.3564,0.0763,0.0,0,0,0,0
Doksuri,2017,Metro Manila,PH137600000,Strong typhoon,3,0,2558664,2660330,0.1101,0.0268,0.0,1451,3,0,0
Doksuri,2017,Occidental Mindoro,PH175100000,Strong typhoon,3,0,110275,111714,0.4695,0.0883,0.0,0,0,0,0
Doksuri,2017,Quezon,PH045600000,Strong typhoon,3,1036,475649,485673,0.3965,0.1048,0.8552,25524,2,886,150
Doksuri,2017,Rizal,PH045800000,Strong typhoon,3,0,639940,652578,0.1486,0.052,0.0,2899,8,0,0
Doksuri,2017,Romblon,PH175900000,Strong typhoon,3,0,67971,68362,0.4938,0.1383,0.0,0,1,0,0
Doksuri,2017,Zambales,PH037100000,Strong typhoon,3,0,195109,198666,0.1688,0.0601,0.0,90,0,0,0
Haikui,2017,Aurora,PH037700000,Tropical storm,1,5,49066,49410,0.4004,0.0823,1.0,4239,0,5,0
Haikui,2017,Batangas,PH041000000,Tropical storm,1,0,597758,613825,0.1329,0.0416,0.0,0,0,0,0
Haikui,2017,Camarines Sur,PH051700000,Tropical storm,1,0,396642,400615,0.478,0.102,0.0,233,0,0,0
Haikui,2017,Laguna,PH043400000,Tropical storm,1,0,731892,765513,0.1165,0.0428,0.0,164,0,0,0
Haikui,2017,Marinduque,PH174000000,Tropical storm,1,0,54341,54508,0.3564,0.0763,0.0,0,0,0,0
Haikui,2017,Northern Samar,PH084800000,Tropical storm,1,0,124909,126619,0.6455,0.1373,0.0,0,0,0,0
Haikui,2017,Quezon,PH045600000,Tropical storm,1,0,475649,485673,0.3965,0.1048,0.0,1037,0,0,0
Haikui,2017,Romblon,PH175900000,Tropical storm,1,0,67971,68362,0.4938,0.1383,0.0,0,0,0,0
Haikui,2017,Samar,PH086000000,Tropical storm,1,0,162886,165264,0.6584,0.116,0.0,0,0,0,0
Kai-Tak,2017,Agusan del Norte,PH160200000,Tropical storm,1,17,151197,153815,0.6199,0.1163,1.0,0,0,17,0
Kai-Tak,2017,Aklan,PH060400000,Tropical storm,1,0,132784,133679,0.4936,0.0925,0.0,1308,0,0,0
Kai-Tak,2017,Albay,PH050500000,Tropical storm,1,0,275601,277091,0.3791,0.0926,0.0,7634,0,0,0
Kai-Tak,2017,Antique,PH060600000,Tropical storm,1,0,128753,129771,0.5388,0.1886,0.0,0,0,0,0
Kai-Tak,2017,Biliran,PH087800000,Tropical storm,1,6111,38105,38518,0.4685,0.0367,0.7231,118599,28,4419,1692
Kai-Tak,2017,Camarines Norte,PH051600000,Tropical storm,1,0,128679,129994,0.4591,0.1341,0.0,568,0,0,0
Kai-Tak,2017,Camarines Sur,PH051700000,Tropical storm,1,0,396642,400615,0.478,0.102,0.0,1262,0,0,0
Kai-Tak,2017,Capiz,PH061900000,Tropical storm,1,0,178303,179983,0.5324,0.1154,0.0,1380,0,0,0
Kai-Tak,2017,Cebu,PH072200000,Tropical storm,1,0,1058512,1077180,0.395,0.0779,0.0,24294,0,0,0
Kai-Tak,2017,Dinagat Islands,PH168500000,Tropical storm,1,0,27902,28557,0.5835,0.094,0.0,1668,0,0,0
Kai-Tak,2017,Eastern Samar,PH082600000,Tropical storm,1,9353,105653,106292,0.6288,0.1017,0.9676,385156,1,9050,303
Kai-Tak,2017,Iloilo,PH063000000,Tropical storm,1,0,524258,530649,0.503,0.1004,0.0,828,0,0,0
Kai-Tak,2017,Leyte,PH083700000,Tropical storm,1,1132,451667,455889,0.5322,0.0808,0.9276,525254,6,1050,82
Kai-Tak,2017,Marinduque,PH174000000,Tropical storm,1,0,54341,54508,0.3564,0.0763,0.0,93,0,0,0
Kai-Tak,2017,Masbate,PH054100000,Tropical storm,1,24,187299,188013,0.6686,0.1199,0.75,19257,4,18,6
Kai-Tak,2017,Northern Samar,PH084800000,Tropical storm,1,3964,124909,126619,0.6455,0.1373,0.8998,249617,0,3567,397
Kai-Tak,2017,Oriental Mindoro,PH175200000,Tropical storm,1,0,188988,190763,0.4002,0.1714,0.0,1135,0,0,0
Kai-Tak,2017,Palawan,PH175300000,Tropical storm,1,0,255726,257321,0.6892,0.0904,0.0,70,0,0,0
Kai-Tak,2017,Romblon,PH175900000,Tropical storm,1,0,67971,68362,0.4938,0.1383,0.0,548,2,0,0
Kai-Tak,2017,Samar,PH086000000,Tropical storm,1,14407,162886,165264,0.6584,0.116,0.9817,508985,5,14143,264
Kai-Tak,2017,Sorsogon,PH056200000,Tropical storm,1,0,166106,166842,0.5304,0.1066,0.0,3958,0,0,0
Kai-Tak,2017,Southern Leyte,PH086400000,Tropical storm,1,278,92405,92836,0.4088,0.0588,0.9856,1281,0,274,4
Kai-Tak,2017,Surigao del Norte,PH166700000,Tropical storm,1,0,106660,108814,0.4934,0.0773,0.0,5,0,0,0
Kai-Tak,2017,Surigao del Sur,PH166800000,Tropical storm,1,0,127802,129159,0.7409,0.1667,0.0,0,1,0,0
Khanun,2017,Apayao,PH148100000,Strong typhoon,3,1,25418,25560,0.4634,0.2828,0.0,4720,1,0,1
Khanun,2017,Benguet,PH141100000,Strong typhoon,3,1,193848,196825,0.0649,0.2411,0.0,9,0,0,1
Khanun,2017,Cagayan,PH021500000,Strong typhoon,3,0,267472,271967,0.2809,0.0237,0.0,4500,0,0,0
Khanun,2017,Ilocos Sur,PH012900000,Strong typhoon,3,0,151238,157043,0.1684,0.062,0.0,0,0,0,0
Khanun,2017,Occidental Mindoro,PH175100000,Strong typhoon,3,0,110275,111714,0.4695,0.0883,0.0,0,0,0,0
Khanun,2017,Oriental Mindoro,PH175200000,Strong typhoon,3,0,188988,190763,0.4002,0.1714,0.0,0,0,0,0
Khanun,2017,Romblon,PH175900000,Strong typhoon,3,0,67971,68362,0.4938,0.1383,0.0,0,0,0,0
Khanun,2017,Zambales,PH037100000,Strong typhoon,3,0,195109,198666,0.1688,0.0601,0.0,30,0,0,0
Kirogi,2017,Davao del Sur,PH112400000,Tropical storm,1,0,558091,568747,0.441,0.0982,0.0,267,0,0,0
Kirogi,2017,Palawan,PH175300000,Tropical storm,1,3,255726,257321,0.6892,0.0904,0.6667,230,0,2,1
Pakhar,2017,Abra,PH140100000,Severe tropical storm,2,0,51593,52929,0.2792,0.338,0.0,133,0,0,0
Pakhar,2017,Aurora,PH037700000,Severe tropical storm,2,0,49066,49410,0.4004,0.0823,0.0,1140,0,0,0
Pakhar,2017,Bataan,PH030800000,Severe tropical storm,2,0,170152,173212,0.1275,0.0695,0.0,0,0,0,0
Pakhar,2017,Benguet,PH141100000,Severe tropical storm,2,0,193848,196825,0.0649,0.2411,0.0,36,0,0,0
Pakhar,2017,Cagayan,PH021500000,Severe tropical storm,2,0,267472,271967,0.2809,0.0237,0.0,64,0,0,0
Pakhar,2017,Camarines Sur,PH051700000,Severe tropical storm,2,0,396642,400615,0.478,0.102,0.0,0,0,0,0
Pakhar,2017,Ifugao,PH142700000,Severe tropical storm,2,0,43217,43281,0.4509,0.374,0.0,5,0,0,0
Pakhar,2017,Isabela,PH023100000,Severe tropical storm,2,0,365099,372950,0.2136,0.0305,0.0,575,0,0,0
Pakhar,2017,La Union,PH013300000,Severe tropical storm,2,0,174096,180675,0.1948,0.1305,0.0,137,0,0,0
Pakhar,2017,Metro Manila,PH137600000,Severe tropical storm,2,0,2558664,2660330,0.1101,0.0268,0.0,0,0,0,0
Pakhar,2017,Mountain Province,PH144400000,Severe tropical storm,2,0,34857,35038,0.2662,0.79,0.0,24,0,0,0
Pakhar,2017,Nueva Vizcaya,PH025000000,Severe tropical storm,2,0,108828,111340,0.3194,0.2707,0.0,1108,0,0,0
Pakhar,2017,Quirino,PH025700000,Severe tropical storm,2,0,43161,43506,0.344,0.1835,0.0,30,0,0,0
Pakhar,2017,Zambales,PH037100000,Severe tropical storm,2,0,195109,198666,0.1688,0.0601,0.0,145,0,0,0
Tembin,2017,Agusan del Norte,PH160200000,Strong typhoon,3,0,151197,153815,0.6199,0.1163,0.0,2351,0,0,0
Tembin,2017,Agusan del Sur,PH160300000,Strong typhoon,3,0,151934,153653,0.7653,0.2844,0.0,5674,0,0,0
Tembin,2017,Bohol,PH071200000,Strong typhoon,3,0,286768,288515,0.4281,0.0975,0.0,68,0,0,0
Tembin,2017,Bukidnon,PH101300000,Strong typhoon,3,155,305995,308727,0.5877,0.1965,0.2194,19912,2,34,121
Tembin,2017,Cotabato,PH124700000,Strong typhoon,3,0,316177,320567,0.6216,0.1292,0.0,116061,0,0,0
Tembin,2017,Davao Occidental,PH118600000,Strong typhoon,3,0,76607,77431,0.8389,0.332,0.0,460,0,0,0
Tembin,2017,Davao Oriental,PH112500000,Strong typhoon,3,0,126969,128558,0.6659,0.1668,0.0,13768,0,0,0
Tembin,2017,Davao de Oro,PH118200000,Strong typhoon,3,17,167532,169441,0.5769,0.1876,0.0588,17034,0,1,16
Tembin,2017,Davao del Norte,PH112300000,Strong typhoon,3,27,230520,233232,0.4832,0.3523,0.037,124613,0,1,26
Tembin,2017,Davao del Sur,PH112400000,Strong typhoon,3,584,558091,568747,0.441,0.0982,0.3818,40040,0,223,361
Tembin,2017,Dinagat Islands,PH168500000,Strong typhoon,3,0,27902,28557,0.5835,0.094,0.0,1305,0,0,0
Tembin,2017,Lanao del Norte,PH103500000,Strong typhoon,3,2404,201777,216943,0.575,0.168,0.6547,66883,6,1574,830
Tembin,2017,Lanao del Sur,PH153600000,Strong typhoon,3,528,121372,160132,0.5982,0.4104,0.3409,92869,0,180,348
Tembin,2017,Maguindanao,PH153800000,Strong typhoon,3,0,190029,194507,0.7225,0.1764,0.0,118267,0,0,0
Tembin,2017,Misamis Occidental,PH104200000,Strong typhoon,3,8,133123,134870,0.6098,0.1669,1.0,10356,0,8,0
Tembin,2017,Misamis Oriental,PH104300000,Strong typhoon,3,1146,353856,362194,0.4574,0.0805,0.9023,33635,0,1034,112
Tembin,2017,Negros Oriental,PH074600000,Strong typhoon,3,0,307894,310626,0.6078,0.1506,0.0,297,0,0,0
Tembin,2017,Oriental Mindoro,PH175200000,Strong typhoon,3,0,188988,190763,0.4002,0.1714,0.0,719,0,0,0
Tembin,2017,Palawan,PH175300000,Strong typhoon,3,1660,255726,257321,0.6892,0.0904,0.6108,24688,0,1014,646
Tembin,2017,Quezon,PH045600000,Strong typhoon,3,0,475649,485673,0.3965,0.1048,0.0,0,0,0,0
Tembin,2017,Surigao del Norte,PH166700000,Strong typhoon,3,0,106660,108814,0.4934,0.0773,0.0,7844,0,0,0
Tembin,2017,Surigao del Sur,PH166800000,Strong typhoon,3,0,127802,129159,0.7409,0.1667,0.0,19202,0,0,0
Tembin,2017,Zamboanga Sibugay,PH098300000,Strong typhoon,3,22,138746,140791,0.7758,0.1262,0.0,18202,5,0,22
Tembin,2017,Zamboanga del Norte,PH097200000,Strong typhoon,3,3021,223221,224828,0.7239,0.1934,0.4982,117199,31,1505,1516
Tembin,2017,Zamboanga del Sur,PH097300000,Strong typhoon,3,8,399598,406810,0.6434,0.1327,0.0,20310,0,0,8
Bolaven,2018,Agusan del Norte,PH160200000,Tropical storm,1,0,151197,153815,0.6199,0.1163,0.0,245,0,0,0
Bolaven,2018,Aklan,PH060400000,Tropical storm,1,1,132784,133679,0.4936,0.0925,0.0,2642,1,0,1
Bolaven,2018,Biliran,PH087800000,Tropical storm,1,0,38105,38518,0.4685,0.0367,0.0,421,0,0,0
Bolaven,2018,Bohol,PH071200000,Tropical storm,1,7,286768,288515,0.4281,0.0975,0.8571,1620,0,6,1
Bolaven,2018,Camarines Sur,PH051700000,Tropical storm,1,0,396642,400615,0.478,0.102,0.0,0,0,0,0
Bolaven,2018,Camiguin,PH101800000,Tropical storm,1,0,20063,20080,0.4488,0.0257,0.0,210,0,0,0
Bolaven,2018,Capiz,PH061900000,Tropical storm,1,0,178303,179983,0.5324,0.1154,0.0,43192,0,0,0
Bolaven,2018,Cebu,PH072200000,Tropical storm,1,23,1058512,1077180,0.395,0.0779,0.913,1951,1,21,2
Bolaven,2018,Dinagat Islands,PH168500000,Tropical storm,1,4,27902,28557,0.5835,0.094,1.0,79,0,4,0
Bolaven,2018,Eastern Samar,PH082600000,Tropical storm,1,0,105653,106292,0.6288,0.1017,0.0,4489,0,0,0
Bolaven,2018,Iloilo,PH063000000,Tropical storm,1,2,524258,530649,0.503,0.1004,1.0,1848,1,2,0
Bolaven,2018,Lanao del Norte,PH103500000,Tropical storm,1,25,201777,216943,0.575,0.168,0.08,6987,0,2,23
Bolaven,2018,Leyte,PH083700000,Tropical storm,1,0,451667,455889,0.5322,0.0808,0.0,132,0,0,0
Bolaven,2018,Misamis Oriental,PH104300000,Tropical storm,1,0,353856,362194,0.4574,0.0805,0.0,882,0,0,0
Bolaven,2018,Northern Samar,PH084800000,Tropical storm,1,0,124909,126619,0.6455,0.1373,0.0,8783,0,0,0
Bolaven,2018,Palawan,PH175300000,Tropical storm,1,81,255726,257321,0.6892,0.0904,0.8519,9078,0,69,12
Bolaven,2018,Sorsogon,PH056200000,Tropical storm,1,0,166106,166842,0.5304,0.1066,0.0,0,0,0,0
Bolaven,2018,Southern Leyte,PH086400000,Tropical storm,1,10,92405,92836,0.4088,0.0588,1.0,0,0,10,0
Bolaven,2018,Sulu,PH156600000,Tropical storm,1,9,135083,138357,0.8893,0.2115,1.0,0,0,9,0
Bolaven,2018,Surigao del Norte,PH166700000,Tropical storm,1,0,106660,108814,0.4934,0.0773,0.0,1068,0,0,0
Bolaven,2018,Surigao del Sur,PH166800000,Tropical storm,1,0,127802,129159,0.7409,0.1667,0.0,281,0,0,0
Mangkhut,2018,Abra,PH140100000,Violent typhoon,5,18625,51593,52929,0.2792,0.338,0.9729,186874,0,18120,505
Mangkhut,2018,Antique,PH060600000,Violent typhoon,5,0,128753,129771,0.5388,0.1886,0.0,0,0,0,0
Mangkhut,2018,Apayao,PH148100000,Violent typhoon,5,15808,25418,25560,0.4634,0.2828,0.9541,113929,0,15083,725
Mangkhut,2018,Aurora,PH037700000,Violent typhoon,5,7,49066,49410,0.4004,0.0823,1.0,41825,0,7,0
Mangkhut,2018,Bataan,PH030800000,Violent typhoon,5,26,170152,173212,0.1275,0.0695,1.0,2110,0,26,0
Mangkhut,2018,Batanes,PH020900000,Violent typhoon,5,0,4709,4761,0.1293,0.0515,0.0,52,0,0,0
Mangkhut,2018,Batangas,PH041000000,Violent typhoon,5,0,597758,613825,0.1329,0.0416,0.0,1623,0,0,0
Mangkhut,2018,Benguet,PH141100000,Violent typhoon,5,3602,193848,196825,0.0649,0.2411,0.8731,38870,65,3145,457
Mangkhut,2018,Bulacan,PH031400000,Violent typhoon,5,118,741737,760964,0.0931,0.0168,0.9492,164975,0,112,6
Mangkhut,2018,Cagayan,PH021500000,Violent typhoon,5,88786,267472,271967,0.2809,0.0237,0.8923,501113,5,79225,9561
Mangkhut,2018,Cavite,PH042100000,Violent typhoon,5,0,851871,877743,0.1109,0.0265,0.0,7058,0,0,0
Mangkhut,2018,Ifugao,PH142700000,Violent typhoon,5,712,43217,43281,0.4509,0.374,0.9635,5990,0,686,26
Mangkhut,2018,Ilocos Norte,PH012800000,Violent typhoon,5,28818,131413,139336,0.1246,0.0415,0.955,181365,0,27521,1297
Mangkhut,2018,Ilocos Sur,PH012900000,Violent typhoon,5,37672,151238,157043,0.1684,0.062,0.9664,461253,1,36405,1267
Mangkhut,2018,Isabela,PH023100000,Violent typhoon,5,3824,365099,372950,0.2136,0.0305,0.9459,108842,0,3617,207
Mangkhut,2018,Kalinga,PH143200000,Violent typhoon,5,2846,41990,42115,0.3816,0.3494,0.9663,49921,0,2750,96
Mangkhut,2018,La Union,PH013300000,Violent typhoon,5,4783,174096,180675,0.1948,0.1305,0.9396,244466,0,4494,289
Mangkhut,2018,Laguna,PH043400000,Violent typhoon,5,0,731892,765513,0.1165,0.0428,0.0,2621,0,0,0
Mangkhut,2018,Marinduque,PH174000000,Violent typhoon,5,0,54341,54508,0.3564,0.0763,0.0,1434,0,0,0
Mangkhut,2018,Metro Manila,PH137600000,Violent typhoon,5,0,2558664,2660330,0.1101,0.0268,0.0,29885,0,0,0
Mangkhut,2018,Mountain Province,PH144400000,Violent typhoon,5,608,34857,35038,0.2662,0.79,0.972,3977,6,591,17
Mangkhut,2018,Nueva Ecija,PH034900000,Violent typhoon,5,194,488461,496977,0.1968,0.0238,0.9175,131658,1,178,16
Mangkhut,2018,Nueva Vizcaya,PH025000000,Violent typhoon,5,224,108828,111340,0.3194,0.2707,0.942,10608,4,211,13
Mangkhut,2018,Occidental Mindoro,PH175100000,Violent typhoon,5,0,110275,111714,0.4695,0.0883,0.0,4869,0,0,0
Mangkhut,2018,Oriental Mindoro,PH175200000,Violent typhoon,5,0,188988,190763,0.4002,0.1714,0.0,1036,0,0,0
Mangkhut,2018,Palawan,PH175300000,Violent typhoon,5,0,255726,257321,0.6892,0.0904,0.0,76,0,0,0
Mangkhut,2018,Pampanga,PH035400000,Violent typhoon,5,13,561214,575301,0.0811,0.0175,1.0,189528,0,13,0
Mangkhut,2018,Pangasinan,PH015500000,Violent typhoon,5,1577,654240,674575,0.244,0.0196,0.8738,417118,0,1378,199
Mangkhut,2018,Quezon,PH045600000,Violent typhoon,5,0,475649,485673,0.3965,0.1048,0.0,5418,0,0,0
Mangkhut,2018,Quirino,PH025700000,Violent typhoon,5,313,43161,43506,0.344,0.1835,0.9553,8486,0,299,14
Mangkhut,2018,Rizal,PH045800000,Violent typhoon,5,0,639940,652578,0.1486,0.052,0.0,14956,0,0,0
Mangkhut,2018,Tarlac,PH036900000,Violent typhoon,5,16,306044,311994,0.1496,0.0144,0.6875,85896,0,11,5
Mangkhut,2018,Zambales,PH037100000,Violent typhoon,5,1928,195109,198666,0.1688,0.0601,0.9507,11230,0,1833,95
Sanba,2018,Agusan del Norte,PH160200000,Tropical storm,1,17,151197,153815,0.6199,0.1163,0.1765,2118,0,3,14
Sanba,2018,Biliran,PH087800000,Tropical storm,1,0,38105,38518,0.4685,0.0367,0.0,160,0,0,0
Sanba,2018,Bohol,PH071200000,Tropical storm,1,44,286768,288515,0.4281,0.0975,0.2727,15325,0,12,32
Sanba,2018,Capiz,PH061900000,Tropical storm,1,0,178303,179983,0.5324,0.1154,0.0,13,0,0,0
Sanba,2018,Cebu,PH072200000,Tropical storm,1,0,1058512,1077180,0.395,0.0779,0.0,2763,0,0,0
Sanba,2018,Dinagat Islands,PH168500000,Tropical storm,1,0,27902,28557,0.5835,0.094,0.0,957,0,0,0
Sanba,2018,Eastern Samar,PH082600000,Tropical storm,1,99,105653,106292,0.6288,0.1017,0.8485,81776,0,84,15
Sanba,2018,Iloilo,PH063000000,Tropical storm,1,7,524258,530649,0.503,0.1004,0.7143,39,0,5,2
Sanba,2018,Leyte,PH083700000,Tropical storm,1,7,451667,455889,0.5322,0.0808,0.0,33849,0,0,7
Sanba,2018,Negros Occidental,PH064500000,Tropical storm,1,4,690110,701650,0.5036,0.1468,0.5,38,0,2,2
Sanba,2018,Negros Oriental,PH074600000,Tropical storm,1,0,307894,310626,0.6078,0.1506,0.0,1645,0,0,0
Sanba,2018,Palawan,PH175300000,Tropical storm,1,0,255726,257321,0.6892,0.0904,0.0,1547,0,0,0
Sanba,2018,Samar,PH086000000,Tropical storm,1,0,162886,165264,0.6584,0.116,0.0,25963,0,0,0
Sanba,2018,Siquijor,PH076100000,Tropical storm,1,0,22634,22737,0.4522,0.0506,0.0,78,0,0,0
Sanba,2018,Southern Leyte,PH086400000,Tropical storm,1,5,92405,92836,0.4088,0.0588,1.0,146,0,5,0
Sanba,2018,Surigao del Norte,PH166700000,Tropical storm,1,1355,106660,108814,0.4934,0.0773,0.7956,62543,0,1078,277
Sanba,2018,Surigao del Sur,PH166800000,Tropical storm,1,122,127802,129159,0.7409,0.1667,0.3443,25899,0,42,80
Usagi,2018,Biliran,PH087800000,Severe tropical storm,2,0,38105,38518,0.4685,0.0367,0.0,1199,0,0,0
Usagi,2018,Eastern Samar,PH082600000,Severe tropical storm,2,1716,105653,106292,0.6288,0.1017,0.9499,67898,0,1630,86
Usagi,2018,Leyte,PH083700000,Severe tropical storm,2,0,451667,455889,0.5322,0.0808,0.0,312,0,0,0
Usagi,2018,Masbate,PH054100000,Severe tropical storm,2,0,187299,188013,0.6686,0.1199,0.0,281,0,0,0
Usagi,2018,Northern Samar,PH084800000,Severe tropical storm,2,24,124909,126619,0.6455,0.1373,0.7083,53704,0,17,7
Usagi,2018,Palawan,PH175300000,Severe tropical storm,2,0,255726,257321,0.6892,0.0904,0.0,0,0,0,0
Usagi,2018,Samar,PH086000000,Severe tropical storm,2,0,162886,165264,0.6584,0.116,0.0,584,0,0,0
Usagi,2018,Southern Leyte,PH086400000,Severe tropical storm,2,0,92405,92836,0.4088,0.0588,0.0,235,0,0,0
Usman,2018,Aklan,PH060400000,Tropical depression,0,0,132784,133679,0.4936,0.0925,0.0,0,0,0,0
Usman,2018,Albay,PH050500000,Tropical depression,0,113,275601,277091,0.3791,0.0926,0.177,19283,0,20,93
Usman,2018,Batangas,PH041000000,Tropical depression,0,12,597758,613825,0.1329,0.0416,0.75,47,0,9,3
Usman,2018,Camarines Norte,PH051600000,Tropical depression,0,918,128679,129994,0.4591,0.1341,0.9379,43703,0,861,57
Usman,2018,Camarines Sur,PH051700000,Tropical depression,0,7335,396642,400615,0.478,0.102,0.7381,358793,5,5414,1921
Usman,2018,Capiz,PH061900000,Tropical depression,0,0,178303,179983,0.5324,0.1154,0.0,0,0,0,0
Usman,2018,Catanduanes,PH052000000,Tropical depression,0,0,53482,53814,0.4668,0.0861,0.0,1873,0,0,0
Usman,2018,Eastern Samar,PH082600000,Tropical depression,0,0,105653,106292,0.6288,0.1017,0.0,1276,0,0,0
Usman,2018,Laguna,PH043400000,Tropical depression,0,2,731892,765513,0.1165,0.0428,0.0,322,0,0,2
Usman,2018,Marinduque,PH174000000,Tropical depression,0,0,54341,54508,0.3564,0.0763,0.0,298,0,0,0
Usman,2018,Masbate,PH054100000,Tropical depression,0,0,187299,188013,0.6686,0.1199,0.0,396,0,0,0
Usman,2018,Northern Samar,PH084800000,Tropical depression,0,12686,124909,126619,0.6455,0.1373,0.9026,294642,8,11450,1236
Usman,2018,Oriental Mindoro,PH175200000,Tropical depression,0,802,188988,190763,0.4002,0.1714,0.5424,147857,3,435,367
Usman,2018,Palawan,PH175300000,Tropical depression,0,0,255726,257321,0.6892,0.0904,0.0,528,0,0,0
Usman,2018,Quezon,PH045600000,Tropical depression,0,8,475649,485673,0.3965,0.1048,0.625,1319,0,5,3
Usman,2018,Samar,PH086000000,Tropical depression,0,14695,162886,165264,0.6584,0.116,0.9703,70700,5,14259,436
Usman,2018,Sorsogon,PH056200000,Tropical depression,0,3,166106,166842,0.5304,0.1066,1.0,74941,7,3,0
Yutu,2018,Abra,PH140100000,Violent typhoon,5,0,51593,52929,0.2792,0.338,0.0,15121,0,0,0
Yutu,2018,Apayao,PH148100000,Violent typhoon,5,6,25418,25560,0.4634,0.2828,1.0,1887,0,6,0
Yutu,2018,Aurora,PH037700000,Violent typhoon,5,675,49066,49410,0.4004,0.0823,0.9541,21493,0,644,31
Yutu,2018,Benguet,PH141100000,Violent typhoon,5,10,193848,196825,0.0649,0.2411,0.9,5316,0,9,1
Yutu,2018,Cagayan,PH021500000,Violent typhoon,5,0,267472,271967,0.2809,0.0237,0.0,14495,0,0,0
Yutu,2018,Ifugao,PH142700000,Violent typhoon,5,2365,43217,43281,0.4509,0.374,0.9298,10359,4,2199,166
Yutu,2018,Ilocos Norte,PH012800000,Violent typhoon,5,15,131413,139336,0.1246,0.0415,0.1333,132,0,2,13
Yutu,2018,Ilocos Sur,PH012900000,Violent typhoon,5,15,151238,157043,0.1684,0.062,0.7333,582,0,11,4
Yutu,2018,Isabela,PH023100000,Violent typhoon,5,20497,365099,372950,0.2136,0.0305,0.8897,140523,0,18237,2260
Yutu,2018,Kalinga,PH143200000,Violent typhoon,5,222,41990,42115,0.3816,0.3494,0.8829,7511,1,196,26
Yutu,2018,La Union,PH013300000,Violent typhoon,5,208,174096,180675,0.1948,0.1305,0.976,4991,0,203,5
Yutu,2018,Mountain Province,PH144400000,Violent typhoon,5,964,34857,35038,0.2662,0.79,0.9149,34523,14,882,82
Yutu,2018,Northern Samar,PH084800000,Violent typhoon,5,109,124909,126619,0.6455,0.1373,0.9541,1338,0,104,5
Yutu,2018,Nueva Ecija,PH034900000,Violent typhoon,5,0,488461,496977,0.1968,0.0238,0.0,280,0,0,0
Yutu,2018,Nueva Vizcaya,PH025000000,Violent typhoon,5,316,108828,111340,0.3194,0.2707,0.8924,5559,0,282,34
Yutu,2018,Pangasinan,PH015500000,Violent typhoon,5,29,654240,674575,0.244,0.0196,0.9655,31524,0,28,1
Yutu,2018,Quezon,PH045600000,Violent typhoon,5,0,475649,485673,0.3965,0.1048,0.0,0,1,0,0
Yutu,2018,Quirino,PH025700000,Violent typhoon,5,1377,43161,43506,0.344,0.1835,0.9056,8403,0,1247,130
Yutu,2018,Tarlac,PH036900000,Violent typhoon,5,0,306044,311994,0.1496,0.0144,0.0,25,0,0,0
Yutu,2018,Zambales,PH037100000,Violent typhoon,5,0,195109,198666,0.1688,0.0601,0.0,10,0,0,0
Amang,2019,Agusan del Norte,PH160200000,Tropical depression,0,0,151197,153815,0.6199,0.1163,0.0,1442,0,0,0
Amang,2019,Agusan del Sur,PH160300000,Tropical depression,0,0,151934,153653,0.7653,0.2844,0.0,10344,0,0,0
Amang,2019,Dinagat Islands,PH168500000,Tropical depression,0,0,27902,28557,0.5835,0.094,0.0,477,0,0,0
Amang,2019,Surigao del Norte,PH166700000,Tropical depression,0,0,106660,108814,0.4934,0.0773,0.0,3458,0,0,0
Amang,2019,Surigao del Sur,PH166800000,Tropical depression,0,0,127802,129159,0.7409,0.1667,0.0,853,0,0,0
Chedeng,2019,Davao Occidental,PH118600000,Tropical depression,0,0,76607,77431,0.8389,0.332,0.0,1675,0,0,0
Chedeng,2019,Davao Oriental,PH112500000,Tropical depression,0,19,126969,128558,0.6659,0.1668,0.7895,4971,0,15,4
Chedeng,2019,Davao del Sur,PH112400000,Tropical depression,0,0,558091,568747,0.441,0.0982,0.0,15,0,0,0
Danas,2019,Abra,PH140100000,Tropical storm,1,0,51593,52929,0.2792,0.338,0.0,2,0,0,0
Danas,2019,Apayao,PH148100000,Tropical storm,1,2,25418,25560,0.4634,0.2828,0.5,409,0,1,1
Danas,2019,Cagayan,PH021500000,Tropical storm,1,0,267472,271967,0.2809,0.0237,0.0,502,0,0,0
Danas,2019,Ilocos Norte,PH012800000,Tropical storm,1,1,131413,139336,0.1246,0.0415,1.0,5,0,1,0
Danas,2019,Mountain Province,PH144400000,Tropical storm,1,0,34857,35038,0.2662,0.79,0.0,84,0,0,0
Kalmaegi,2019,Albay,PH050500000,Strong typhoon,3,0,275601,277091,0.3791,0.0926,0.0,1058,0,0,0
Kalmaegi,2019,Apayao,PH148100000,Strong typhoon,3,2,25418,25560,0.4634,0.2828,0.0,7583,0,0,2
Kalmaegi,2019,Cagayan,PH021500000,Strong typhoon,3,0,267472,271967,0.2809,0.0237,0.0,19340,0,0,0
Kalmaegi,2019,Camarines Norte,PH051600000,Strong typhoon,3,0,128679,129994,0.4591,0.1341,0.0,19,0,0,0
Kalmaegi,2019,Camarines Sur,PH051700000,Strong typhoon,3,19,396642,400615,0.478,0.102,0.4737,2204,0,9,10
Kalmaegi,2019,Catanduanes,PH052000000,Strong typhoon,3,0,53482,53814,0.4668,0.0861,0.0,9,0,0,0
Kalmaegi,2019,Ilocos Norte,PH012800000,Strong typhoon,3,0,131413,139336,0.1246,0.0415,0.0,521,0,0,0
Kalmaegi,2019,Isabela,PH023100000,Strong typhoon,3,0,365099,372950,0.2136,0.0305,0.0,873,0,0,0
Kalmaegi,2019,Kalinga,PH143200000,Strong typhoon,3,1,41990,42115,0.3816,0.3494,0.0,24,0,0,1
Kammuri,2019,Albay,PH050500000,Very strong typhoon,4,112572,275601,277091,0.3791,0.0926,0.8446,355841,0,95076,17496
Kammuri,2019,Antique,PH060600000,Very strong typhoon,4,6,128753,129771,0.5388,0.1886,0.6667,0,0,4,2
Kammuri,2019,Aurora,PH037700000,Very strong typhoon,4,121,49066,49410,0.4004,0.0823,0.9917,5407,0,120,1
Kammuri,2019,Bataan,PH030800000,Very strong typhoon,4,0,170152,173212,0.1275,0.0695,0.0,3085,0,0,0
Kammuri,2019,Batangas,PH041000000,Very strong typhoon,4,1116,597758,613825,0.1329,0.0416,0.1828,4802,0,204,912
Kammuri,2019,Biliran,PH087800000,Very strong typhoon,4,0,38105,38518,0.4685,0.0367,0.0,0,0,0,0
Kammuri,2019,Bulacan,PH031400000,Very strong typhoon,4,0,741737,760964,0.0931,0.0168,0.0,224,0,0,0
Kammuri,2019,Camarines Norte,PH051600000,Very strong typhoon,4,10661,128679,129994,0.4591,0.1341,0.8956,40705,0,9548,1113
Kammuri,2019,Camarines Sur,PH051700000,Very strong typhoon,4,140856,396642,400615,0.478,0.102,0.9298,271253,0,130962,9894
Kammuri,2019,Capiz,PH061900000,Very strong typhoon,4,0,178303,179983,0.5324,0.1154,0.0,0,0,0,0
Kammuri,2019,Catanduanes,PH052000000,Very strong typhoon,4,0,53482,53814,0.4668,0.0861,0.0,29977,0,0,0
Kammuri,2019,Cavite,PH042100000,Very strong typhoon,4,8,851871,877743,0.1109,0.0265,0.0,32,0,0,8
Kammuri,2019,Eastern Samar,PH082600000,Very strong typhoon,4,2290,105653,106292,0.6288,0.1017,0.99,60950,0,2267,23
Kammuri,2019,Laguna,PH043400000,Very strong typhoon,4,187,731892,765513,0.1165,0.0428,0.0909,805,0,17,170
Kammuri,2019,Leyte,PH083700000,Very strong typhoon,4,2490,451667,455889,0.5322,0.0808,0.9056,0,1,2255,235
Kammuri,2019,Marinduque,PH174000000,Very strong typhoon,4,14899,54341,54508,0.3564,0.0763,0.947,5984,0,14109,790
Kammuri,2019,Masbate,PH054100000,Very strong typhoon,4,23754,187299,188013,0.6686,0.1199,0.7343,172239,0,17442,6312
Kammuri,2019,Mountain Province,PH144400000,Very strong typhoon,4,1,34857,35038,0.2662,0.79,1.0,8,0,1,0
Kammuri,2019,Northern Samar,PH084800000,Very strong typhoon,4,86627,124909,126619,0.6455,0.1373,0.906,465877,0,78487,8140
Kammuri,2019,Occidental Mindoro,PH175100000,Very strong typhoon,4,4310,110275,111714,0.4695,0.0883,0.8921,16099,0,3845,465
Kammuri,2019,Oriental Mindoro,PH175200000,Very strong typhoon,4,39574,188988,190763,0.4002,0.1714,0.8905,25339,0,35239,4335
Kammuri,2019,Palawan,PH175300000,Very strong typhoon,4,1,255726,257321,0.6892,0.0904,1.0,0,0,1,0
Kammuri,2019,Pampanga,PH035400000,Very strong typhoon,4,0,561214,575301,0.0811,0.0175,0.0,416,0,0,0
Kammuri,2019,Quezon,PH045600000,Very strong typhoon,4,8999,475649,485673,0.3965,0.1048,0.109,110575,3,981,8018
Kammuri,2019,Romblon,PH175900000,Very strong typhoon,4,14280,67971,68362,0.4938,0.1383,0.8732,10865,0,12470,1810
Kammuri,2019,Samar,PH086000000,Very strong typhoon,4,8493,162886,165264,0.6584,0.116,0.9482,50413,0,8053,440
Kammuri,2019,Sorsogon,PH056200000,Very strong typhoon,4,59183,166106,166842,0.5304,0.1066,0.8436,348298,0,49926,9257
Kammuri,2019,Surigao del Sur,PH166800000,Very strong typhoon,4,12,127802,129159,0.7409,0.1667,0.75,51,0,9,3
Kammuri,2019,Zambales,PH037100000,Very strong typhoon,4,0,195109,198666,0.1688,0.0601,0.0,12861,0,0,0
Marilyn,2019,Bulacan,PH031400000,Tropical depression,0,0,741737,760964,0.0931,0.0168,0.0,0,0,0,0
Marilyn,2019,Davao del Sur,PH112400000,Tropical depression,0,0,558091,568747,0.441,0.0982,0.0,135,0,0,0
Marilyn,2019,Isabela,PH023100000,Tropical depression,0,0,365099,372950,0.2136,0.0305,0.0,0,0,0,0
Marilyn,2019,Negros Occidental,PH064500000,Tropical depression,0,0,690110,701650,0.5036,0.1468,0.0,0,0,0,0
Marilyn,2019,Pampanga,PH035400000,Tropical depression,0,0,561214,575301,0.0811,0.0175,0.0,0,0,0,0
Marilyn,2019,South Cotabato,PH126300000,Tropical depression,0,119,359332,362258,0.4419,0.0872,0.8151,624,0,97,22
Marilyn,2019,Sultan Kudarat,PH126500000,Tropical depression,0,80,182920,184650,0.6328,0.1635,0.725,6470,0,58,22
Marilyn,2019,Zamboanga Sibugay,PH098300000,Tropical depression,0,0,138746,140791,0.7758,0.1262,0.0,0,0,0,0
Marilyn,2019,Zamboanga del Norte,PH097200000,Tropical depression,0,0,223221,224828,0.7239,0.1934,0.0,710,0,0,0
Marilyn,2019,Zamboanga del Sur,PH097300000,Tropical depression,0,0,399598,406810,0.6434,0.1327,0.0,7497,0,0,0
Phanfone,2019,Aklan,PH060400000,Strong typhoon,3,115423,132784,133679,0.4936,0.0925,0.9144,510342,8,105539,9884
Phanfone,2019,Antique,PH060600000,Strong typhoon,3,16179,128753,129771,0.5388,0.1886,0.6838,81642,0,11064,5115
Phanfone,2019,Biliran,PH087800000,Strong typhoon,3,27277,38105,38518,0.4685,0.0367,0.8895,118852,2,24264,3013
Phanfone,2019,Capiz,PH061900000,Strong typhoon,3,82661,178303,179983,0.5324,0.1154,0.8275,625921,5,68404,14257
Phanfone,2019,Cebu,PH072200000,Strong typhoon,3,26287,1058512,1077180,0.395,0.0779,0.7998,131435,1,21025,5262
Phanfone,2019,Dinagat Islands,PH168500000,Strong typhoon,3,0,27902,28557,0.5835,0.094,0.0,1228,0,0,0
Phanfone,2019,Eastern Samar,PH082600000,Strong typhoon,3,92273,105653,106292,0.6288,0.1017,0.4568,230861,5,42148,50125
Phanfone,2019,Iloilo,PH063000000,Strong typhoon,3,29970,524258,530649,0.503,0.1004,0.829,273971,16,24846,5124
Phanfone,2019,Leyte,PH083700000,Strong typhoon,3,131732,451667,455889,0.5322,0.0808,0.9464,772162,9,124672,7060
Phanfone,2019,Marinduque,PH174000000,Strong typhoon,3,0,54341,54508,0.3564,0.0763,0.0,7,0,0,0
Phanfone,2019,Occidental Mindoro,PH175100000,Strong typhoon,3,24959,110275,111714,0.4695,0.0883,0.8109,119037,4,20240,4719
Phanfone,2019,Oriental Mindoro,PH175200000,Strong typhoon,3,7178,188988,190763,0.4002,0.1714,0.7775,19214,5,5581,1597
Phanfone,2019,Romblon,PH175900000,Strong typhoon,3,3178,67971,68362,0.4938,0.1383,0.7467,17059,0,2373,805
Phanfone,2019,Samar,PH086000000,Strong typhoon,3,47668,162886,165264,0.6584,0.116,0.9175,395023,1,43737,3931
Phanfone,2019,Southern Leyte,PH086400000,Strong typhoon,3,0,92405,92836,0.4088,0.0588,0.0,0,1,0,0
Phanfone,2019,Surigao del Norte,PH166700000,Strong typhoon,3,0,106660,108814,0.4934,0.0773,0.0,123,0,0,0
Goni,2020,Albay,PH050500000,Violent typhoon,5,76274,275601,277091,0.3791,0.0926,0.7732,474401,0,58975,17299
Goni,2020,Apayao,PH148100000,Violent typhoon,5,2,25418,25560,0.4634,0.2828,1.0,440,0,2,0
Goni,2020,Aurora,PH037700000,Violent typhoon,5,0,49066,49410,0.4004,0.0823,0.0,13602,0,0,0
Goni,2020,Bataan,PH030800000,Violent typhoon,5,0,170152,173212,0.1275,0.0695,0.0,11549,0,0,0
Goni,2020,Batangas,PH041000000,Violent typhoon,5,5928,597758,613825,0.1329,0.0416,0.9281,83703,0,5502,426
Goni,2020,Benguet,PH141100000,Violent typhoon,5,0,193848,196825,0.0649,0.2411,0.0,11,0,0,0
Goni,2020,Bulacan,PH031400000,Violent typhoon,5,0,741737,760964,0.0931,0.0168,0.0,80507,0,0,0
Goni,2020,Camarines Norte,PH051600000,Violent typhoon,5,1050,128679,129994,0.4591,0.1341,0.8895,38736,0,934,116
Goni,2020,Camarines Sur,PH051700000,Violent typhoon,5,24817,396642,400615,0.478,0.102,0.8152,169773,0,20232,4585
Goni,2020,Catanduanes,PH052000000,Violent typhoon,5,35105,53482,53814,0.4668,0.0861,0.6289,204229,0,22076,13029
Goni,2020,Cavite,PH042100000,Violent typhoon,5,1,851871,877743,0.1109,0.0265,1.0,12874,0,1,0
Goni,2020,Ifugao,PH142700000,Violent typhoon,5,0,43217,43281,0.4509,0.374,0.0,23,0,0,0
Goni,2020,Isabela,PH023100000,Violent typhoon,5,0,365099,372950,0.2136,0.0305,0.0,146,0,0,0
Goni,2020,Kalinga,PH143200000,Violent typhoon,5,0,41990,42115,0.3816,0.3494,0.0,8,0,0,0
Goni,2020,Laguna,PH043400000,Violent typhoon,5,240,731892,765513,0.1165,0.0428,0.8875,33630,0,213,27
Goni,2020,Marinduque,PH174000000,Violent typhoon,5,802,54341,54508,0.3564,0.0763,0.884,32343,0,709,93
Goni,2020,Masbate,PH054100000,Violent typhoon,5,2,187299,188013,0.6686,0.1199,1.0,41407,0,2,0
Goni,2020,Metro Manila,PH137600000,Violent typhoon,5,0,2558664,2660330,0.1101,0.0268,0.0,20446,0,0,0
Goni,2020,Mountain Province,PH144400000,Violent typhoon,5,0,34857,35038,0.2662,0.79,0.0,10,0,0,0
Goni,2020,Northern Samar,PH084800000,Violent typhoon,5,0,124909,126619,0.6455,0.1373,0.0,200,0,0,0
Goni,2020,Nueva Ecija,PH034900000,Violent typhoon,5,0,488461,496977,0.1968,0.0238,0.0,8453,0,0,0
Goni,2020,Nueva Vizcaya,PH025000000,Violent typhoon,5,0,108828,111340,0.3194,0.2707,0.0,451,0,0,0
Goni,2020,Occidental Mindoro,PH175100000,Violent typhoon,5,0,110275,111714,0.4695,0.0883,0.0,35879,0,0,0
Goni,2020,Oriental Mindoro,PH175200000,Violent typhoon,5,2,188988,190763,0.4002,0.1714,1.0,35545,0,2,0
Goni,2020,Palawan,PH175300000,Violent typhoon,5,0,255726,257321,0.6892,0.0904,0.0,1728,0,0,0
Goni,2020,Pampanga,PH035400000,Violent typhoon,5,0,561214,575301,0.0811,0.0175,0.0,174959,0,0,0
Goni,2020,Quezon,PH045600000,Violent typhoon,5,18314,475649,485673,0.3965,0.1048,0.9221,354852,0,16887,1427
Goni,2020,Quirino,PH025700000,Violent typhoon,5,0,43161,43506,0.344,0.1835,0.0,264,0,0,0
Goni,2020,Rizal,PH045800000,Violent typhoon,5,0,639940,652578,0.1486,0.052,0.0,12517,0,0,0
Goni,2020,Romblon,PH175900000,Violent typhoon,5,0,67971,68362,0.4938,0.1383,0.0,13351,0,0,0
Goni,2020,Sorsogon,PH056200000,Violent typhoon,5,8236,166106,166842,0.5304,0.1066,0.9457,160160,0,7789,447
Goni,2020,Tarlac,PH036900000,Violent typhoon,5,0,306044,311994,0.1496,0.0144,0.0,11413,0,0,0
Goni,2020,Zambales,PH037100000,Violent typhoon,5,0,195109,198666,0.1688,0.0601,0.0,2520,0,0,0
Krovanh,2020,Agusan del Norte,PH160200000,Tropical storm,1,0,151197,153815,0.6199,0.1163,0.0,6775,0,0,0
Krovanh,2020,Agusan del Sur,PH160300000,Tropical storm,1,338,151934,153653,0.7653,0.2844,0.0,82694,0,0,338
Krovanh,2020,Bohol,PH071200000,Tropical storm,1,0,286768,288515,0.4281,0.0975,0.0,60,0,0,0
Krovanh,2020,Cebu,PH072200000,Tropical storm,1,95,1058512,1077180,0.395,0.0779,0.3684,1900,0,35,60
Krovanh,2020,Davao Oriental,PH112500000,Tropical storm,1,0,126969,128558,0.6659,0.1668,0.0,20,0,0,0
Krovanh,2020,Davao de Oro,PH118200000,Tropical storm,1,1,167532,169441,0.5769,0.1876,1.0,1268,0,1,0
Krovanh,2020,Davao del Norte,PH112300000,Tropical storm,1,0,230520,233232,0.4832,0.3523,0.0,1530,0,0,0
Krovanh,2020,Dinagat Islands,PH168500000,Tropical storm,1,2,27902,28557,0.5835,0.094,0.0,10,0,0,2
Krovanh,2020,Leyte,PH083700000,Tropical storm,1,0,451667,455889,0.5322,0.0808,0.0,38,0,0,0
Krovanh,2020,Negros Oriental,PH074600000,Tropical storm,1,7,307894,310626,0.6078,0.1506,0.1429,638,0,1,6
Krovanh,2020,Surigao del Norte,PH166700000,Tropical storm,1,0,106660,108814,0.4934,0.0773,0.0,2232,0,0,0
Krovanh,2020,Surigao del Sur,PH166800000,Tropical storm,1,611,127802,129159,0.7409,0.1667,0.8838,78784,0,540,71
Molave,2020,Aklan,PH060400000,Very strong typhoon,4,0,132784,133679,0.4936,0.0925,0.0,0,0,0,0
Molave,2020,Albay,PH050500000,Very strong typhoon,4,12572,275601,277091,0.3791,0.0926,0.9513,19237,0,11960,612
Molave,2020,Antique,PH060600000,Very strong typhoon,4,59,128753,129771,0.5388,0.1886,0.9153,5022,0,54,5
Molave,2020,Apayao,PH148100000,Very strong typhoon,4,0,25418,25560,0.4634,0.2828,0.0,0,0,0,0
Molave,2020,Aurora,PH037700000,Very strong typhoon,4,0,49066,49410,0.4004,0.0823,0.0,218,0,0,0
Molave,2020,Batangas,PH041000000,Very strong typhoon,4,2561,597758,613825,0.1329,0.0416,0.9137,30319,0,2340,221
Molave,2020,Biliran,PH087800000,Very strong typhoon,4,2,38105,38518,0.4685,0.0367,0.0,399,0,0,2
Molave,2020,Bulacan,PH031400000,Very strong typhoon,4,0,741737,760964,0.0931,0.0168,0.0,117287,0,0,0
Molave,2020,Camarines Norte,PH051600000,Very strong typhoon,4,9,128679,129994,0.4591,0.1341,1.0,4218,0,9,0
Molave,2020,Camarines Sur,PH051700000,Very strong typhoon,4,9620,396642,400615,0.478,0.102,0.9517,78489,0,9155,465
Molave,2020,Capiz,PH061900000,Very strong typhoon,4,0,178303,179983,0.5324,0.1154,0.0,15,0,0,0
Molave,2020,Catanduanes,PH052000000,Very strong typhoon,4,1406,53482,53814,0.4668,0.0861,0.8265,55428,0,1162,244
Molave,2020,Cavite,PH042100000,Very strong typhoon,4,13,851871,877743,0.1109,0.0265,0.4615,631,0,6,7
Molave,2020,Iloilo,PH063000000,Very strong typhoon,4,30,524258,530649,0.503,0.1004,0.7667,18323,0,23,7
Molave,2020,Laguna,PH043400000,Very strong typhoon,4,17,731892,765513,0.1165,0.0428,1.0,5374,0,17,0
Molave,2020,Marinduque,PH174000000,Very strong typhoon,4,14141,54341,54508,0.3564,0.0763,0.9468,68971,0,13388,753
Molave,2020,Masbate,PH054100000,Very strong typhoon,4,1701,187299,188013,0.6686,0.1199,0.8895,17142,0,1513,188
Molave,2020,Metro Manila,PH137600000,Very strong typhoon,4,0,2558664,2660330,0.1101,0.0268,0.0,0,0,0,0
Molave,2020,Negros Occidental,PH064500000,Very strong typhoon,4,45,690110,701650,0.5036,0.1468,0.9333,2222,0,42,3
Molave,2020,Negros Oriental,PH074600000,Very strong typhoon,4,7,307894,310626,0.6078,0.1506,0.1429,5102,0,1,6
Molave,2020,Nueva Ecija,PH034900000,Very strong typhoon,4,0,488461,496977,0.1968,0.0238,0.0,5660,0,0,0
Molave,2020,Occidental Mindoro,PH175100000,Very strong typhoon,4,7516,110275,111714,0.4695,0.0883,0.7751,38472,0,5826,1690
Molave,2020,Oriental Mindoro,PH175200000,Very strong typhoon,4,37653,188988,190763,0.4002,0.1714,0.8844,146202,0,33299,4354
Molave,2020,Palawan,PH175300000,Very strong typhoon,4,0,255726,257321,0.6892,0.0904,0.0,656,0,0,0
Molave,2020,Pampanga,PH035400000,Very strong typhoon,4,0,561214,575301,0.0811,0.0175,0.0,154463,0,0,0
Molave,2020,Quezon,PH045600000,Very strong typhoon,4,5755,475649,485673,0.3965,0.1048,0.9018,69166,0,5190,565
Molave,2020,Rizal,PH045800000,Very strong typhoon,4,0,639940,652578,0.1486,0.052,0.0,55,0,0,0
Molave,2020,Romblon,PH175900000,Very strong typhoon,4,441,67971,68362,0.4938,0.1383,0.9615,5338,0,424,17
Molave,2020,Samar,PH086000000,Very strong typhoon,4,0,162886,165264,0.6584,0.116,0.0,0,0,0,0
Molave,2020,Sorsogon,PH056200000,Very strong typhoon,4,333,166106,166842,0.5304,0.1066,0.976,37315,0,325,8
Molave,2020,Tarlac,PH036900000,Very strong typhoon,4,0,306044,311994,0.1496,0.0144,0.0,2651,0,0,0
Molave,2020,Zambales,PH037100000,Very strong typhoon,4,0,195109,198666,0.1688,0.0601,0.0,0,0,0,0
Ofel,2020,Camarines Norte,PH051600000,Tropical depression,0,0,128679,129994,0.4591,0.1341,0.0,238,0,0,0
Ofel,2020,Camarines Sur,PH051700000,Tropical depression,0,0,396642,400615,0.478,0.102,0.0,522,0,0,0
Ofel,2020,Cebu,PH072200000,Tropical depression,0,7,1058512,1077180,0.395,0.0779,0.0,20330,0,0,7
Ofel,2020,Laguna,PH043400000,Tropical depression,0,0,731892,765513,0.1165,0.0428,0.0,651,0,0,0
Ofel,2020,Quezon,PH045600000,Tropical depression,0,0,475649,485673,0.3965,0.1048,0.0,4944,0,0,0
Saudel,2020,Aurora,PH037700000,Strong typhoon,3,0,49066,49410,0.4004,0.0823,0.0,1154,0,0,0
Saudel,2020,Benguet,PH141100000,Strong typhoon,3,1,193848,196825,0.0649,0.2411,1.0,3,0,1,0
Saudel,2020,Bulacan,PH031400000,Strong typhoon,3,0,741737,760964,0.0931,0.0168,0.0,23935,0,0,0
Saudel,2020,Cagayan,PH021500000,Strong typhoon,3,0,267472,271967,0.2809,0.0237,0.0,95,0,0,0
Saudel,2020,Isabela,PH023100000,Strong typhoon,3,0,365099,372950,0.2136,0.0305,0.0,1999,0,0,0
Saudel,2020,Laguna,PH043400000,Strong typhoon,3,0,731892,765513,0.1165,0.0428,0.0,9,0,0,0
Saudel,2020,Nueva Ecija,PH034900000,Strong typhoon,3,0,488461,496977,0.1968,0.0238,0.0,1533,0,0,0
Saudel,2020,Nueva Vizcaya,PH025000000,Strong typhoon,3,0,108828,111340,0.3194,0.2707,0.0,28,0,0,0
Saudel,2020,Pampanga,PH035400000,Strong typhoon,3,0,561214,575301,0.0811,0.0175,0.0,68467,0,0,0
Saudel,2020,Quezon,PH045600000,Strong typhoon,3,8,475649,485673,0.3965,0.1048,0.5,26396,0,4,4
Saudel,2020,Quirino,PH025700000,Strong typhoon,3,0,43161,43506,0.344,0.1835,0.0,141,0,0,0
Vamco,2020,Abra,PH140100000,Very strong typhoon,4,11,51593,52929,0.2792,0.338,1.0,416,1,11,0
Vamco,2020,Albay,PH050500000,Very strong typhoon,4,842,275601,277091,0.3791,0.0926,0.8979,217807,0,756,86
Vamco,2020,Apayao,PH148100000,Very strong typhoon,4,0,25418,25560,0.4634,0.2828,0.0,0,0,0,0
Vamco,2020,Aurora,PH037700000,Very strong typhoon,4,5941,49066,49410,0.4004,0.0823,0.9126,58609,0,5422,519
Vamco,2020,Bataan,PH030800000,Very strong typhoon,4,180,170152,173212,0.1275,0.0695,0.9167,12295,0,165,15
Vamco,2020,Batangas,PH041000000,Very strong typhoon,4,199,597758,613825,0.1329,0.0416,0.9648,13719,0,192,7
Vamco,2020,Benguet,PH141100000,Very strong typhoon,4,367,193848,196825,0.0649,0.2411,0.9428,1546,1,346,21
Vamco,2020,Bulacan,PH031400000,Very strong typhoon,4,32789,741737,760964,0.0931,0.0168,0.8831,1532103,3,28955,3834
Vamco,2020,Cagayan,PH021500000,Very strong typhoon,4,647,267472,271967,0.2809,0.0237,0.7342,464336,10,475,172
Vamco,2020,Camarines Norte,PH051600000,Very strong typhoon,4,33393,128679,129994,0.4591,0.1341,0.8663,298165,0,28930,4463
Vamco,2020,Camarines Sur,PH051700000,Very strong typhoon,4,60146,396642,400615,0.478,0.102,0.842,555339,0,50641,9505
Vamco,2020,Catanduanes,PH052000000,Very strong typhoon,4,0,53482,53814,0.4668,0.0861,0.0,9115,0,0,0
Vamco,2020,Cavite,PH042100000,Very strong typhoon,4,0,851871,877743,0.1109,0.0265,0.0,14881,3,0,0
Vamco,2020,Ifugao,PH142700000,Very strong typhoon,4,323,43217,43281,0.4509,0.374,0.9102,3440,12,294,29
Vamco,2020,Ilocos Norte,PH012800000,Very strong typhoon,4,11,131413,139336,0.1246,0.0415,1.0,5659,0,11,0
Vamco,2020,Isabela,PH023100000,Very strong typhoon,4,234,365099,372950,0.2136,0.0305,0.7094,426282,4,166,68
Vamco,2020,Kalinga,PH143200000,Very strong typhoon,4,111,41990,42115,0.3816,0.3494,0.991,1015,0,110,1
Vamco,2020,La Union,PH013300000,Very strong typhoon,4,11,174096,180675,0.1948,0.1305,0.9091,61,0,10,1
Vamco,2020,Laguna,PH043400000,Very strong typhoon,4,1740,731892,765513,0.1165,0.0428,0.881,50411,0,1533,207
Vamco,2020,Masbate,PH054100000,Very strong typhoon,4,85,187299,188013,0.6686,0.1199,0.4588,27390,0,39,46
Vamco,2020,Metro Manila,PH137600000,Very strong typhoon,4,31,2558664,2660330,0.1101,0.0268,0.0,54195,0,0,31
Vamco,2020,Mountain Province,PH144400000,Very strong typhoon,4,104,34857,35038,0.2662,0.79,1.0,615,0,104,0
Vamco,2020,Nueva Ecija,PH034900000,Very strong typhoon,4,20392,488461,496977,0.1968,0.0238,0.9102,295763,1,18560,1832
Vamco,2020,Nueva Vizcaya,PH025000000,Very strong typhoon,4,498,108828,111340,0.3194,0.2707,0.9458,15585,3,471,27
Vamco,2020,Occidental Mindoro,PH175100000,Very strong typhoon,4,0,110275,111714,0.4695,0.0883,0.0,4599,0,0,0
Vamco,2020,Oriental Mindoro,PH175200000,Very strong typhoon,4,0,188988,190763,0.4002,0.1714,0.0,3792,0,0,0
Vamco,2020,Pampanga,PH035400000,Very strong typhoon,4,11730,561214,575301,0.0811,0.0175,0.941,386929,1,11038,692
Vamco,2020,Pangasinan,PH015500000,Very strong typhoon,4,2934,654240,674575,0.244,0.0196,0.9598,101898,2,2816,118
Vamco,2020,Quezon,PH045600000,Very strong typhoon,4,22896,475649,485673,0.3965,0.1048,0.8987,308061,0,20577,2319
Vamco,2020,Quirino,PH025700000,Very strong typhoon,4,121,43161,43506,0.344,0.1835,0.1157,7072,3,14,107
Vamco,2020,Rizal,PH045800000,Very strong typhoon,4,5275,639940,652578,0.1486,0.052,0.6718,243885,6,3544,1731
Vamco,2020,Romblon,PH175900000,Very strong typhoon,4,0,67971,68362,0.4938,0.1383,0.0,292,0,0,0
Vamco,2020,Sorsogon,PH056200000,Very strong typhoon,4,30,166106,166842,0.5304,0.1066,0.9333,30505,0,28,2
Vamco,2020,Tarlac,PH036900000,Very strong typhoon,4,7688,306044,311994,0.1496,0.0144,0.9134,34973,0,7022,666
Vamco,2020,Zambales,PH037100000,Very strong typhoon,4,441,195109,198666,0.1688,0.0601,0.9751,4071,1,430,11
Vongfong,2020,Aurora,PH037700000,Very strong typhoon,4,0,49066,49410,0.4004,0.0823,0.0,3364,0,0,0
Vongfong,2020,Benguet,PH141100000,Very strong typhoon,4,0,193848,196825,0.0649,0.2411,0.0,132,0,0,0
Vongfong,2020,Bulacan,PH031400000,Very strong typhoon,4,6,741737,760964,0.0931,0.0168,0.3333,141,0,2,4
Vongfong,2020,Eastern Samar,PH082600000,Very strong typhoon,4,14061,105653,106292,0.6288,0.1017,0.7891,166473,0,11095,2966
Vongfong,2020,Ifugao,PH142700000,Very strong typhoon,4,0,43217,43281,0.4509,0.374,0.0,11,0,0,0
Vongfong,2020,Ilocos Norte,PH012800000,Very strong typhoon,4,0,131413,139336,0.1246,0.0415,0.0,6,0,0,0
Vongfong,2020,Northern Samar,PH084800000,Very strong typhoon,4,41831,124909,126619,0.6455,0.1373,0.8886,402481,0,37169,4662
Vongfong,2020,Nueva Vizcaya,PH025000000,Very strong typhoon,4,0,108828,111340,0.3194,0.2707,0.0,102,0,0,0
Vongfong,2020,Samar,PH086000000,Very strong typhoon,4,1371,162886,165264,0.6584,0.116,0.9869,5861,0,1353,18
